treat,ym,id
0,648,1
0,649,1
0,650,1
0,651,1
0,652,1
0,653,1
0,654,1
0,655,1
0,656,1
0,657,1
0,658,1
0,659,1
0,660,1
0,661,1
0,662,1
0,663,1
0,664,1
0,665,1
0,666,1
0,667,1
0,668,1
0,669,1
0,670,1
0,671,1
0,672,1
0,673,1
0,674,1
0,675,1
0,676,1
0,677,1
0,678,1
0,679,1
0,680,1
0,681,1
0,682,1
0,683,1
0,684,1
0,685,1
0,686,1
0,687,1
0,688,1
0,689,1
0,690,1
0,691,1
0,692,1
0,693,1
0,694,1
0,695,1
0,696,1
0,697,1
0,698,1
0,699,1
0,700,1
0,701,1
0,702,1
0,703,1
0,704,1
0,705,1
0,706,1
0,707,1
0,708,1
0,709,1
0,710,1
0,711,1
0,712,1
0,713,1
0,714,1
0,715,1
0,716,1
0,717,1
0,718,1
0,719,1
0,720,1
0,721,1
0,722,1
0,723,1
0,724,1
0,725,1
0,726,1
0,727,1
0,728,1
0,729,1
0,730,1
0,731,1
0,732,1
0,733,1
0,734,1
0,735,1
0,736,1
0,737,1
0,738,1
0,739,1
0,740,1
0,741,1
0,742,1
0,743,1
0,648,2
0,649,2
0,650,2
0,651,2
0,652,2
0,653,2
0,654,2
0,655,2
0,656,2
0,657,2
0,658,2
0,659,2
0,660,2
0,661,2
0,662,2
0,663,2
0,664,2
0,665,2
0,666,2
0,667,2
0,668,2
0,669,2
0,670,2
0,671,2
0,672,2
0,673,2
0,674,2
0,675,2
0,676,2
0,677,2
0,678,2
0,679,2
0,680,2
0,681,2
0,682,2
0,683,2
0,684,2
0,685,2
0,686,2
0,687,2
0,688,2
0,689,2
0,690,2
0,691,2
0,692,2
0,693,2
0,694,2
0,695,2
0,696,2
0,697,2
0,698,2
0,699,2
0,700,2
0,701,2
0,702,2
1,703,2
1,704,2
1,705,2
1,706,2
1,707,2
1,708,2
1,709,2
1,710,2
1,711,2
1,712,2
1,713,2
1,714,2
1,715,2
1,716,2
1,717,2
1,718,2
1,719,2
1,720,2
1,721,2
1,722,2
1,723,2
1,724,2
1,725,2
1,726,2
1,727,2
1,728,2
1,729,2
1,730,2
1,731,2
1,732,2
1,733,2
1,734,2
1,735,2
1,736,2
1,737,2
1,738,2
1,739,2
1,740,2
1,741,2
1,742,2
1,743,2
0,648,3
0,649,3
0,650,3
0,651,3
0,652,3
0,653,3
0,654,3
0,655,3
0,656,3
0,657,3
0,658,3
0,659,3
0,660,3
0,661,3
0,662,3
0,663,3
0,664,3
0,665,3
0,666,3
0,667,3
0,668,3
0,669,3
0,670,3
0,671,3
0,672,3
0,673,3
0,674,3
0,675,3
0,676,3
0,677,3
0,678,3
0,679,3
0,680,3
0,681,3
0,682,3
0,683,3
0,684,3
0,685,3
0,686,3
1,687,3
1,688,3
1,689,3
1,690,3
1,691,3
1,692,3
1,693,3
1,694,3
1,695,3
1,696,3
1,697,3
1,698,3
1,699,3
1,700,3
1,701,3
1,702,3
1,703,3
1,704,3
1,705,3
1,706,3
1,707,3
1,708,3
1,709,3
1,710,3
1,711,3
1,712,3
1,713,3
1,714,3
1,715,3
1,716,3
1,717,3
1,718,3
1,719,3
1,720,3
1,721,3
1,722,3
1,723,3
1,724,3
1,725,3
1,726,3
1,727,3
1,728,3
1,729,3
1,730,3
1,731,3
1,732,3
1,733,3
1,734,3
1,735,3
1,736,3
1,737,3
1,738,3
1,739,3
1,740,3
1,741,3
1,742,3
1,743,3
0,648,4
0,649,4
0,650,4
0,651,4
0,652,4
0,653,4
0,654,4
0,655,4
0,656,4
0,657,4
0,658,4
0,659,4
0,660,4
0,661,4
0,662,4
0,663,4
0,664,4
0,665,4
0,666,4
0,667,4
0,668,4
0,669,4
0,670,4
0,671,4
0,672,4
0,673,4
0,674,4
0,675,4
0,676,4
0,677,4
0,678,4
0,679,4
0,680,4
0,681,4
0,682,4
0,683,4
0,684,4
0,685,4
0,686,4
0,687,4
0,688,4
0,689,4
0,690,4
0,691,4
0,692,4
1,693,4
1,694,4
1,695,4
1,696,4
1,697,4
1,698,4
1,699,4
1,700,4
1,701,4
1,702,4
1,703,4
1,704,4
1,705,4
1,706,4
1,707,4
1,708,4
1,709,4
1,710,4
1,711,4
1,712,4
1,713,4
1,714,4
1,715,4
1,716,4
1,717,4
1,718,4
1,719,4
1,720,4
1,721,4
1,722,4
1,723,4
1,724,4
1,725,4
1,726,4
1,727,4
1,728,4
1,729,4
1,730,4
1,731,4
1,732,4
1,733,4
1,734,4
1,735,4
1,736,4
1,737,4
1,738,4
1,739,4
1,740,4
1,741,4
1,742,4
1,743,4
1,648,5
1,649,5
1,650,5
1,651,5
1,652,5
1,653,5
1,654,5
1,655,5
1,656,5
1,657,5
1,658,5
1,659,5
1,660,5
1,661,5
1,662,5
1,663,5
1,664,5
1,665,5
1,666,5
1,667,5
1,668,5
1,669,5
1,670,5
1,671,5
1,672,5
1,673,5
1,674,5
1,675,5
1,676,5
1,677,5
1,678,5
1,679,5
1,680,5
1,681,5
1,682,5
1,683,5
1,684,5
1,685,5
1,686,5
1,687,5
1,688,5
1,689,5
1,690,5
1,691,5
1,692,5
1,693,5
1,694,5
1,695,5
1,696,5
1,697,5
1,698,5
1,699,5
1,700,5
1,701,5
1,702,5
1,703,5
1,704,5
1,705,5
1,706,5
1,707,5
1,708,5
1,709,5
1,710,5
1,711,5
1,712,5
1,713,5
1,714,5
1,715,5
1,716,5
1,717,5
1,718,5
1,719,5
1,720,5
1,721,5
1,722,5
1,723,5
1,724,5
1,725,5
1,726,5
1,727,5
1,728,5
1,729,5
1,730,5
1,731,5
1,732,5
1,733,5
1,734,5
1,735,5
1,736,5
1,737,5
1,738,5
1,739,5
1,740,5
1,741,5
1,742,5
1,743,5
0,648,6
0,649,6
0,650,6
0,651,6
0,652,6
0,653,6
0,654,6
0,655,6
0,656,6
0,657,6
0,658,6
0,659,6
0,660,6
0,661,6
0,662,6
0,663,6
0,664,6
1,665,6
1,666,6
1,667,6
1,668,6
1,669,6
1,670,6
1,671,6
1,672,6
1,673,6
1,674,6
1,675,6
1,676,6
1,677,6
1,678,6
1,679,6
1,680,6
1,681,6
1,682,6
1,683,6
1,684,6
1,685,6
1,686,6
1,687,6
1,688,6
1,689,6
1,690,6
1,691,6
1,692,6
1,693,6
1,694,6
1,695,6
1,696,6
1,697,6
1,698,6
1,699,6
1,700,6
1,701,6
1,702,6
1,703,6
1,704,6
1,705,6
1,706,6
1,707,6
1,708,6
1,709,6
1,710,6
1,711,6
1,712,6
1,713,6
1,714,6
1,715,6
1,716,6
1,717,6
1,718,6
1,719,6
1,720,6
1,721,6
1,722,6
1,723,6
1,724,6
1,725,6
1,726,6
1,727,6
1,728,6
1,729,6
1,730,6
1,731,6
1,732,6
1,733,6
1,734,6
1,735,6
1,736,6
1,737,6
1,738,6
1,739,6
1,740,6
1,741,6
1,742,6
1,743,6
1,648,7
1,649,7
1,650,7
1,651,7
1,652,7
1,653,7
1,654,7
1,655,7
1,656,7
1,657,7
1,658,7
1,659,7
1,660,7
1,661,7
1,662,7
1,663,7
1,664,7
1,665,7
1,666,7
1,667,7
1,668,7
1,669,7
1,670,7
1,671,7
1,672,7
1,673,7
1,674,7
1,675,7
1,676,7
1,677,7
1,678,7
1,679,7
1,680,7
1,681,7
1,682,7
1,683,7
1,684,7
1,685,7
1,686,7
1,687,7
1,688,7
1,689,7
1,690,7
1,691,7
1,692,7
1,693,7
1,694,7
1,695,7
1,696,7
1,697,7
1,698,7
1,699,7
1,700,7
1,701,7
1,702,7
1,703,7
1,704,7
1,705,7
1,706,7
1,707,7
1,708,7
1,709,7
1,710,7
1,711,7
1,712,7
1,713,7
1,714,7
1,715,7
1,716,7
1,717,7
1,718,7
1,719,7
1,720,7
1,721,7
1,722,7
1,723,7
1,724,7
1,725,7
1,726,7
1,727,7
1,728,7
1,729,7
1,730,7
1,731,7
1,732,7
1,733,7
1,734,7
1,735,7
1,736,7
1,737,7
1,738,7
1,739,7
1,740,7
1,741,7
1,742,7
1,743,7
0,648,8
0,649,8
0,650,8
0,651,8
0,652,8
0,653,8
0,654,8
0,655,8
0,656,8
0,657,8
0,658,8
0,659,8
0,660,8
0,661,8
0,662,8
0,663,8
0,664,8
0,665,8
0,666,8
0,667,8
0,668,8
0,669,8
0,670,8
0,671,8
0,672,8
0,673,8
0,674,8
0,675,8
1,676,8
1,677,8
1,678,8
1,679,8
1,680,8
1,681,8
1,682,8
1,683,8
1,684,8
1,685,8
1,686,8
1,687,8
1,688,8
1,689,8
1,690,8
1,691,8
1,692,8
1,693,8
1,694,8
1,695,8
1,696,8
1,697,8
1,698,8
1,699,8
1,700,8
1,701,8
1,702,8
1,703,8
1,704,8
1,705,8
1,706,8
1,707,8
1,708,8
1,709,8
1,710,8
1,711,8
1,712,8
1,713,8
1,714,8
1,715,8
1,716,8
1,717,8
1,718,8
1,719,8
1,720,8
1,721,8
1,722,8
1,723,8
1,724,8
1,725,8
1,726,8
1,727,8
1,728,8
1,729,8
1,730,8
1,731,8
1,732,8
1,733,8
1,734,8
1,735,8
1,736,8
1,737,8
1,738,8
1,739,8
1,740,8
1,741,8
1,742,8
1,743,8
0,648,9
0,649,9
0,650,9
0,651,9
0,652,9
0,653,9
0,654,9
0,655,9
0,656,9
0,657,9
0,658,9
0,659,9
0,660,9
0,661,9
0,662,9
0,663,9
0,664,9
0,665,9
0,666,9
0,667,9
0,668,9
0,669,9
0,670,9
0,671,9
0,672,9
0,673,9
0,674,9
0,675,9
0,676,9
0,677,9
0,678,9
0,679,9
0,680,9
0,681,9
0,682,9
0,683,9
0,684,9
0,685,9
0,686,9
0,687,9
0,688,9
0,689,9
0,690,9
0,691,9
0,692,9
0,693,9
0,694,9
0,695,9
0,696,9
0,697,9
0,698,9
0,699,9
0,700,9
0,701,9
0,702,9
0,703,9
0,704,9
0,705,9
0,706,9
0,707,9
0,708,9
0,709,9
0,710,9
0,711,9
0,712,9
0,713,9
0,714,9
0,715,9
0,716,9
0,717,9
0,718,9
0,719,9
0,720,9
0,721,9
0,722,9
0,723,9
0,724,9
0,725,9
0,726,9
0,727,9
0,728,9
0,729,9
0,730,9
0,731,9
0,732,9
0,733,9
0,734,9
0,735,9
0,736,9
1,737,9
1,738,9
1,739,9
1,740,9
1,741,9
1,742,9
1,743,9
1,648,10
1,649,10
1,650,10
1,651,10
1,652,10
1,653,10
1,654,10
1,655,10
1,656,10
1,657,10
1,658,10
1,659,10
1,660,10
1,661,10
1,662,10
1,663,10
1,664,10
1,665,10
1,666,10
1,667,10
1,668,10
1,669,10
1,670,10
1,671,10
1,672,10
1,673,10
1,674,10
1,675,10
1,676,10
1,677,10
1,678,10
1,679,10
1,680,10
1,681,10
1,682,10
1,683,10
1,684,10
1,685,10
1,686,10
1,687,10
1,688,10
1,689,10
1,690,10
1,691,10
1,692,10
1,693,10
1,694,10
1,695,10
1,696,10
1,697,10
1,698,10
1,699,10
1,700,10
1,701,10
1,702,10
1,703,10
1,704,10
1,705,10
1,706,10
1,707,10
1,708,10
1,709,10
1,710,10
1,711,10
1,712,10
1,713,10
1,714,10
1,715,10
1,716,10
1,717,10
1,718,10
1,719,10
1,720,10
1,721,10
1,722,10
1,723,10
1,724,10
1,725,10
1,726,10
1,727,10
1,728,10
1,729,10
1,730,10
1,731,10
1,732,10
1,733,10
1,734,10
1,735,10
1,736,10
1,737,10
1,738,10
1,739,10
1,740,10
1,741,10
1,742,10
1,743,10
0,648,11
0,649,11
0,650,11
0,651,11
0,652,11
0,653,11
0,654,11
0,655,11
0,656,11
0,657,11
0,658,11
0,659,11
0,660,11
0,661,11
0,662,11
0,663,11
0,664,11
0,665,11
0,666,11
0,667,11
0,668,11
0,669,11
0,670,11
0,671,11
0,672,11
0,673,11
0,674,11
0,675,11
0,676,11
0,677,11
0,678,11
0,679,11
0,680,11
0,681,11
0,682,11
0,683,11
0,684,11
0,685,11
0,686,11
0,687,11
0,688,11
0,689,11
0,690,11
0,691,11
0,692,11
0,693,11
0,694,11
0,695,11
0,696,11
0,697,11
0,698,11
0,699,11
0,700,11
0,701,11
0,702,11
0,703,11
0,704,11
0,705,11
0,706,11
0,707,11
0,708,11
0,709,11
0,710,11
0,711,11
0,712,11
0,713,11
0,714,11
0,715,11
0,716,11
0,717,11
0,718,11
0,719,11
0,720,11
0,721,11
0,722,11
0,723,11
0,724,11
0,725,11
0,726,11
0,727,11
0,728,11
0,729,11
0,730,11
0,731,11
0,732,11
0,733,11
0,734,11
0,735,11
0,736,11
0,737,11
1,738,11
1,739,11
1,740,11
1,741,11
1,742,11
1,743,11
0,648,12
0,649,12
0,650,12
0,651,12
0,652,12
0,653,12
0,654,12
0,655,12
0,656,12
0,657,12
0,658,12
0,659,12
0,660,12
0,661,12
0,662,12
0,663,12
0,664,12
0,665,12
0,666,12
0,667,12
0,668,12
0,669,12
0,670,12
0,671,12
0,672,12
1,673,12
1,674,12
1,675,12
1,676,12
1,677,12
1,678,12
1,679,12
1,680,12
1,681,12
1,682,12
1,683,12
1,684,12
1,685,12
1,686,12
1,687,12
1,688,12
1,689,12
1,690,12
1,691,12
1,692,12
1,693,12
1,694,12
1,695,12
1,696,12
1,697,12
1,698,12
1,699,12
1,700,12
1,701,12
1,702,12
1,703,12
1,704,12
1,705,12
1,706,12
1,707,12
1,708,12
1,709,12
1,710,12
1,711,12
1,712,12
1,713,12
1,714,12
1,715,12
1,716,12
1,717,12
1,718,12
1,719,12
1,720,12
1,721,12
1,722,12
1,723,12
1,724,12
1,725,12
1,726,12
1,727,12
1,728,12
1,729,12
1,730,12
1,731,12
1,732,12
1,733,12
1,734,12
1,735,12
1,736,12
1,737,12
1,738,12
1,739,12
1,740,12
1,741,12
1,742,12
1,743,12
0,648,13
0,649,13
0,650,13
0,651,13
1,652,13
1,653,13
1,654,13
1,655,13
1,656,13
1,657,13
1,658,13
1,659,13
1,660,13
1,661,13
1,662,13
1,663,13
1,664,13
1,665,13
1,666,13
1,667,13
1,668,13
1,669,13
1,670,13
1,671,13
1,672,13
1,673,13
1,674,13
1,675,13
1,676,13
1,677,13
1,678,13
1,679,13
1,680,13
1,681,13
1,682,13
1,683,13
1,684,13
1,685,13
1,686,13
1,687,13
1,688,13
1,689,13
1,690,13
1,691,13
1,692,13
1,693,13
1,694,13
1,695,13
1,696,13
1,697,13
1,698,13
1,699,13
1,700,13
1,701,13
1,702,13
1,703,13
1,704,13
1,705,13
1,706,13
1,707,13
1,708,13
1,709,13
1,710,13
1,711,13
1,712,13
1,713,13
1,714,13
1,715,13
1,716,13
1,717,13
1,718,13
1,719,13
1,720,13
1,721,13
1,722,13
1,723,13
1,724,13
1,725,13
1,726,13
1,727,13
1,728,13
1,729,13
1,730,13
1,731,13
1,732,13
1,733,13
1,734,13
1,735,13
1,736,13
1,737,13
1,738,13
1,739,13
1,740,13
1,741,13
1,742,13
1,743,13
0,648,14
0,649,14
0,650,14
0,651,14
0,652,14
0,653,14
0,654,14
0,655,14
0,656,14
0,657,14
0,658,14
0,659,14
0,660,14
0,661,14
0,662,14
0,663,14
0,664,14
0,665,14
0,666,14
0,667,14
0,668,14
0,669,14
0,670,14
0,671,14
0,672,14
0,673,14
0,674,14
0,675,14
0,676,14
0,677,14
0,678,14
0,679,14
0,680,14
0,681,14
0,682,14
0,683,14
0,684,14
0,685,14
0,686,14
0,687,14
0,688,14
0,689,14
0,690,14
0,691,14
0,692,14
0,693,14
0,694,14
0,695,14
0,696,14
0,697,14
0,698,14
0,699,14
0,700,14
0,701,14
0,702,14
0,703,14
0,704,14
0,705,14
0,706,14
0,707,14
0,708,14
0,709,14
0,710,14
0,711,14
0,712,14
0,713,14
0,714,14
1,715,14
1,716,14
1,717,14
1,718,14
1,719,14
1,720,14
1,721,14
1,722,14
1,723,14
1,724,14
1,725,14
1,726,14
1,727,14
1,728,14
1,729,14
1,730,14
1,731,14
1,732,14
1,733,14
1,734,14
1,735,14
1,736,14
1,737,14
1,738,14
1,739,14
1,740,14
1,741,14
1,742,14
1,743,14
0,648,15
0,649,15
0,650,15
0,651,15
0,652,15
0,653,15
0,654,15
0,655,15
0,656,15
0,657,15
0,658,15
0,659,15
0,660,15
0,661,15
0,662,15
0,663,15
0,664,15
0,665,15
0,666,15
0,667,15
0,668,15
0,669,15
0,670,15
0,671,15
0,672,15
0,673,15
0,674,15
0,675,15
0,676,15
0,677,15
0,678,15
0,679,15
0,680,15
0,681,15
0,682,15
0,683,15
0,684,15
0,685,15
0,686,15
0,687,15
0,688,15
0,689,15
0,690,15
0,691,15
0,692,15
0,693,15
0,694,15
0,695,15
0,696,15
0,697,15
0,698,15
0,699,15
0,700,15
0,701,15
0,702,15
0,703,15
0,704,15
0,705,15
0,706,15
0,707,15
0,708,15
0,709,15
0,710,15
0,711,15
0,712,15
0,713,15
0,714,15
0,715,15
0,716,15
0,717,15
0,718,15
0,719,15
0,720,15
0,721,15
0,722,15
0,723,15
0,724,15
0,725,15
0,726,15
0,727,15
1,728,15
1,729,15
1,730,15
1,731,15
1,732,15
1,733,15
1,734,15
1,735,15
1,736,15
1,737,15
1,738,15
1,739,15
1,740,15
1,741,15
1,742,15
1,743,15
0,648,16
0,649,16
0,650,16
0,651,16
0,652,16
0,653,16
0,654,16
0,655,16
0,656,16
0,657,16
0,658,16
0,659,16
0,660,16
0,661,16
0,662,16
0,663,16
0,664,16
0,665,16
0,666,16
0,667,16
0,668,16
0,669,16
0,670,16
0,671,16
0,672,16
0,673,16
0,674,16
0,675,16
0,676,16
0,677,16
0,678,16
0,679,16
0,680,16
0,681,16
0,682,16
0,683,16
0,684,16
0,685,16
0,686,16
1,687,16
1,688,16
1,689,16
1,690,16
1,691,16
1,692,16
1,693,16
1,694,16
1,695,16
1,696,16
1,697,16
1,698,16
1,699,16
1,700,16
1,701,16
1,702,16
1,703,16
1,704,16
1,705,16
1,706,16
1,707,16
1,708,16
1,709,16
1,710,16
1,711,16
1,712,16
1,713,16
1,714,16
1,715,16
1,716,16
1,717,16
1,718,16
1,719,16
1,720,16
1,721,16
1,722,16
1,723,16
1,724,16
1,725,16
1,726,16
1,727,16
1,728,16
1,729,16
1,730,16
1,731,16
1,732,16
1,733,16
1,734,16
1,735,16
1,736,16
1,737,16
1,738,16
1,739,16
1,740,16
1,741,16
1,742,16
1,743,16
0,648,17
0,649,17
0,650,17
0,651,17
0,652,17
0,653,17
0,654,17
0,655,17
0,656,17
0,657,17
0,658,17
0,659,17
0,660,17
0,661,17
0,662,17
0,663,17
0,664,17
0,665,17
0,666,17
0,667,17
0,668,17
0,669,17
0,670,17
0,671,17
0,672,17
0,673,17
0,674,17
0,675,17
0,676,17
0,677,17
0,678,17
0,679,17
0,680,17
0,681,17
0,682,17
0,683,17
0,684,17
0,685,17
0,686,17
0,687,17
0,688,17
0,689,17
0,690,17
0,691,17
0,692,17
0,693,17
0,694,17
0,695,17
0,696,17
0,697,17
0,698,17
0,699,17
0,700,17
0,701,17
0,702,17
0,703,17
0,704,17
0,705,17
0,706,17
0,707,17
0,708,17
0,709,17
0,710,17
0,711,17
0,712,17
0,713,17
0,714,17
0,715,17
0,716,17
0,717,17
0,718,17
0,719,17
0,720,17
0,721,17
0,722,17
0,723,17
0,724,17
0,725,17
0,726,17
1,727,17
1,728,17
1,729,17
1,730,17
1,731,17
1,732,17
1,733,17
1,734,17
1,735,17
1,736,17
1,737,17
1,738,17
1,739,17
1,740,17
1,741,17
1,742,17
1,743,17
0,648,18
0,649,18
0,650,18
0,651,18
0,652,18
0,653,18
0,654,18
0,655,18
0,656,18
0,657,18
0,658,18
0,659,18
0,660,18
0,661,18
0,662,18
0,663,18
0,664,18
0,665,18
0,666,18
0,667,18
0,668,18
0,669,18
0,670,18
0,671,18
0,672,18
0,673,18
0,674,18
0,675,18
0,676,18
0,677,18
0,678,18
0,679,18
0,680,18
0,681,18
0,682,18
0,683,18
0,684,18
0,685,18
0,686,18
0,687,18
0,688,18
0,689,18
0,690,18
0,691,18
0,692,18
0,693,18
0,694,18
0,695,18
0,696,18
0,697,18
0,698,18
0,699,18
0,700,18
0,701,18
0,702,18
0,703,18
0,704,18
0,705,18
0,706,18
0,707,18
0,708,18
0,709,18
0,710,18
0,711,18
0,712,18
0,713,18
0,714,18
0,715,18
0,716,18
0,717,18
0,718,18
0,719,18
0,720,18
0,721,18
0,722,18
0,723,18
0,724,18
0,725,18
0,726,18
0,727,18
1,728,18
1,729,18
1,730,18
1,731,18
1,732,18
1,733,18
1,734,18
1,735,18
1,736,18
1,737,18
1,738,18
1,739,18
1,740,18
1,741,18
1,742,18
1,743,18
0,648,19
0,649,19
0,650,19
0,651,19
0,652,19
0,653,19
0,654,19
0,655,19
0,656,19
0,657,19
0,658,19
0,659,19
0,660,19
0,661,19
0,662,19
0,663,19
0,664,19
0,665,19
0,666,19
0,667,19
0,668,19
0,669,19
0,670,19
0,671,19
0,672,19
0,673,19
0,674,19
0,675,19
0,676,19
0,677,19
0,678,19
0,679,19
0,680,19
0,681,19
0,682,19
0,683,19
0,684,19
0,685,19
0,686,19
0,687,19
0,688,19
0,689,19
0,690,19
0,691,19
0,692,19
0,693,19
0,694,19
0,695,19
0,696,19
0,697,19
0,698,19
0,699,19
0,700,19
0,701,19
0,702,19
0,703,19
0,704,19
0,705,19
0,706,19
0,707,19
0,708,19
0,709,19
0,710,19
0,711,19
0,712,19
0,713,19
0,714,19
0,715,19
0,716,19
0,717,19
0,718,19
0,719,19
0,720,19
0,721,19
0,722,19
0,723,19
0,724,19
0,725,19
0,726,19
0,727,19
1,728,19
1,729,19
1,730,19
1,731,19
1,732,19
1,733,19
1,734,19
1,735,19
1,736,19
1,737,19
1,738,19
1,739,19
1,740,19
1,741,19
1,742,19
1,743,19
0,648,20
0,649,20
0,650,20
0,651,20
0,652,20
0,653,20
0,654,20
0,655,20
0,656,20
0,657,20
0,658,20
0,659,20
0,660,20
0,661,20
0,662,20
0,663,20
0,664,20
0,665,20
0,666,20
0,667,20
0,668,20
0,669,20
0,670,20
0,671,20
0,672,20
0,673,20
0,674,20
0,675,20
0,676,20
0,677,20
0,678,20
0,679,20
0,680,20
0,681,20
0,682,20
0,683,20
0,684,20
0,685,20
0,686,20
0,687,20
0,688,20
1,689,20
1,690,20
1,691,20
1,692,20
1,693,20
1,694,20
1,695,20
1,696,20
1,697,20
1,698,20
1,699,20
1,700,20
1,701,20
1,702,20
1,703,20
1,704,20
1,705,20
1,706,20
1,707,20
1,708,20
1,709,20
1,710,20
1,711,20
1,712,20
1,713,20
1,714,20
1,715,20
1,716,20
1,717,20
1,718,20
1,719,20
1,720,20
1,721,20
1,722,20
1,723,20
1,724,20
1,725,20
1,726,20
1,727,20
1,728,20
1,729,20
1,730,20
1,731,20
1,732,20
1,733,20
1,734,20
1,735,20
1,736,20
1,737,20
1,738,20
1,739,20
1,740,20
1,741,20
1,742,20
1,743,20
0,648,21
0,649,21
0,650,21
0,651,21
0,652,21
0,653,21
0,654,21
0,655,21
0,656,21
0,657,21
0,658,21
0,659,21
0,660,21
0,661,21
0,662,21
0,663,21
0,664,21
0,665,21
0,666,21
0,667,21
0,668,21
0,669,21
0,670,21
0,671,21
0,672,21
0,673,21
0,674,21
0,675,21
0,676,21
0,677,21
0,678,21
0,679,21
0,680,21
0,681,21
0,682,21
0,683,21
0,684,21
0,685,21
0,686,21
0,687,21
0,688,21
0,689,21
0,690,21
0,691,21
0,692,21
0,693,21
0,694,21
1,695,21
1,696,21
1,697,21
1,698,21
1,699,21
1,700,21
1,701,21
1,702,21
1,703,21
1,704,21
1,705,21
1,706,21
1,707,21
1,708,21
1,709,21
1,710,21
1,711,21
1,712,21
1,713,21
1,714,21
1,715,21
1,716,21
1,717,21
1,718,21
1,719,21
1,720,21
1,721,21
1,722,21
1,723,21
1,724,21
1,725,21
1,726,21
1,727,21
1,728,21
1,729,21
1,730,21
1,731,21
1,732,21
1,733,21
1,734,21
1,735,21
1,736,21
1,737,21
1,738,21
1,739,21
1,740,21
1,741,21
1,742,21
1,743,21
0,648,22
0,649,22
0,650,22
0,651,22
0,652,22
0,653,22
0,654,22
0,655,22
0,656,22
0,657,22
0,658,22
0,659,22
0,660,22
0,661,22
0,662,22
0,663,22
0,664,22
1,665,22
1,666,22
1,667,22
1,668,22
1,669,22
1,670,22
1,671,22
1,672,22
1,673,22
1,674,22
1,675,22
1,676,22
1,677,22
1,678,22
1,679,22
1,680,22
1,681,22
1,682,22
1,683,22
1,684,22
1,685,22
1,686,22
1,687,22
1,688,22
1,689,22
1,690,22
1,691,22
1,692,22
1,693,22
1,694,22
1,695,22
1,696,22
1,697,22
1,698,22
1,699,22
1,700,22
1,701,22
1,702,22
1,703,22
1,704,22
1,705,22
1,706,22
1,707,22
1,708,22
1,709,22
1,710,22
1,711,22
1,712,22
1,713,22
1,714,22
1,715,22
1,716,22
1,717,22
1,718,22
1,719,22
1,720,22
1,721,22
1,722,22
1,723,22
1,724,22
1,725,22
1,726,22
1,727,22
1,728,22
1,729,22
1,730,22
1,731,22
1,732,22
1,733,22
1,734,22
1,735,22
1,736,22
1,737,22
1,738,22
1,739,22
1,740,22
1,741,22
1,742,22
1,743,22
0,648,23
0,649,23
0,650,23
0,651,23
0,652,23
0,653,23
0,654,23
0,655,23
0,656,23
0,657,23
0,658,23
0,659,23
0,660,23
0,661,23
0,662,23
0,663,23
0,664,23
0,665,23
0,666,23
0,667,23
0,668,23
0,669,23
0,670,23
0,671,23
0,672,23
0,673,23
1,674,23
1,675,23
1,676,23
1,677,23
1,678,23
1,679,23
1,680,23
1,681,23
1,682,23
1,683,23
1,684,23
1,685,23
1,686,23
1,687,23
1,688,23
1,689,23
1,690,23
1,691,23
1,692,23
1,693,23
1,694,23
1,695,23
1,696,23
1,697,23
1,698,23
1,699,23
1,700,23
1,701,23
1,702,23
1,703,23
1,704,23
1,705,23
1,706,23
1,707,23
1,708,23
1,709,23
1,710,23
1,711,23
1,712,23
1,713,23
1,714,23
1,715,23
1,716,23
1,717,23
1,718,23
1,719,23
1,720,23
1,721,23
1,722,23
1,723,23
1,724,23
1,725,23
1,726,23
1,727,23
1,728,23
1,729,23
1,730,23
1,731,23
1,732,23
1,733,23
1,734,23
1,735,23
1,736,23
1,737,23
1,738,23
1,739,23
1,740,23
1,741,23
1,742,23
1,743,23
0,648,24
0,649,24
0,650,24
0,651,24
0,652,24
0,653,24
0,654,24
0,655,24
0,656,24
0,657,24
0,658,24
0,659,24
0,660,24
0,661,24
0,662,24
0,663,24
0,664,24
0,665,24
0,666,24
0,667,24
0,668,24
0,669,24
0,670,24
0,671,24
0,672,24
0,673,24
0,674,24
0,675,24
0,676,24
0,677,24
0,678,24
0,679,24
0,680,24
0,681,24
0,682,24
0,683,24
0,684,24
0,685,24
0,686,24
0,687,24
0,688,24
0,689,24
0,690,24
0,691,24
0,692,24
1,693,24
1,694,24
1,695,24
1,696,24
1,697,24
1,698,24
1,699,24
1,700,24
1,701,24
1,702,24
1,703,24
1,704,24
1,705,24
1,706,24
1,707,24
1,708,24
1,709,24
1,710,24
1,711,24
1,712,24
1,713,24
1,714,24
1,715,24
1,716,24
1,717,24
1,718,24
1,719,24
1,720,24
1,721,24
1,722,24
1,723,24
1,724,24
1,725,24
1,726,24
1,727,24
1,728,24
1,729,24
1,730,24
1,731,24
1,732,24
1,733,24
1,734,24
1,735,24
1,736,24
1,737,24
1,738,24
1,739,24
1,740,24
1,741,24
1,742,24
1,743,24
0,648,25
0,649,25
0,650,25
0,651,25
0,652,25
0,653,25
0,654,25
0,655,25
0,656,25
0,657,25
0,658,25
0,659,25
0,660,25
0,661,25
0,662,25
0,663,25
0,664,25
0,665,25
0,666,25
0,667,25
0,668,25
0,669,25
0,670,25
0,671,25
0,672,25
0,673,25
0,674,25
0,675,25
0,676,25
0,677,25
0,678,25
0,679,25
0,680,25
0,681,25
0,682,25
0,683,25
0,684,25
0,685,25
0,686,25
0,687,25
0,688,25
0,689,25
0,690,25
0,691,25
0,692,25
0,693,25
0,694,25
0,695,25
0,696,25
0,697,25
0,698,25
0,699,25
0,700,25
0,701,25
0,702,25
0,703,25
0,704,25
0,705,25
0,706,25
0,707,25
0,708,25
0,709,25
0,710,25
0,711,25
0,712,25
0,713,25
0,714,25
0,715,25
0,716,25
0,717,25
0,718,25
0,719,25
0,720,25
0,721,25
0,722,25
0,723,25
0,724,25
0,725,25
0,726,25
0,727,25
0,728,25
0,729,25
0,730,25
0,731,25
0,732,25
0,733,25
0,734,25
0,735,25
0,736,25
0,737,25
0,738,25
0,739,25
0,740,25
0,741,25
0,742,25
0,743,25
0,648,26
0,649,26
0,650,26
0,651,26
0,652,26
0,653,26
0,654,26
0,655,26
0,656,26
0,657,26
0,658,26
0,659,26
0,660,26
0,661,26
0,662,26
0,663,26
0,664,26
0,665,26
0,666,26
0,667,26
0,668,26
0,669,26
0,670,26
0,671,26
0,672,26
0,673,26
0,674,26
0,675,26
0,676,26
0,677,26
0,678,26
0,679,26
0,680,26
0,681,26
0,682,26
0,683,26
0,684,26
0,685,26
0,686,26
0,687,26
0,688,26
0,689,26
0,690,26
0,691,26
0,692,26
0,693,26
0,694,26
1,695,26
1,696,26
1,697,26
1,698,26
1,699,26
1,700,26
1,701,26
1,702,26
1,703,26
1,704,26
1,705,26
1,706,26
1,707,26
1,708,26
1,709,26
1,710,26
1,711,26
1,712,26
1,713,26
1,714,26
1,715,26
1,716,26
1,717,26
1,718,26
1,719,26
1,720,26
1,721,26
1,722,26
1,723,26
1,724,26
1,725,26
1,726,26
1,727,26
1,728,26
1,729,26
1,730,26
1,731,26
1,732,26
1,733,26
1,734,26
1,735,26
1,736,26
1,737,26
1,738,26
1,739,26
1,740,26
1,741,26
1,742,26
1,743,26
1,648,27
1,649,27
1,650,27
1,651,27
1,652,27
1,653,27
1,654,27
1,655,27
1,656,27
1,657,27
1,658,27
1,659,27
1,660,27
1,661,27
1,662,27
1,663,27
1,664,27
1,665,27
1,666,27
1,667,27
1,668,27
1,669,27
1,670,27
1,671,27
1,672,27
1,673,27
1,674,27
1,675,27
1,676,27
1,677,27
1,678,27
1,679,27
1,680,27
1,681,27
1,682,27
1,683,27
1,684,27
1,685,27
1,686,27
1,687,27
1,688,27
1,689,27
1,690,27
1,691,27
1,692,27
1,693,27
1,694,27
1,695,27
1,696,27
1,697,27
1,698,27
1,699,27
1,700,27
1,701,27
1,702,27
1,703,27
1,704,27
1,705,27
1,706,27
1,707,27
1,708,27
1,709,27
1,710,27
1,711,27
1,712,27
1,713,27
1,714,27
1,715,27
1,716,27
1,717,27
1,718,27
1,719,27
1,720,27
1,721,27
1,722,27
1,723,27
1,724,27
1,725,27
1,726,27
1,727,27
1,728,27
1,729,27
1,730,27
1,731,27
1,732,27
1,733,27
1,734,27
1,735,27
1,736,27
1,737,27
1,738,27
1,739,27
1,740,27
1,741,27
1,742,27
1,743,27
0,648,28
0,649,28
0,650,28
0,651,28
0,652,28
0,653,28
0,654,28
0,655,28
0,656,28
0,657,28
0,658,28
0,659,28
0,660,28
0,661,28
0,662,28
0,663,28
0,664,28
0,665,28
0,666,28
0,667,28
0,668,28
0,669,28
0,670,28
0,671,28
0,672,28
0,673,28
0,674,28
0,675,28
0,676,28
0,677,28
0,678,28
0,679,28
0,680,28
0,681,28
0,682,28
0,683,28
0,684,28
0,685,28
0,686,28
0,687,28
0,688,28
0,689,28
0,690,28
0,691,28
0,692,28
0,693,28
0,694,28
0,695,28
0,696,28
0,697,28
0,698,28
0,699,28
0,700,28
0,701,28
0,702,28
0,703,28
1,704,28
1,705,28
1,706,28
1,707,28
1,708,28
1,709,28
1,710,28
1,711,28
1,712,28
1,713,28
1,714,28
1,715,28
1,716,28
1,717,28
1,718,28
1,719,28
1,720,28
1,721,28
1,722,28
1,723,28
1,724,28
1,725,28
1,726,28
1,727,28
1,728,28
1,729,28
1,730,28
1,731,28
1,732,28
1,733,28
1,734,28
1,735,28
1,736,28
1,737,28
1,738,28
1,739,28
1,740,28
1,741,28
1,742,28
1,743,28
0,648,29
0,649,29
0,650,29
0,651,29
0,652,29
0,653,29
0,654,29
0,655,29
0,656,29
0,657,29
0,658,29
0,659,29
0,660,29
0,661,29
0,662,29
0,663,29
0,664,29
0,665,29
0,666,29
0,667,29
1,668,29
1,669,29
1,670,29
1,671,29
1,672,29
1,673,29
1,674,29
1,675,29
1,676,29
1,677,29
1,678,29
1,679,29
1,680,29
1,681,29
1,682,29
1,683,29
1,684,29
1,685,29
1,686,29
1,687,29
1,688,29
1,689,29
1,690,29
1,691,29
1,692,29
1,693,29
1,694,29
1,695,29
1,696,29
1,697,29
1,698,29
1,699,29
1,700,29
1,701,29
1,702,29
1,703,29
1,704,29
1,705,29
1,706,29
1,707,29
1,708,29
1,709,29
1,710,29
1,711,29
1,712,29
1,713,29
1,714,29
1,715,29
1,716,29
1,717,29
1,718,29
1,719,29
1,720,29
1,721,29
1,722,29
1,723,29
1,724,29
1,725,29
1,726,29
1,727,29
1,728,29
1,729,29
1,730,29
1,731,29
1,732,29
1,733,29
1,734,29
1,735,29
1,736,29
1,737,29
1,738,29
1,739,29
1,740,29
1,741,29
1,742,29
1,743,29
0,648,30
0,649,30
0,650,30
0,651,30
0,652,30
0,653,30
0,654,30
0,655,30
0,656,30
0,657,30
0,658,30
0,659,30
0,660,30
0,661,30
0,662,30
0,663,30
0,664,30
0,665,30
0,666,30
0,667,30
0,668,30
0,669,30
0,670,30
0,671,30
0,672,30
0,673,30
0,674,30
0,675,30
0,676,30
0,677,30
0,678,30
0,679,30
0,680,30
0,681,30
0,682,30
0,683,30
0,684,30
0,685,30
0,686,30
0,687,30
0,688,30
0,689,30
0,690,30
0,691,30
0,692,30
0,693,30
0,694,30
0,695,30
0,696,30
0,697,30
0,698,30
0,699,30
0,700,30
0,701,30
0,702,30
0,703,30
0,704,30
1,705,30
1,706,30
1,707,30
1,708,30
1,709,30
1,710,30
1,711,30
1,712,30
1,713,30
1,714,30
1,715,30
1,716,30
1,717,30
1,718,30
1,719,30
1,720,30
1,721,30
1,722,30
1,723,30
1,724,30
1,725,30
1,726,30
1,727,30
1,728,30
1,729,30
1,730,30
1,731,30
1,732,30
1,733,30
1,734,30
1,735,30
1,736,30
1,737,30
1,738,30
1,739,30
1,740,30
1,741,30
1,742,30
1,743,30
0,648,31
0,649,31
0,650,31
0,651,31
0,652,31
0,653,31
0,654,31
0,655,31
0,656,31
0,657,31
0,658,31
0,659,31
0,660,31
0,661,31
0,662,31
0,663,31
0,664,31
0,665,31
0,666,31
0,667,31
0,668,31
0,669,31
0,670,31
0,671,31
0,672,31
0,673,31
0,674,31
0,675,31
0,676,31
0,677,31
0,678,31
0,679,31
0,680,31
0,681,31
0,682,31
0,683,31
0,684,31
0,685,31
0,686,31
1,687,31
1,688,31
1,689,31
1,690,31
1,691,31
1,692,31
1,693,31
1,694,31
1,695,31
1,696,31
1,697,31
1,698,31
1,699,31
1,700,31
1,701,31
1,702,31
1,703,31
1,704,31
1,705,31
1,706,31
1,707,31
1,708,31
1,709,31
1,710,31
1,711,31
1,712,31
1,713,31
1,714,31
1,715,31
1,716,31
1,717,31
1,718,31
1,719,31
1,720,31
1,721,31
1,722,31
1,723,31
1,724,31
1,725,31
1,726,31
1,727,31
1,728,31
1,729,31
1,730,31
1,731,31
1,732,31
1,733,31
1,734,31
1,735,31
1,736,31
1,737,31
1,738,31
1,739,31
1,740,31
1,741,31
1,742,31
1,743,31
0,648,32
0,649,32
0,650,32
0,651,32
0,652,32
0,653,32
0,654,32
0,655,32
0,656,32
0,657,32
0,658,32
0,659,32
0,660,32
0,661,32
0,662,32
0,663,32
0,664,32
0,665,32
0,666,32
0,667,32
0,668,32
0,669,32
0,670,32
0,671,32
0,672,32
0,673,32
0,674,32
0,675,32
0,676,32
0,677,32
0,678,32
0,679,32
0,680,32
0,681,32
0,682,32
0,683,32
0,684,32
0,685,32
0,686,32
0,687,32
0,688,32
0,689,32
0,690,32
0,691,32
0,692,32
0,693,32
0,694,32
0,695,32
0,696,32
0,697,32
0,698,32
0,699,32
0,700,32
0,701,32
0,702,32
0,703,32
0,704,32
0,705,32
0,706,32
0,707,32
0,708,32
0,709,32
0,710,32
0,711,32
0,712,32
0,713,32
0,714,32
0,715,32
0,716,32
0,717,32
0,718,32
0,719,32
0,720,32
0,721,32
0,722,32
0,723,32
0,724,32
0,725,32
0,726,32
0,727,32
0,728,32
0,729,32
0,730,32
0,731,32
0,732,32
0,733,32
0,734,32
0,735,32
0,736,32
0,737,32
0,738,32
0,739,32
0,740,32
0,741,32
0,742,32
0,743,32
0,648,33
0,649,33
0,650,33
0,651,33
0,652,33
0,653,33
0,654,33
0,655,33
0,656,33
0,657,33
0,658,33
0,659,33
0,660,33
0,661,33
0,662,33
0,663,33
0,664,33
0,665,33
0,666,33
0,667,33
0,668,33
0,669,33
0,670,33
0,671,33
0,672,33
0,673,33
0,674,33
0,675,33
0,676,33
0,677,33
0,678,33
0,679,33
0,680,33
0,681,33
0,682,33
0,683,33
0,684,33
0,685,33
0,686,33
0,687,33
0,688,33
0,689,33
0,690,33
0,691,33
0,692,33
0,693,33
0,694,33
0,695,33
0,696,33
0,697,33
0,698,33
0,699,33
0,700,33
0,701,33
0,702,33
0,703,33
0,704,33
0,705,33
0,706,33
0,707,33
0,708,33
0,709,33
0,710,33
0,711,33
0,712,33
0,713,33
0,714,33
0,715,33
0,716,33
0,717,33
0,718,33
0,719,33
0,720,33
0,721,33
0,722,33
0,723,33
0,724,33
0,725,33
0,726,33
0,727,33
0,728,33
0,729,33
0,730,33
0,731,33
0,732,33
0,733,33
0,734,33
0,735,33
0,736,33
0,737,33
0,738,33
0,739,33
0,740,33
0,741,33
0,742,33
1,743,33
0,648,34
0,649,34
0,650,34
0,651,34
0,652,34
0,653,34
0,654,34
0,655,34
0,656,34
0,657,34
0,658,34
0,659,34
0,660,34
0,661,34
0,662,34
0,663,34
0,664,34
0,665,34
0,666,34
0,667,34
0,668,34
0,669,34
0,670,34
0,671,34
0,672,34
0,673,34
0,674,34
0,675,34
0,676,34
0,677,34
0,678,34
0,679,34
0,680,34
0,681,34
0,682,34
0,683,34
0,684,34
0,685,34
0,686,34
0,687,34
0,688,34
0,689,34
0,690,34
0,691,34
1,692,34
1,693,34
1,694,34
1,695,34
1,696,34
1,697,34
1,698,34
1,699,34
1,700,34
1,701,34
1,702,34
1,703,34
1,704,34
1,705,34
1,706,34
1,707,34
1,708,34
1,709,34
1,710,34
1,711,34
1,712,34
1,713,34
1,714,34
1,715,34
1,716,34
1,717,34
1,718,34
1,719,34
1,720,34
1,721,34
1,722,34
1,723,34
1,724,34
1,725,34
1,726,34
1,727,34
1,728,34
1,729,34
1,730,34
1,731,34
1,732,34
1,733,34
1,734,34
1,735,34
1,736,34
1,737,34
1,738,34
1,739,34
1,740,34
1,741,34
1,742,34
1,743,34
0,648,35
0,649,35
0,650,35
0,651,35
0,652,35
0,653,35
0,654,35
0,655,35
0,656,35
0,657,35
0,658,35
0,659,35
0,660,35
0,661,35
0,662,35
0,663,35
0,664,35
0,665,35
0,666,35
0,667,35
0,668,35
0,669,35
0,670,35
0,671,35
0,672,35
0,673,35
0,674,35
0,675,35
0,676,35
0,677,35
0,678,35
0,679,35
0,680,35
0,681,35
0,682,35
0,683,35
0,684,35
0,685,35
0,686,35
0,687,35
0,688,35
0,689,35
0,690,35
0,691,35
0,692,35
0,693,35
0,694,35
0,695,35
0,696,35
0,697,35
0,698,35
1,699,35
1,700,35
1,701,35
1,702,35
1,703,35
1,704,35
1,705,35
1,706,35
1,707,35
1,708,35
1,709,35
1,710,35
1,711,35
1,712,35
1,713,35
1,714,35
1,715,35
1,716,35
1,717,35
1,718,35
1,719,35
1,720,35
1,721,35
1,722,35
1,723,35
1,724,35
1,725,35
1,726,35
1,727,35
1,728,35
1,729,35
1,730,35
1,731,35
1,732,35
1,733,35
1,734,35
1,735,35
1,736,35
1,737,35
1,738,35
1,739,35
1,740,35
1,741,35
1,742,35
1,743,35
0,648,36
0,649,36
0,650,36
0,651,36
1,652,36
1,653,36
1,654,36
1,655,36
1,656,36
1,657,36
1,658,36
1,659,36
1,660,36
1,661,36
1,662,36
1,663,36
1,664,36
1,665,36
1,666,36
1,667,36
1,668,36
1,669,36
1,670,36
1,671,36
1,672,36
1,673,36
1,674,36
1,675,36
1,676,36
1,677,36
1,678,36
1,679,36
1,680,36
1,681,36
1,682,36
1,683,36
1,684,36
1,685,36
1,686,36
1,687,36
1,688,36
1,689,36
1,690,36
1,691,36
1,692,36
1,693,36
1,694,36
1,695,36
1,696,36
1,697,36
1,698,36
1,699,36
1,700,36
1,701,36
1,702,36
1,703,36
1,704,36
1,705,36
1,706,36
1,707,36
1,708,36
1,709,36
1,710,36
1,711,36
1,712,36
1,713,36
1,714,36
1,715,36
1,716,36
1,717,36
1,718,36
1,719,36
1,720,36
1,721,36
1,722,36
1,723,36
1,724,36
1,725,36
1,726,36
1,727,36
1,728,36
1,729,36
1,730,36
1,731,36
1,732,36
1,733,36
1,734,36
1,735,36
1,736,36
1,737,36
1,738,36
1,739,36
1,740,36
1,741,36
1,742,36
1,743,36
0,648,37
0,649,37
0,650,37
0,651,37
0,652,37
0,653,37
0,654,37
0,655,37
0,656,37
0,657,37
0,658,37
0,659,37
0,660,37
0,661,37
0,662,37
0,663,37
0,664,37
0,665,37
0,666,37
0,667,37
0,668,37
0,669,37
0,670,37
0,671,37
0,672,37
0,673,37
0,674,37
0,675,37
0,676,37
0,677,37
0,678,37
0,679,37
0,680,37
0,681,37
0,682,37
0,683,37
0,684,37
0,685,37
0,686,37
0,687,37
0,688,37
0,689,37
0,690,37
0,691,37
0,692,37
0,693,37
0,694,37
0,695,37
0,696,37
0,697,37
0,698,37
0,699,37
0,700,37
0,701,37
0,702,37
0,703,37
0,704,37
0,705,37
0,706,37
0,707,37
0,708,37
0,709,37
0,710,37
0,711,37
0,712,37
0,713,37
0,714,37
0,715,37
0,716,37
0,717,37
0,718,37
0,719,37
0,720,37
0,721,37
0,722,37
0,723,37
0,724,37
0,725,37
0,726,37
0,727,37
0,728,37
0,729,37
0,730,37
0,731,37
0,732,37
0,733,37
1,734,37
1,735,37
1,736,37
1,737,37
1,738,37
1,739,37
1,740,37
1,741,37
1,742,37
1,743,37
0,648,38
0,649,38
0,650,38
0,651,38
0,652,38
0,653,38
0,654,38
0,655,38
0,656,38
0,657,38
0,658,38
0,659,38
0,660,38
0,661,38
0,662,38
0,663,38
0,664,38
0,665,38
0,666,38
0,667,38
0,668,38
0,669,38
0,670,38
0,671,38
0,672,38
0,673,38
0,674,38
0,675,38
0,676,38
0,677,38
0,678,38
0,679,38
0,680,38
0,681,38
0,682,38
0,683,38
0,684,38
0,685,38
0,686,38
0,687,38
0,688,38
0,689,38
0,690,38
0,691,38
0,692,38
0,693,38
0,694,38
0,695,38
0,696,38
0,697,38
0,698,38
0,699,38
0,700,38
0,701,38
1,702,38
1,703,38
1,704,38
1,705,38
1,706,38
1,707,38
1,708,38
1,709,38
1,710,38
1,711,38
1,712,38
1,713,38
1,714,38
1,715,38
1,716,38
1,717,38
1,718,38
1,719,38
1,720,38
1,721,38
1,722,38
1,723,38
1,724,38
1,725,38
1,726,38
1,727,38
1,728,38
1,729,38
1,730,38
1,731,38
1,732,38
1,733,38
1,734,38
1,735,38
1,736,38
1,737,38
1,738,38
1,739,38
1,740,38
1,741,38
1,742,38
1,743,38
0,648,39
0,649,39
0,650,39
0,651,39
0,652,39
0,653,39
0,654,39
0,655,39
0,656,39
0,657,39
0,658,39
0,659,39
0,660,39
0,661,39
0,662,39
0,663,39
0,664,39
0,665,39
0,666,39
0,667,39
0,668,39
0,669,39
0,670,39
0,671,39
0,672,39
0,673,39
0,674,39
0,675,39
0,676,39
0,677,39
0,678,39
0,679,39
0,680,39
0,681,39
0,682,39
0,683,39
0,684,39
0,685,39
0,686,39
0,687,39
0,688,39
0,689,39
0,690,39
0,691,39
0,692,39
0,693,39
0,694,39
0,695,39
0,696,39
0,697,39
0,698,39
0,699,39
0,700,39
0,701,39
0,702,39
0,703,39
1,704,39
1,705,39
1,706,39
1,707,39
1,708,39
1,709,39
1,710,39
1,711,39
1,712,39
1,713,39
1,714,39
1,715,39
1,716,39
1,717,39
1,718,39
1,719,39
1,720,39
1,721,39
1,722,39
1,723,39
1,724,39
1,725,39
1,726,39
1,727,39
1,728,39
1,729,39
1,730,39
1,731,39
1,732,39
1,733,39
1,734,39
1,735,39
1,736,39
1,737,39
1,738,39
1,739,39
1,740,39
1,741,39
1,742,39
1,743,39
0,648,40
0,649,40
0,650,40
0,651,40
0,652,40
0,653,40
0,654,40
0,655,40
0,656,40
0,657,40
0,658,40
0,659,40
0,660,40
0,661,40
0,662,40
0,663,40
0,664,40
0,665,40
0,666,40
0,667,40
0,668,40
0,669,40
0,670,40
0,671,40
0,672,40
0,673,40
0,674,40
0,675,40
0,676,40
0,677,40
0,678,40
0,679,40
0,680,40
0,681,40
0,682,40
0,683,40
0,684,40
0,685,40
0,686,40
0,687,40
1,688,40
1,689,40
1,690,40
1,691,40
1,692,40
1,693,40
1,694,40
1,695,40
1,696,40
1,697,40
1,698,40
1,699,40
1,700,40
1,701,40
1,702,40
1,703,40
1,704,40
1,705,40
1,706,40
1,707,40
1,708,40
1,709,40
1,710,40
1,711,40
1,712,40
1,713,40
1,714,40
1,715,40
1,716,40
1,717,40
1,718,40
1,719,40
1,720,40
1,721,40
1,722,40
1,723,40
1,724,40
1,725,40
1,726,40
1,727,40
1,728,40
1,729,40
1,730,40
1,731,40
1,732,40
1,733,40
1,734,40
1,735,40
1,736,40
1,737,40
1,738,40
1,739,40
1,740,40
1,741,40
1,742,40
1,743,40
0,648,41
0,649,41
0,650,41
1,651,41
1,652,41
1,653,41
1,654,41
1,655,41
1,656,41
1,657,41
1,658,41
1,659,41
1,660,41
1,661,41
1,662,41
1,663,41
1,664,41
1,665,41
1,666,41
1,667,41
1,668,41
1,669,41
1,670,41
1,671,41
1,672,41
1,673,41
1,674,41
1,675,41
1,676,41
1,677,41
1,678,41
1,679,41
1,680,41
1,681,41
1,682,41
1,683,41
1,684,41
1,685,41
1,686,41
1,687,41
1,688,41
1,689,41
1,690,41
1,691,41
1,692,41
1,693,41
1,694,41
1,695,41
1,696,41
1,697,41
1,698,41
1,699,41
1,700,41
1,701,41
1,702,41
1,703,41
1,704,41
1,705,41
1,706,41
1,707,41
1,708,41
1,709,41
1,710,41
1,711,41
1,712,41
1,713,41
1,714,41
1,715,41
1,716,41
1,717,41
1,718,41
1,719,41
1,720,41
1,721,41
1,722,41
1,723,41
1,724,41
1,725,41
1,726,41
1,727,41
1,728,41
1,729,41
1,730,41
1,731,41
1,732,41
1,733,41
1,734,41
1,735,41
1,736,41
1,737,41
1,738,41
1,739,41
1,740,41
1,741,41
1,742,41
1,743,41
0,648,42
0,649,42
0,650,42
0,651,42
0,652,42
0,653,42
0,654,42
0,655,42
0,656,42
0,657,42
0,658,42
0,659,42
0,660,42
0,661,42
0,662,42
0,663,42
0,664,42
0,665,42
0,666,42
0,667,42
0,668,42
0,669,42
0,670,42
0,671,42
0,672,42
0,673,42
0,674,42
0,675,42
0,676,42
0,677,42
0,678,42
0,679,42
0,680,42
0,681,42
0,682,42
0,683,42
0,684,42
0,685,42
0,686,42
0,687,42
0,688,42
0,689,42
0,690,42
0,691,42
0,692,42
0,693,42
0,694,42
0,695,42
0,696,42
0,697,42
1,698,42
1,699,42
1,700,42
1,701,42
1,702,42
1,703,42
1,704,42
1,705,42
1,706,42
1,707,42
1,708,42
1,709,42
1,710,42
1,711,42
1,712,42
1,713,42
1,714,42
1,715,42
1,716,42
1,717,42
1,718,42
1,719,42
1,720,42
1,721,42
1,722,42
1,723,42
1,724,42
1,725,42
1,726,42
1,727,42
1,728,42
1,729,42
1,730,42
1,731,42
1,732,42
1,733,42
1,734,42
1,735,42
1,736,42
1,737,42
1,738,42
1,739,42
1,740,42
1,741,42
1,742,42
1,743,42
0,648,43
0,649,43
0,650,43
0,651,43
0,652,43
0,653,43
0,654,43
0,655,43
0,656,43
0,657,43
0,658,43
0,659,43
0,660,43
0,661,43
0,662,43
0,663,43
0,664,43
0,665,43
0,666,43
0,667,43
0,668,43
0,669,43
0,670,43
0,671,43
0,672,43
0,673,43
0,674,43
0,675,43
0,676,43
0,677,43
0,678,43
0,679,43
0,680,43
0,681,43
0,682,43
0,683,43
0,684,43
0,685,43
0,686,43
0,687,43
0,688,43
0,689,43
0,690,43
0,691,43
0,692,43
0,693,43
0,694,43
0,695,43
0,696,43
0,697,43
0,698,43
0,699,43
1,700,43
1,701,43
1,702,43
1,703,43
1,704,43
1,705,43
1,706,43
1,707,43
1,708,43
1,709,43
1,710,43
1,711,43
1,712,43
1,713,43
1,714,43
1,715,43
1,716,43
1,717,43
1,718,43
1,719,43
1,720,43
1,721,43
1,722,43
1,723,43
1,724,43
1,725,43
1,726,43
1,727,43
1,728,43
1,729,43
1,730,43
1,731,43
1,732,43
1,733,43
1,734,43
1,735,43
1,736,43
1,737,43
1,738,43
1,739,43
1,740,43
1,741,43
1,742,43
1,743,43
1,648,44
1,649,44
1,650,44
1,651,44
1,652,44
1,653,44
1,654,44
1,655,44
1,656,44
1,657,44
1,658,44
1,659,44
1,660,44
1,661,44
1,662,44
1,663,44
1,664,44
1,665,44
1,666,44
1,667,44
1,668,44
1,669,44
1,670,44
1,671,44
1,672,44
1,673,44
1,674,44
1,675,44
1,676,44
1,677,44
1,678,44
1,679,44
1,680,44
1,681,44
1,682,44
1,683,44
1,684,44
1,685,44
1,686,44
1,687,44
1,688,44
1,689,44
1,690,44
1,691,44
1,692,44
1,693,44
1,694,44
1,695,44
1,696,44
1,697,44
1,698,44
1,699,44
1,700,44
1,701,44
1,702,44
1,703,44
1,704,44
1,705,44
1,706,44
1,707,44
1,708,44
1,709,44
1,710,44
1,711,44
1,712,44
1,713,44
1,714,44
1,715,44
1,716,44
1,717,44
1,718,44
1,719,44
1,720,44
1,721,44
1,722,44
1,723,44
1,724,44
1,725,44
1,726,44
1,727,44
1,728,44
1,729,44
1,730,44
1,731,44
1,732,44
1,733,44
1,734,44
1,735,44
1,736,44
1,737,44
1,738,44
1,739,44
1,740,44
1,741,44
1,742,44
1,743,44
1,648,45
1,649,45
1,650,45
1,651,45
1,652,45
1,653,45
1,654,45
1,655,45
1,656,45
1,657,45
1,658,45
1,659,45
1,660,45
1,661,45
1,662,45
1,663,45
1,664,45
1,665,45
1,666,45
1,667,45
1,668,45
1,669,45
1,670,45
1,671,45
1,672,45
1,673,45
1,674,45
1,675,45
1,676,45
1,677,45
1,678,45
1,679,45
1,680,45
1,681,45
1,682,45
1,683,45
1,684,45
1,685,45
1,686,45
1,687,45
1,688,45
1,689,45
1,690,45
1,691,45
1,692,45
1,693,45
1,694,45
1,695,45
1,696,45
1,697,45
1,698,45
1,699,45
1,700,45
1,701,45
1,702,45
1,703,45
1,704,45
1,705,45
1,706,45
1,707,45
1,708,45
1,709,45
1,710,45
1,711,45
1,712,45
1,713,45
1,714,45
1,715,45
1,716,45
1,717,45
1,718,45
1,719,45
1,720,45
1,721,45
1,722,45
1,723,45
1,724,45
1,725,45
1,726,45
1,727,45
1,728,45
1,729,45
1,730,45
1,731,45
1,732,45
1,733,45
1,734,45
1,735,45
1,736,45
1,737,45
1,738,45
1,739,45
1,740,45
1,741,45
1,742,45
1,743,45
1,648,46
1,649,46
1,650,46
1,651,46
1,652,46
1,653,46
1,654,46
1,655,46
1,656,46
1,657,46
1,658,46
1,659,46
1,660,46
1,661,46
1,662,46
1,663,46
1,664,46
1,665,46
1,666,46
1,667,46
1,668,46
1,669,46
1,670,46
1,671,46
1,672,46
1,673,46
1,674,46
1,675,46
1,676,46
1,677,46
1,678,46
1,679,46
1,680,46
1,681,46
1,682,46
1,683,46
1,684,46
1,685,46
1,686,46
1,687,46
1,688,46
1,689,46
1,690,46
1,691,46
1,692,46
1,693,46
1,694,46
1,695,46
1,696,46
1,697,46
1,698,46
1,699,46
1,700,46
1,701,46
1,702,46
1,703,46
1,704,46
1,705,46
1,706,46
1,707,46
1,708,46
1,709,46
1,710,46
1,711,46
1,712,46
1,713,46
1,714,46
1,715,46
1,716,46
1,717,46
1,718,46
1,719,46
1,720,46
1,721,46
1,722,46
1,723,46
1,724,46
1,725,46
1,726,46
1,727,46
1,728,46
1,729,46
1,730,46
1,731,46
1,732,46
1,733,46
1,734,46
1,735,46
1,736,46
1,737,46
1,738,46
1,739,46
1,740,46
1,741,46
1,742,46
1,743,46
0,648,47
0,649,47
0,650,47
0,651,47
0,652,47
0,653,47
0,654,47
0,655,47
0,656,47
0,657,47
0,658,47
0,659,47
0,660,47
0,661,47
0,662,47
0,663,47
0,664,47
0,665,47
0,666,47
0,667,47
0,668,47
0,669,47
0,670,47
0,671,47
0,672,47
0,673,47
0,674,47
0,675,47
0,676,47
0,677,47
0,678,47
0,679,47
0,680,47
0,681,47
0,682,47
0,683,47
0,684,47
0,685,47
0,686,47
0,687,47
0,688,47
0,689,47
0,690,47
0,691,47
0,692,47
0,693,47
0,694,47
0,695,47
0,696,47
0,697,47
0,698,47
1,699,47
1,700,47
1,701,47
1,702,47
1,703,47
1,704,47
1,705,47
1,706,47
1,707,47
1,708,47
1,709,47
1,710,47
1,711,47
1,712,47
1,713,47
1,714,47
1,715,47
1,716,47
1,717,47
1,718,47
1,719,47
1,720,47
1,721,47
1,722,47
1,723,47
1,724,47
1,725,47
1,726,47
1,727,47
1,728,47
1,729,47
1,730,47
1,731,47
1,732,47
1,733,47
1,734,47
1,735,47
1,736,47
1,737,47
1,738,47
1,739,47
1,740,47
1,741,47
1,742,47
1,743,47
0,648,48
0,649,48
0,650,48
0,651,48
0,652,48
0,653,48
0,654,48
0,655,48
1,656,48
1,657,48
1,658,48
1,659,48
1,660,48
1,661,48
1,662,48
1,663,48
1,664,48
1,665,48
1,666,48
1,667,48
1,668,48
1,669,48
1,670,48
1,671,48
1,672,48
1,673,48
1,674,48
1,675,48
1,676,48
1,677,48
1,678,48
1,679,48
1,680,48
1,681,48
1,682,48
1,683,48
1,684,48
1,685,48
1,686,48
1,687,48
1,688,48
1,689,48
1,690,48
1,691,48
1,692,48
1,693,48
1,694,48
1,695,48
1,696,48
1,697,48
1,698,48
1,699,48
1,700,48
1,701,48
1,702,48
1,703,48
1,704,48
1,705,48
1,706,48
1,707,48
1,708,48
1,709,48
1,710,48
1,711,48
1,712,48
1,713,48
1,714,48
1,715,48
1,716,48
1,717,48
1,718,48
1,719,48
1,720,48
1,721,48
1,722,48
1,723,48
1,724,48
1,725,48
1,726,48
1,727,48
1,728,48
1,729,48
1,730,48
1,731,48
1,732,48
1,733,48
1,734,48
1,735,48
1,736,48
1,737,48
1,738,48
1,739,48
1,740,48
1,741,48
1,742,48
1,743,48
1,648,49
1,649,49
1,650,49
1,651,49
1,652,49
1,653,49
1,654,49
1,655,49
1,656,49
1,657,49
1,658,49
1,659,49
1,660,49
1,661,49
1,662,49
1,663,49
1,664,49
1,665,49
1,666,49
1,667,49
1,668,49
1,669,49
1,670,49
1,671,49
1,672,49
1,673,49
1,674,49
1,675,49
1,676,49
1,677,49
1,678,49
1,679,49
1,680,49
1,681,49
1,682,49
1,683,49
1,684,49
1,685,49
1,686,49
1,687,49
1,688,49
1,689,49
1,690,49
1,691,49
1,692,49
1,693,49
1,694,49
1,695,49
1,696,49
1,697,49
1,698,49
1,699,49
1,700,49
1,701,49
1,702,49
1,703,49
1,704,49
1,705,49
1,706,49
1,707,49
1,708,49
1,709,49
1,710,49
1,711,49
1,712,49
1,713,49
1,714,49
1,715,49
1,716,49
1,717,49
1,718,49
1,719,49
1,720,49
1,721,49
1,722,49
1,723,49
1,724,49
1,725,49
1,726,49
1,727,49
1,728,49
1,729,49
1,730,49
1,731,49
1,732,49
1,733,49
1,734,49
1,735,49
1,736,49
1,737,49
1,738,49
1,739,49
1,740,49
1,741,49
1,742,49
1,743,49
0,648,50
0,649,50
0,650,50
0,651,50
0,652,50
0,653,50
0,654,50
0,655,50
0,656,50
0,657,50
0,658,50
0,659,50
0,660,50
0,661,50
0,662,50
0,663,50
0,664,50
0,665,50
0,666,50
0,667,50
0,668,50
0,669,50
0,670,50
0,671,50
0,672,50
0,673,50
0,674,50
0,675,50
0,676,50
0,677,50
0,678,50
0,679,50
0,680,50
0,681,50
0,682,50
0,683,50
0,684,50
0,685,50
0,686,50
0,687,50
1,688,50
1,689,50
1,690,50
1,691,50
1,692,50
1,693,50
1,694,50
1,695,50
1,696,50
1,697,50
1,698,50
1,699,50
1,700,50
1,701,50
1,702,50
1,703,50
1,704,50
1,705,50
1,706,50
1,707,50
1,708,50
1,709,50
1,710,50
1,711,50
1,712,50
1,713,50
1,714,50
1,715,50
1,716,50
1,717,50
1,718,50
1,719,50
1,720,50
1,721,50
1,722,50
1,723,50
1,724,50
1,725,50
1,726,50
1,727,50
1,728,50
1,729,50
1,730,50
1,731,50
1,732,50
1,733,50
1,734,50
1,735,50
1,736,50
1,737,50
1,738,50
1,739,50
1,740,50
1,741,50
1,742,50
1,743,50
0,648,51
0,649,51
0,650,51
0,651,51
0,652,51
0,653,51
0,654,51
0,655,51
0,656,51
0,657,51
0,658,51
0,659,51
0,660,51
0,661,51
0,662,51
0,663,51
0,664,51
0,665,51
0,666,51
0,667,51
0,668,51
0,669,51
0,670,51
0,671,51
0,672,51
0,673,51
0,674,51
0,675,51
0,676,51
0,677,51
0,678,51
0,679,51
0,680,51
0,681,51
0,682,51
0,683,51
0,684,51
0,685,51
0,686,51
0,687,51
0,688,51
0,689,51
0,690,51
0,691,51
0,692,51
0,693,51
0,694,51
0,695,51
0,696,51
0,697,51
0,698,51
0,699,51
0,700,51
0,701,51
0,702,51
0,703,51
0,704,51
0,705,51
0,706,51
0,707,51
0,708,51
0,709,51
0,710,51
0,711,51
0,712,51
1,713,51
1,714,51
1,715,51
1,716,51
1,717,51
1,718,51
1,719,51
1,720,51
1,721,51
1,722,51
1,723,51
1,724,51
1,725,51
1,726,51
1,727,51
1,728,51
1,729,51
1,730,51
1,731,51
1,732,51
1,733,51
1,734,51
1,735,51
1,736,51
1,737,51
1,738,51
1,739,51
1,740,51
1,741,51
1,742,51
1,743,51
0,648,52
0,649,52
0,650,52
0,651,52
0,652,52
0,653,52
0,654,52
0,655,52
0,656,52
1,657,52
1,658,52
1,659,52
1,660,52
1,661,52
1,662,52
1,663,52
1,664,52
1,665,52
1,666,52
1,667,52
1,668,52
1,669,52
1,670,52
1,671,52
1,672,52
1,673,52
1,674,52
1,675,52
1,676,52
1,677,52
1,678,52
1,679,52
1,680,52
1,681,52
1,682,52
1,683,52
1,684,52
1,685,52
1,686,52
1,687,52
1,688,52
1,689,52
1,690,52
1,691,52
1,692,52
1,693,52
1,694,52
1,695,52
1,696,52
1,697,52
1,698,52
1,699,52
1,700,52
1,701,52
1,702,52
1,703,52
1,704,52
1,705,52
1,706,52
1,707,52
1,708,52
1,709,52
1,710,52
1,711,52
1,712,52
1,713,52
1,714,52
1,715,52
1,716,52
1,717,52
1,718,52
1,719,52
1,720,52
1,721,52
1,722,52
1,723,52
1,724,52
1,725,52
1,726,52
1,727,52
1,728,52
1,729,52
1,730,52
1,731,52
1,732,52
1,733,52
1,734,52
1,735,52
1,736,52
1,737,52
1,738,52
1,739,52
1,740,52
1,741,52
1,742,52
1,743,52
0,648,53
0,649,53
0,650,53
0,651,53
0,652,53
0,653,53
0,654,53
0,655,53
0,656,53
0,657,53
0,658,53
0,659,53
0,660,53
0,661,53
0,662,53
0,663,53
0,664,53
0,665,53
0,666,53
0,667,53
0,668,53
0,669,53
0,670,53
0,671,53
0,672,53
0,673,53
0,674,53
0,675,53
0,676,53
0,677,53
0,678,53
0,679,53
0,680,53
0,681,53
0,682,53
0,683,53
0,684,53
0,685,53
0,686,53
0,687,53
0,688,53
0,689,53
0,690,53
0,691,53
0,692,53
0,693,53
0,694,53
0,695,53
0,696,53
0,697,53
0,698,53
0,699,53
0,700,53
0,701,53
0,702,53
0,703,53
0,704,53
0,705,53
0,706,53
0,707,53
0,708,53
0,709,53
0,710,53
0,711,53
0,712,53
0,713,53
0,714,53
0,715,53
0,716,53
0,717,53
0,718,53
0,719,53
0,720,53
0,721,53
0,722,53
0,723,53
0,724,53
0,725,53
0,726,53
0,727,53
0,728,53
0,729,53
0,730,53
0,731,53
0,732,53
0,733,53
0,734,53
0,735,53
0,736,53
0,737,53
0,738,53
1,739,53
1,740,53
1,741,53
1,742,53
1,743,53
0,648,54
0,649,54
0,650,54
0,651,54
0,652,54
0,653,54
0,654,54
0,655,54
0,656,54
0,657,54
0,658,54
0,659,54
0,660,54
0,661,54
0,662,54
0,663,54
0,664,54
0,665,54
0,666,54
0,667,54
0,668,54
0,669,54
0,670,54
1,671,54
1,672,54
1,673,54
1,674,54
1,675,54
1,676,54
1,677,54
1,678,54
1,679,54
1,680,54
1,681,54
1,682,54
1,683,54
1,684,54
1,685,54
1,686,54
1,687,54
1,688,54
1,689,54
1,690,54
1,691,54
1,692,54
1,693,54
1,694,54
1,695,54
1,696,54
1,697,54
1,698,54
1,699,54
1,700,54
1,701,54
1,702,54
1,703,54
1,704,54
1,705,54
1,706,54
1,707,54
1,708,54
1,709,54
1,710,54
1,711,54
1,712,54
1,713,54
1,714,54
1,715,54
1,716,54
1,717,54
1,718,54
1,719,54
1,720,54
1,721,54
1,722,54
1,723,54
1,724,54
1,725,54
1,726,54
1,727,54
1,728,54
1,729,54
1,730,54
1,731,54
1,732,54
1,733,54
1,734,54
1,735,54
1,736,54
1,737,54
1,738,54
1,739,54
1,740,54
1,741,54
1,742,54
1,743,54
1,648,55
1,649,55
1,650,55
1,651,55
1,652,55
1,653,55
1,654,55
1,655,55
1,656,55
1,657,55
1,658,55
1,659,55
1,660,55
1,661,55
1,662,55
1,663,55
1,664,55
1,665,55
1,666,55
1,667,55
1,668,55
1,669,55
1,670,55
1,671,55
1,672,55
1,673,55
1,674,55
1,675,55
1,676,55
1,677,55
1,678,55
1,679,55
1,680,55
1,681,55
1,682,55
1,683,55
1,684,55
1,685,55
1,686,55
1,687,55
1,688,55
1,689,55
1,690,55
1,691,55
1,692,55
1,693,55
1,694,55
1,695,55
1,696,55
1,697,55
1,698,55
1,699,55
1,700,55
1,701,55
1,702,55
1,703,55
1,704,55
1,705,55
1,706,55
1,707,55
1,708,55
1,709,55
1,710,55
1,711,55
1,712,55
1,713,55
1,714,55
1,715,55
1,716,55
1,717,55
1,718,55
1,719,55
1,720,55
1,721,55
1,722,55
1,723,55
1,724,55
1,725,55
1,726,55
1,727,55
1,728,55
1,729,55
1,730,55
1,731,55
1,732,55
1,733,55
1,734,55
1,735,55
1,736,55
1,737,55
1,738,55
1,739,55
1,740,55
1,741,55
1,742,55
1,743,55
0,648,56
0,649,56
0,650,56
0,651,56
0,652,56
0,653,56
0,654,56
0,655,56
0,656,56
0,657,56
0,658,56
0,659,56
0,660,56
0,661,56
0,662,56
0,663,56
0,664,56
0,665,56
0,666,56
0,667,56
0,668,56
0,669,56
0,670,56
0,671,56
0,672,56
1,673,56
1,674,56
1,675,56
1,676,56
1,677,56
1,678,56
1,679,56
1,680,56
1,681,56
1,682,56
1,683,56
1,684,56
1,685,56
1,686,56
1,687,56
1,688,56
1,689,56
1,690,56
1,691,56
1,692,56
1,693,56
1,694,56
1,695,56
1,696,56
1,697,56
1,698,56
1,699,56
1,700,56
1,701,56
1,702,56
1,703,56
1,704,56
1,705,56
1,706,56
1,707,56
1,708,56
1,709,56
1,710,56
1,711,56
1,712,56
1,713,56
1,714,56
1,715,56
1,716,56
1,717,56
1,718,56
1,719,56
1,720,56
1,721,56
1,722,56
1,723,56
1,724,56
1,725,56
1,726,56
1,727,56
1,728,56
1,729,56
1,730,56
1,731,56
1,732,56
1,733,56
1,734,56
1,735,56
1,736,56
1,737,56
1,738,56
1,739,56
1,740,56
1,741,56
1,742,56
1,743,56
1,648,57
1,649,57
1,650,57
1,651,57
1,652,57
1,653,57
1,654,57
1,655,57
1,656,57
1,657,57
1,658,57
1,659,57
1,660,57
1,661,57
1,662,57
1,663,57
1,664,57
1,665,57
1,666,57
1,667,57
1,668,57
1,669,57
1,670,57
1,671,57
1,672,57
1,673,57
1,674,57
1,675,57
1,676,57
1,677,57
1,678,57
1,679,57
1,680,57
1,681,57
1,682,57
1,683,57
1,684,57
1,685,57
1,686,57
1,687,57
1,688,57
1,689,57
1,690,57
1,691,57
1,692,57
1,693,57
1,694,57
1,695,57
1,696,57
1,697,57
1,698,57
1,699,57
1,700,57
1,701,57
1,702,57
1,703,57
1,704,57
1,705,57
1,706,57
1,707,57
1,708,57
1,709,57
1,710,57
1,711,57
1,712,57
1,713,57
1,714,57
1,715,57
1,716,57
1,717,57
1,718,57
1,719,57
1,720,57
1,721,57
1,722,57
1,723,57
1,724,57
1,725,57
1,726,57
1,727,57
1,728,57
1,729,57
1,730,57
1,731,57
1,732,57
1,733,57
1,734,57
1,735,57
1,736,57
1,737,57
1,738,57
1,739,57
1,740,57
1,741,57
1,742,57
1,743,57
0,648,58
0,649,58
0,650,58
0,651,58
0,652,58
0,653,58
0,654,58
0,655,58
0,656,58
0,657,58
0,658,58
0,659,58
0,660,58
0,661,58
0,662,58
0,663,58
0,664,58
0,665,58
0,666,58
0,667,58
0,668,58
0,669,58
0,670,58
0,671,58
0,672,58
0,673,58
0,674,58
0,675,58
0,676,58
0,677,58
0,678,58
0,679,58
0,680,58
0,681,58
0,682,58
0,683,58
0,684,58
0,685,58
0,686,58
0,687,58
0,688,58
0,689,58
0,690,58
0,691,58
0,692,58
0,693,58
0,694,58
0,695,58
0,696,58
0,697,58
0,698,58
0,699,58
0,700,58
0,701,58
0,702,58
0,703,58
0,704,58
0,705,58
0,706,58
0,707,58
0,708,58
0,709,58
0,710,58
0,711,58
0,712,58
0,713,58
0,714,58
0,715,58
0,716,58
0,717,58
0,718,58
0,719,58
0,720,58
0,721,58
0,722,58
0,723,58
0,724,58
0,725,58
0,726,58
0,727,58
0,728,58
0,729,58
0,730,58
0,731,58
0,732,58
0,733,58
0,734,58
0,735,58
0,736,58
0,737,58
0,738,58
0,739,58
0,740,58
0,741,58
0,742,58
0,743,58
0,648,59
0,649,59
0,650,59
0,651,59
0,652,59
0,653,59
0,654,59
0,655,59
0,656,59
0,657,59
0,658,59
0,659,59
0,660,59
0,661,59
0,662,59
0,663,59
0,664,59
0,665,59
0,666,59
0,667,59
0,668,59
0,669,59
0,670,59
0,671,59
0,672,59
0,673,59
1,674,59
1,675,59
1,676,59
1,677,59
1,678,59
1,679,59
1,680,59
1,681,59
1,682,59
1,683,59
1,684,59
1,685,59
1,686,59
1,687,59
1,688,59
1,689,59
1,690,59
1,691,59
1,692,59
1,693,59
1,694,59
1,695,59
1,696,59
1,697,59
1,698,59
1,699,59
1,700,59
1,701,59
1,702,59
1,703,59
1,704,59
1,705,59
1,706,59
1,707,59
1,708,59
1,709,59
1,710,59
1,711,59
1,712,59
1,713,59
1,714,59
1,715,59
1,716,59
1,717,59
1,718,59
1,719,59
1,720,59
1,721,59
1,722,59
1,723,59
1,724,59
1,725,59
1,726,59
1,727,59
1,728,59
1,729,59
1,730,59
1,731,59
1,732,59
1,733,59
1,734,59
1,735,59
1,736,59
1,737,59
1,738,59
1,739,59
1,740,59
1,741,59
1,742,59
1,743,59
0,648,60
0,649,60
0,650,60
0,651,60
0,652,60
0,653,60
0,654,60
0,655,60
0,656,60
0,657,60
0,658,60
0,659,60
0,660,60
0,661,60
0,662,60
0,663,60
0,664,60
0,665,60
0,666,60
0,667,60
0,668,60
0,669,60
0,670,60
0,671,60
0,672,60
0,673,60
0,674,60
0,675,60
0,676,60
0,677,60
0,678,60
0,679,60
0,680,60
0,681,60
0,682,60
0,683,60
0,684,60
0,685,60
0,686,60
0,687,60
0,688,60
0,689,60
0,690,60
0,691,60
0,692,60
0,693,60
0,694,60
0,695,60
0,696,60
0,697,60
0,698,60
0,699,60
0,700,60
0,701,60
0,702,60
0,703,60
0,704,60
0,705,60
0,706,60
0,707,60
0,708,60
0,709,60
0,710,60
0,711,60
0,712,60
0,713,60
0,714,60
0,715,60
0,716,60
0,717,60
0,718,60
0,719,60
0,720,60
0,721,60
0,722,60
0,723,60
0,724,60
0,725,60
0,726,60
0,727,60
0,728,60
0,729,60
0,730,60
0,731,60
0,732,60
0,733,60
0,734,60
1,735,60
1,736,60
1,737,60
1,738,60
1,739,60
1,740,60
1,741,60
1,742,60
1,743,60
0,648,61
0,649,61
0,650,61
0,651,61
0,652,61
0,653,61
0,654,61
0,655,61
0,656,61
0,657,61
0,658,61
0,659,61
0,660,61
0,661,61
0,662,61
0,663,61
0,664,61
0,665,61
0,666,61
0,667,61
0,668,61
0,669,61
0,670,61
0,671,61
0,672,61
0,673,61
0,674,61
0,675,61
0,676,61
1,677,61
1,678,61
1,679,61
1,680,61
1,681,61
1,682,61
1,683,61
1,684,61
1,685,61
1,686,61
1,687,61
1,688,61
1,689,61
1,690,61
1,691,61
1,692,61
1,693,61
1,694,61
1,695,61
1,696,61
1,697,61
1,698,61
1,699,61
1,700,61
1,701,61
1,702,61
1,703,61
1,704,61
1,705,61
1,706,61
1,707,61
1,708,61
1,709,61
1,710,61
1,711,61
1,712,61
1,713,61
1,714,61
1,715,61
1,716,61
1,717,61
1,718,61
1,719,61
1,720,61
1,721,61
1,722,61
1,723,61
1,724,61
1,725,61
1,726,61
1,727,61
1,728,61
1,729,61
1,730,61
1,731,61
1,732,61
1,733,61
1,734,61
1,735,61
1,736,61
1,737,61
1,738,61
1,739,61
1,740,61
1,741,61
1,742,61
1,743,61
0,648,62
0,649,62
0,650,62
0,651,62
0,652,62
0,653,62
0,654,62
0,655,62
0,656,62
0,657,62
0,658,62
0,659,62
0,660,62
0,661,62
0,662,62
0,663,62
0,664,62
0,665,62
0,666,62
0,667,62
0,668,62
0,669,62
0,670,62
0,671,62
0,672,62
0,673,62
0,674,62
0,675,62
0,676,62
0,677,62
0,678,62
0,679,62
0,680,62
0,681,62
0,682,62
0,683,62
0,684,62
0,685,62
0,686,62
0,687,62
0,688,62
0,689,62
0,690,62
0,691,62
0,692,62
0,693,62
0,694,62
0,695,62
0,696,62
0,697,62
0,698,62
0,699,62
0,700,62
0,701,62
0,702,62
0,703,62
0,704,62
0,705,62
0,706,62
0,707,62
0,708,62
0,709,62
0,710,62
0,711,62
0,712,62
0,713,62
0,714,62
0,715,62
0,716,62
0,717,62
0,718,62
0,719,62
0,720,62
0,721,62
0,722,62
0,723,62
0,724,62
0,725,62
0,726,62
0,727,62
0,728,62
0,729,62
0,730,62
0,731,62
0,732,62
0,733,62
0,734,62
0,735,62
0,736,62
0,737,62
0,738,62
0,739,62
1,740,62
1,741,62
1,742,62
1,743,62
0,648,63
0,649,63
0,650,63
0,651,63
0,652,63
0,653,63
0,654,63
0,655,63
0,656,63
0,657,63
0,658,63
0,659,63
0,660,63
0,661,63
0,662,63
0,663,63
0,664,63
0,665,63
0,666,63
0,667,63
0,668,63
0,669,63
0,670,63
0,671,63
0,672,63
0,673,63
0,674,63
0,675,63
0,676,63
0,677,63
0,678,63
0,679,63
0,680,63
0,681,63
0,682,63
0,683,63
0,684,63
0,685,63
0,686,63
0,687,63
0,688,63
0,689,63
1,690,63
1,691,63
1,692,63
1,693,63
1,694,63
1,695,63
1,696,63
1,697,63
1,698,63
1,699,63
1,700,63
1,701,63
1,702,63
1,703,63
1,704,63
1,705,63
1,706,63
1,707,63
1,708,63
1,709,63
1,710,63
1,711,63
1,712,63
1,713,63
1,714,63
1,715,63
1,716,63
1,717,63
1,718,63
1,719,63
1,720,63
1,721,63
1,722,63
1,723,63
1,724,63
1,725,63
1,726,63
1,727,63
1,728,63
1,729,63
1,730,63
1,731,63
1,732,63
1,733,63
1,734,63
1,735,63
1,736,63
1,737,63
1,738,63
1,739,63
1,740,63
1,741,63
1,742,63
1,743,63
0,648,64
0,649,64
0,650,64
0,651,64
0,652,64
0,653,64
0,654,64
0,655,64
0,656,64
0,657,64
0,658,64
0,659,64
0,660,64
0,661,64
0,662,64
0,663,64
0,664,64
0,665,64
0,666,64
0,667,64
0,668,64
0,669,64
0,670,64
0,671,64
0,672,64
0,673,64
0,674,64
0,675,64
0,676,64
0,677,64
0,678,64
0,679,64
0,680,64
0,681,64
0,682,64
0,683,64
0,684,64
0,685,64
0,686,64
0,687,64
0,688,64
0,689,64
0,690,64
0,691,64
0,692,64
0,693,64
0,694,64
0,695,64
0,696,64
0,697,64
0,698,64
0,699,64
0,700,64
0,701,64
0,702,64
0,703,64
0,704,64
0,705,64
0,706,64
0,707,64
0,708,64
0,709,64
0,710,64
0,711,64
0,712,64
0,713,64
0,714,64
0,715,64
0,716,64
1,717,64
1,718,64
1,719,64
1,720,64
1,721,64
1,722,64
1,723,64
1,724,64
1,725,64
1,726,64
1,727,64
1,728,64
1,729,64
1,730,64
1,731,64
1,732,64
1,733,64
1,734,64
1,735,64
1,736,64
1,737,64
1,738,64
1,739,64
1,740,64
1,741,64
1,742,64
1,743,64
0,648,65
0,649,65
0,650,65
0,651,65
0,652,65
0,653,65
0,654,65
0,655,65
0,656,65
0,657,65
0,658,65
0,659,65
0,660,65
0,661,65
0,662,65
0,663,65
0,664,65
0,665,65
0,666,65
0,667,65
0,668,65
0,669,65
0,670,65
0,671,65
0,672,65
0,673,65
0,674,65
0,675,65
0,676,65
0,677,65
0,678,65
0,679,65
0,680,65
0,681,65
0,682,65
0,683,65
0,684,65
0,685,65
0,686,65
0,687,65
0,688,65
0,689,65
0,690,65
0,691,65
0,692,65
0,693,65
0,694,65
0,695,65
0,696,65
0,697,65
0,698,65
0,699,65
0,700,65
0,701,65
0,702,65
0,703,65
1,704,65
1,705,65
1,706,65
1,707,65
1,708,65
1,709,65
1,710,65
1,711,65
1,712,65
1,713,65
1,714,65
1,715,65
1,716,65
1,717,65
1,718,65
1,719,65
1,720,65
1,721,65
1,722,65
1,723,65
1,724,65
1,725,65
1,726,65
1,727,65
1,728,65
1,729,65
1,730,65
1,731,65
1,732,65
1,733,65
1,734,65
1,735,65
1,736,65
1,737,65
1,738,65
1,739,65
1,740,65
1,741,65
1,742,65
1,743,65
0,648,66
0,649,66
0,650,66
0,651,66
0,652,66
0,653,66
0,654,66
0,655,66
0,656,66
0,657,66
0,658,66
0,659,66
0,660,66
0,661,66
0,662,66
0,663,66
0,664,66
0,665,66
0,666,66
0,667,66
0,668,66
0,669,66
0,670,66
0,671,66
0,672,66
1,673,66
1,674,66
1,675,66
1,676,66
1,677,66
1,678,66
1,679,66
1,680,66
1,681,66
1,682,66
1,683,66
1,684,66
1,685,66
1,686,66
1,687,66
1,688,66
1,689,66
1,690,66
1,691,66
1,692,66
1,693,66
1,694,66
1,695,66
1,696,66
1,697,66
1,698,66
1,699,66
1,700,66
1,701,66
1,702,66
1,703,66
1,704,66
1,705,66
1,706,66
1,707,66
1,708,66
1,709,66
1,710,66
1,711,66
1,712,66
1,713,66
1,714,66
1,715,66
1,716,66
1,717,66
1,718,66
1,719,66
1,720,66
1,721,66
1,722,66
1,723,66
1,724,66
1,725,66
1,726,66
1,727,66
1,728,66
1,729,66
1,730,66
1,731,66
1,732,66
1,733,66
1,734,66
1,735,66
1,736,66
1,737,66
1,738,66
1,739,66
1,740,66
1,741,66
1,742,66
1,743,66
0,648,67
0,649,67
0,650,67
0,651,67
0,652,67
0,653,67
0,654,67
0,655,67
0,656,67
0,657,67
0,658,67
0,659,67
0,660,67
0,661,67
0,662,67
0,663,67
0,664,67
0,665,67
0,666,67
0,667,67
0,668,67
0,669,67
0,670,67
0,671,67
0,672,67
0,673,67
0,674,67
0,675,67
0,676,67
0,677,67
0,678,67
0,679,67
0,680,67
0,681,67
0,682,67
0,683,67
0,684,67
0,685,67
0,686,67
0,687,67
0,688,67
0,689,67
0,690,67
0,691,67
0,692,67
0,693,67
0,694,67
0,695,67
0,696,67
0,697,67
0,698,67
0,699,67
0,700,67
0,701,67
0,702,67
0,703,67
0,704,67
0,705,67
0,706,67
0,707,67
0,708,67
0,709,67
0,710,67
0,711,67
0,712,67
0,713,67
0,714,67
0,715,67
0,716,67
0,717,67
0,718,67
0,719,67
0,720,67
0,721,67
0,722,67
0,723,67
0,724,67
0,725,67
0,726,67
0,727,67
0,728,67
0,729,67
0,730,67
0,731,67
0,732,67
0,733,67
1,734,67
1,735,67
1,736,67
1,737,67
1,738,67
1,739,67
1,740,67
1,741,67
1,742,67
1,743,67
0,648,68
0,649,68
0,650,68
0,651,68
0,652,68
0,653,68
0,654,68
0,655,68
0,656,68
0,657,68
0,658,68
0,659,68
0,660,68
0,661,68
0,662,68
0,663,68
0,664,68
0,665,68
0,666,68
0,667,68
0,668,68
0,669,68
0,670,68
0,671,68
0,672,68
0,673,68
0,674,68
0,675,68
0,676,68
0,677,68
0,678,68
0,679,68
0,680,68
0,681,68
0,682,68
0,683,68
0,684,68
0,685,68
0,686,68
0,687,68
0,688,68
1,689,68
1,690,68
1,691,68
1,692,68
1,693,68
1,694,68
1,695,68
1,696,68
1,697,68
1,698,68
1,699,68
1,700,68
1,701,68
1,702,68
1,703,68
1,704,68
1,705,68
1,706,68
1,707,68
1,708,68
1,709,68
1,710,68
1,711,68
1,712,68
1,713,68
1,714,68
1,715,68
1,716,68
1,717,68
1,718,68
1,719,68
1,720,68
1,721,68
1,722,68
1,723,68
1,724,68
1,725,68
1,726,68
1,727,68
1,728,68
1,729,68
1,730,68
1,731,68
1,732,68
1,733,68
1,734,68
1,735,68
1,736,68
1,737,68
1,738,68
1,739,68
1,740,68
1,741,68
1,742,68
1,743,68
0,648,69
0,649,69
0,650,69
0,651,69
0,652,69
0,653,69
0,654,69
0,655,69
0,656,69
0,657,69
0,658,69
0,659,69
0,660,69
0,661,69
0,662,69
0,663,69
0,664,69
0,665,69
0,666,69
0,667,69
0,668,69
0,669,69
0,670,69
0,671,69
0,672,69
0,673,69
0,674,69
0,675,69
0,676,69
0,677,69
0,678,69
0,679,69
0,680,69
0,681,69
0,682,69
0,683,69
0,684,69
0,685,69
1,686,69
1,687,69
1,688,69
1,689,69
1,690,69
1,691,69
1,692,69
1,693,69
1,694,69
1,695,69
1,696,69
1,697,69
1,698,69
1,699,69
1,700,69
1,701,69
1,702,69
1,703,69
1,704,69
1,705,69
1,706,69
1,707,69
1,708,69
1,709,69
1,710,69
1,711,69
1,712,69
1,713,69
1,714,69
1,715,69
1,716,69
1,717,69
1,718,69
1,719,69
1,720,69
1,721,69
1,722,69
1,723,69
1,724,69
1,725,69
1,726,69
1,727,69
1,728,69
1,729,69
1,730,69
1,731,69
1,732,69
1,733,69
1,734,69
1,735,69
1,736,69
1,737,69
1,738,69
1,739,69
1,740,69
1,741,69
1,742,69
1,743,69
0,648,70
0,649,70
0,650,70
0,651,70
0,652,70
0,653,70
0,654,70
0,655,70
0,656,70
0,657,70
0,658,70
0,659,70
0,660,70
0,661,70
0,662,70
0,663,70
0,664,70
0,665,70
0,666,70
0,667,70
0,668,70
0,669,70
0,670,70
0,671,70
0,672,70
0,673,70
0,674,70
0,675,70
0,676,70
0,677,70
0,678,70
0,679,70
0,680,70
0,681,70
0,682,70
0,683,70
0,684,70
0,685,70
1,686,70
1,687,70
1,688,70
1,689,70
1,690,70
1,691,70
1,692,70
1,693,70
1,694,70
1,695,70
1,696,70
1,697,70
1,698,70
1,699,70
1,700,70
1,701,70
1,702,70
1,703,70
1,704,70
1,705,70
1,706,70
1,707,70
1,708,70
1,709,70
1,710,70
1,711,70
1,712,70
1,713,70
1,714,70
1,715,70
1,716,70
1,717,70
1,718,70
1,719,70
1,720,70
1,721,70
1,722,70
1,723,70
1,724,70
1,725,70
1,726,70
1,727,70
1,728,70
1,729,70
1,730,70
1,731,70
1,732,70
1,733,70
1,734,70
1,735,70
1,736,70
1,737,70
1,738,70
1,739,70
1,740,70
1,741,70
1,742,70
1,743,70
0,648,71
0,649,71
0,650,71
0,651,71
0,652,71
0,653,71
0,654,71
0,655,71
0,656,71
0,657,71
0,658,71
0,659,71
0,660,71
0,661,71
0,662,71
0,663,71
0,664,71
0,665,71
0,666,71
0,667,71
0,668,71
0,669,71
0,670,71
0,671,71
0,672,71
0,673,71
0,674,71
0,675,71
0,676,71
0,677,71
0,678,71
0,679,71
0,680,71
0,681,71
0,682,71
0,683,71
0,684,71
0,685,71
0,686,71
0,687,71
0,688,71
0,689,71
0,690,71
0,691,71
0,692,71
0,693,71
0,694,71
0,695,71
0,696,71
0,697,71
0,698,71
0,699,71
0,700,71
0,701,71
0,702,71
1,703,71
1,704,71
1,705,71
1,706,71
1,707,71
1,708,71
1,709,71
1,710,71
1,711,71
1,712,71
1,713,71
1,714,71
1,715,71
1,716,71
1,717,71
1,718,71
1,719,71
1,720,71
1,721,71
1,722,71
1,723,71
1,724,71
1,725,71
1,726,71
1,727,71
1,728,71
1,729,71
1,730,71
1,731,71
1,732,71
1,733,71
1,734,71
1,735,71
1,736,71
1,737,71
1,738,71
1,739,71
1,740,71
1,741,71
1,742,71
1,743,71
0,648,72
0,649,72
0,650,72
0,651,72
0,652,72
0,653,72
0,654,72
0,655,72
0,656,72
0,657,72
0,658,72
0,659,72
0,660,72
0,661,72
0,662,72
0,663,72
0,664,72
0,665,72
0,666,72
0,667,72
0,668,72
0,669,72
0,670,72
0,671,72
0,672,72
0,673,72
0,674,72
0,675,72
0,676,72
0,677,72
0,678,72
0,679,72
0,680,72
0,681,72
0,682,72
0,683,72
0,684,72
0,685,72
0,686,72
0,687,72
0,688,72
0,689,72
0,690,72
0,691,72
0,692,72
0,693,72
0,694,72
0,695,72
0,696,72
0,697,72
0,698,72
0,699,72
0,700,72
0,701,72
0,702,72
0,703,72
0,704,72
1,705,72
1,706,72
1,707,72
1,708,72
1,709,72
1,710,72
1,711,72
1,712,72
1,713,72
1,714,72
1,715,72
1,716,72
1,717,72
1,718,72
1,719,72
1,720,72
1,721,72
1,722,72
1,723,72
1,724,72
1,725,72
1,726,72
1,727,72
1,728,72
1,729,72
1,730,72
1,731,72
1,732,72
1,733,72
1,734,72
1,735,72
1,736,72
1,737,72
1,738,72
1,739,72
1,740,72
1,741,72
1,742,72
1,743,72
0,648,73
0,649,73
0,650,73
0,651,73
0,652,73
0,653,73
0,654,73
0,655,73
0,656,73
0,657,73
0,658,73
0,659,73
0,660,73
0,661,73
0,662,73
0,663,73
0,664,73
0,665,73
0,666,73
0,667,73
0,668,73
0,669,73
0,670,73
0,671,73
0,672,73
0,673,73
0,674,73
0,675,73
0,676,73
1,677,73
1,678,73
1,679,73
1,680,73
1,681,73
1,682,73
1,683,73
1,684,73
1,685,73
1,686,73
1,687,73
1,688,73
1,689,73
1,690,73
1,691,73
1,692,73
1,693,73
1,694,73
1,695,73
1,696,73
1,697,73
1,698,73
1,699,73
1,700,73
1,701,73
1,702,73
1,703,73
1,704,73
1,705,73
1,706,73
1,707,73
1,708,73
1,709,73
1,710,73
1,711,73
1,712,73
1,713,73
1,714,73
1,715,73
1,716,73
1,717,73
1,718,73
1,719,73
1,720,73
1,721,73
1,722,73
1,723,73
1,724,73
1,725,73
1,726,73
1,727,73
1,728,73
1,729,73
1,730,73
1,731,73
1,732,73
1,733,73
1,734,73
1,735,73
1,736,73
1,737,73
1,738,73
1,739,73
1,740,73
1,741,73
1,742,73
1,743,73
0,648,74
0,649,74
0,650,74
0,651,74
0,652,74
0,653,74
0,654,74
0,655,74
0,656,74
0,657,74
0,658,74
0,659,74
0,660,74
0,661,74
0,662,74
0,663,74
0,664,74
0,665,74
0,666,74
0,667,74
0,668,74
0,669,74
0,670,74
0,671,74
0,672,74
0,673,74
0,674,74
0,675,74
0,676,74
0,677,74
0,678,74
0,679,74
0,680,74
0,681,74
0,682,74
0,683,74
0,684,74
0,685,74
0,686,74
0,687,74
0,688,74
0,689,74
0,690,74
0,691,74
0,692,74
0,693,74
0,694,74
0,695,74
0,696,74
0,697,74
0,698,74
0,699,74
0,700,74
0,701,74
0,702,74
0,703,74
0,704,74
0,705,74
0,706,74
0,707,74
0,708,74
0,709,74
0,710,74
0,711,74
0,712,74
0,713,74
0,714,74
0,715,74
0,716,74
0,717,74
0,718,74
0,719,74
0,720,74
0,721,74
0,722,74
0,723,74
0,724,74
0,725,74
0,726,74
0,727,74
0,728,74
0,729,74
0,730,74
0,731,74
0,732,74
0,733,74
0,734,74
0,735,74
0,736,74
0,737,74
1,738,74
1,739,74
1,740,74
1,741,74
1,742,74
1,743,74
0,648,75
0,649,75
0,650,75
0,651,75
0,652,75
0,653,75
0,654,75
0,655,75
0,656,75
0,657,75
0,658,75
0,659,75
0,660,75
0,661,75
0,662,75
0,663,75
0,664,75
0,665,75
0,666,75
0,667,75
0,668,75
0,669,75
0,670,75
0,671,75
0,672,75
0,673,75
0,674,75
0,675,75
0,676,75
0,677,75
0,678,75
0,679,75
0,680,75
0,681,75
0,682,75
0,683,75
0,684,75
0,685,75
0,686,75
0,687,75
0,688,75
0,689,75
0,690,75
0,691,75
0,692,75
0,693,75
0,694,75
0,695,75
0,696,75
0,697,75
0,698,75
0,699,75
0,700,75
0,701,75
0,702,75
0,703,75
0,704,75
0,705,75
0,706,75
0,707,75
0,708,75
0,709,75
0,710,75
0,711,75
0,712,75
0,713,75
0,714,75
0,715,75
0,716,75
0,717,75
0,718,75
0,719,75
0,720,75
0,721,75
0,722,75
0,723,75
0,724,75
0,725,75
0,726,75
0,727,75
0,728,75
0,729,75
0,730,75
0,731,75
0,732,75
0,733,75
1,734,75
1,735,75
1,736,75
1,737,75
1,738,75
1,739,75
1,740,75
1,741,75
1,742,75
1,743,75
0,648,76
0,649,76
0,650,76
0,651,76
0,652,76
0,653,76
0,654,76
0,655,76
0,656,76
0,657,76
0,658,76
0,659,76
0,660,76
0,661,76
0,662,76
0,663,76
0,664,76
0,665,76
0,666,76
0,667,76
0,668,76
0,669,76
0,670,76
0,671,76
0,672,76
0,673,76
0,674,76
0,675,76
0,676,76
0,677,76
0,678,76
0,679,76
0,680,76
0,681,76
0,682,76
0,683,76
0,684,76
0,685,76
0,686,76
0,687,76
0,688,76
0,689,76
0,690,76
0,691,76
0,692,76
0,693,76
0,694,76
0,695,76
0,696,76
0,697,76
0,698,76
0,699,76
0,700,76
0,701,76
0,702,76
0,703,76
0,704,76
0,705,76
0,706,76
0,707,76
0,708,76
0,709,76
0,710,76
0,711,76
0,712,76
0,713,76
0,714,76
0,715,76
0,716,76
0,717,76
0,718,76
0,719,76
0,720,76
0,721,76
0,722,76
0,723,76
0,724,76
0,725,76
0,726,76
0,727,76
0,728,76
0,729,76
0,730,76
0,731,76
0,732,76
0,733,76
0,734,76
0,735,76
0,736,76
0,737,76
0,738,76
0,739,76
1,740,76
1,741,76
1,742,76
1,743,76
0,648,77
0,649,77
0,650,77
0,651,77
0,652,77
0,653,77
0,654,77
0,655,77
0,656,77
0,657,77
0,658,77
0,659,77
0,660,77
0,661,77
0,662,77
0,663,77
0,664,77
0,665,77
0,666,77
0,667,77
0,668,77
0,669,77
0,670,77
0,671,77
0,672,77
0,673,77
0,674,77
0,675,77
0,676,77
0,677,77
0,678,77
0,679,77
0,680,77
0,681,77
0,682,77
0,683,77
0,684,77
0,685,77
0,686,77
0,687,77
0,688,77
0,689,77
0,690,77
0,691,77
0,692,77
0,693,77
0,694,77
0,695,77
0,696,77
0,697,77
0,698,77
0,699,77
0,700,77
0,701,77
0,702,77
0,703,77
0,704,77
0,705,77
0,706,77
0,707,77
0,708,77
0,709,77
0,710,77
0,711,77
0,712,77
0,713,77
0,714,77
0,715,77
0,716,77
0,717,77
0,718,77
0,719,77
0,720,77
0,721,77
0,722,77
0,723,77
0,724,77
0,725,77
0,726,77
0,727,77
0,728,77
0,729,77
0,730,77
0,731,77
0,732,77
0,733,77
0,734,77
0,735,77
0,736,77
0,737,77
0,738,77
0,739,77
0,740,77
0,741,77
1,742,77
1,743,77
0,648,78
0,649,78
0,650,78
0,651,78
0,652,78
0,653,78
0,654,78
0,655,78
0,656,78
0,657,78
0,658,78
0,659,78
0,660,78
0,661,78
0,662,78
0,663,78
0,664,78
0,665,78
0,666,78
0,667,78
0,668,78
0,669,78
0,670,78
0,671,78
0,672,78
0,673,78
0,674,78
0,675,78
0,676,78
0,677,78
0,678,78
0,679,78
0,680,78
0,681,78
0,682,78
0,683,78
0,684,78
0,685,78
0,686,78
0,687,78
0,688,78
0,689,78
0,690,78
0,691,78
0,692,78
0,693,78
0,694,78
0,695,78
0,696,78
0,697,78
0,698,78
0,699,78
0,700,78
0,701,78
0,702,78
0,703,78
0,704,78
0,705,78
0,706,78
0,707,78
0,708,78
0,709,78
0,710,78
0,711,78
0,712,78
0,713,78
0,714,78
0,715,78
0,716,78
0,717,78
0,718,78
0,719,78
0,720,78
0,721,78
0,722,78
0,723,78
0,724,78
0,725,78
0,726,78
0,727,78
0,728,78
0,729,78
0,730,78
0,731,78
0,732,78
0,733,78
0,734,78
0,735,78
0,736,78
0,737,78
0,738,78
0,739,78
0,740,78
0,741,78
0,742,78
0,743,78
0,648,79
0,649,79
0,650,79
0,651,79
0,652,79
0,653,79
0,654,79
0,655,79
0,656,79
0,657,79
0,658,79
0,659,79
0,660,79
0,661,79
0,662,79
0,663,79
0,664,79
0,665,79
0,666,79
0,667,79
0,668,79
0,669,79
0,670,79
0,671,79
0,672,79
1,673,79
1,674,79
1,675,79
1,676,79
1,677,79
1,678,79
1,679,79
1,680,79
1,681,79
1,682,79
1,683,79
1,684,79
1,685,79
1,686,79
1,687,79
1,688,79
1,689,79
1,690,79
1,691,79
1,692,79
1,693,79
1,694,79
1,695,79
1,696,79
1,697,79
1,698,79
1,699,79
1,700,79
1,701,79
1,702,79
1,703,79
1,704,79
1,705,79
1,706,79
1,707,79
1,708,79
1,709,79
1,710,79
1,711,79
1,712,79
1,713,79
1,714,79
1,715,79
1,716,79
1,717,79
1,718,79
1,719,79
1,720,79
1,721,79
1,722,79
1,723,79
1,724,79
1,725,79
1,726,79
1,727,79
1,728,79
1,729,79
1,730,79
1,731,79
1,732,79
1,733,79
1,734,79
1,735,79
1,736,79
1,737,79
1,738,79
1,739,79
1,740,79
1,741,79
1,742,79
1,743,79
0,648,80
0,649,80
0,650,80
0,651,80
0,652,80
0,653,80
0,654,80
0,655,80
0,656,80
0,657,80
0,658,80
0,659,80
0,660,80
0,661,80
0,662,80
0,663,80
0,664,80
0,665,80
0,666,80
0,667,80
0,668,80
0,669,80
0,670,80
0,671,80
0,672,80
0,673,80
0,674,80
0,675,80
0,676,80
0,677,80
0,678,80
0,679,80
0,680,80
0,681,80
0,682,80
0,683,80
0,684,80
0,685,80
0,686,80
0,687,80
0,688,80
0,689,80
0,690,80
0,691,80
0,692,80
0,693,80
0,694,80
0,695,80
0,696,80
0,697,80
0,698,80
1,699,80
1,700,80
1,701,80
1,702,80
1,703,80
1,704,80
1,705,80
1,706,80
1,707,80
1,708,80
1,709,80
1,710,80
1,711,80
1,712,80
1,713,80
1,714,80
1,715,80
1,716,80
1,717,80
1,718,80
1,719,80
1,720,80
1,721,80
1,722,80
1,723,80
1,724,80
1,725,80
1,726,80
1,727,80
1,728,80
1,729,80
1,730,80
1,731,80
1,732,80
1,733,80
1,734,80
1,735,80
1,736,80
1,737,80
1,738,80
1,739,80
1,740,80
1,741,80
1,742,80
1,743,80
0,648,81
0,649,81
0,650,81
0,651,81
0,652,81
0,653,81
0,654,81
0,655,81
0,656,81
0,657,81
0,658,81
0,659,81
0,660,81
0,661,81
0,662,81
0,663,81
0,664,81
0,665,81
0,666,81
0,667,81
0,668,81
0,669,81
0,670,81
0,671,81
0,672,81
0,673,81
0,674,81
0,675,81
0,676,81
0,677,81
0,678,81
0,679,81
0,680,81
0,681,81
0,682,81
0,683,81
0,684,81
0,685,81
0,686,81
0,687,81
0,688,81
0,689,81
0,690,81
0,691,81
0,692,81
0,693,81
1,694,81
1,695,81
1,696,81
1,697,81
1,698,81
1,699,81
1,700,81
1,701,81
1,702,81
1,703,81
1,704,81
1,705,81
1,706,81
1,707,81
1,708,81
1,709,81
1,710,81
1,711,81
1,712,81
1,713,81
1,714,81
1,715,81
1,716,81
1,717,81
1,718,81
1,719,81
1,720,81
1,721,81
1,722,81
1,723,81
1,724,81
1,725,81
1,726,81
1,727,81
1,728,81
1,729,81
1,730,81
1,731,81
1,732,81
1,733,81
1,734,81
1,735,81
1,736,81
1,737,81
1,738,81
1,739,81
1,740,81
1,741,81
1,742,81
1,743,81
1,648,82
1,649,82
1,650,82
1,651,82
1,652,82
1,653,82
1,654,82
1,655,82
1,656,82
1,657,82
1,658,82
1,659,82
1,660,82
1,661,82
1,662,82
1,663,82
1,664,82
1,665,82
1,666,82
1,667,82
1,668,82
1,669,82
1,670,82
1,671,82
1,672,82
1,673,82
1,674,82
1,675,82
1,676,82
1,677,82
1,678,82
1,679,82
1,680,82
1,681,82
1,682,82
1,683,82
1,684,82
1,685,82
1,686,82
1,687,82
1,688,82
1,689,82
1,690,82
1,691,82
1,692,82
1,693,82
1,694,82
1,695,82
1,696,82
1,697,82
1,698,82
1,699,82
1,700,82
1,701,82
1,702,82
1,703,82
1,704,82
1,705,82
1,706,82
1,707,82
1,708,82
1,709,82
1,710,82
1,711,82
1,712,82
1,713,82
1,714,82
1,715,82
1,716,82
1,717,82
1,718,82
1,719,82
1,720,82
1,721,82
1,722,82
1,723,82
1,724,82
1,725,82
1,726,82
1,727,82
1,728,82
1,729,82
1,730,82
1,731,82
1,732,82
1,733,82
1,734,82
1,735,82
1,736,82
1,737,82
1,738,82
1,739,82
1,740,82
1,741,82
1,742,82
1,743,82
0,648,83
0,649,83
0,650,83
0,651,83
0,652,83
0,653,83
0,654,83
0,655,83
0,656,83
0,657,83
0,658,83
0,659,83
0,660,83
0,661,83
0,662,83
0,663,83
0,664,83
0,665,83
0,666,83
0,667,83
0,668,83
0,669,83
0,670,83
0,671,83
0,672,83
0,673,83
0,674,83
0,675,83
0,676,83
0,677,83
0,678,83
0,679,83
0,680,83
0,681,83
0,682,83
0,683,83
0,684,83
0,685,83
0,686,83
0,687,83
0,688,83
0,689,83
0,690,83
0,691,83
0,692,83
0,693,83
0,694,83
0,695,83
0,696,83
0,697,83
0,698,83
0,699,83
0,700,83
0,701,83
0,702,83
0,703,83
0,704,83
0,705,83
0,706,83
0,707,83
0,708,83
0,709,83
0,710,83
0,711,83
0,712,83
0,713,83
0,714,83
0,715,83
0,716,83
0,717,83
0,718,83
0,719,83
0,720,83
0,721,83
0,722,83
0,723,83
0,724,83
0,725,83
0,726,83
0,727,83
1,728,83
1,729,83
1,730,83
1,731,83
1,732,83
1,733,83
1,734,83
1,735,83
1,736,83
1,737,83
1,738,83
1,739,83
1,740,83
1,741,83
1,742,83
1,743,83
0,648,84
0,649,84
0,650,84
0,651,84
1,652,84
1,653,84
1,654,84
1,655,84
1,656,84
1,657,84
1,658,84
1,659,84
1,660,84
1,661,84
1,662,84
1,663,84
1,664,84
1,665,84
1,666,84
1,667,84
1,668,84
1,669,84
1,670,84
1,671,84
1,672,84
1,673,84
1,674,84
1,675,84
1,676,84
1,677,84
1,678,84
1,679,84
1,680,84
1,681,84
1,682,84
1,683,84
1,684,84
1,685,84
1,686,84
1,687,84
1,688,84
1,689,84
1,690,84
1,691,84
1,692,84
1,693,84
1,694,84
1,695,84
1,696,84
1,697,84
1,698,84
1,699,84
1,700,84
1,701,84
1,702,84
1,703,84
1,704,84
1,705,84
1,706,84
1,707,84
1,708,84
1,709,84
1,710,84
1,711,84
1,712,84
1,713,84
1,714,84
1,715,84
1,716,84
1,717,84
1,718,84
1,719,84
1,720,84
1,721,84
1,722,84
1,723,84
1,724,84
1,725,84
1,726,84
1,727,84
1,728,84
1,729,84
1,730,84
1,731,84
1,732,84
1,733,84
1,734,84
1,735,84
1,736,84
1,737,84
1,738,84
1,739,84
1,740,84
1,741,84
1,742,84
1,743,84
0,648,85
0,649,85
0,650,85
0,651,85
0,652,85
0,653,85
0,654,85
1,655,85
1,656,85
1,657,85
1,658,85
1,659,85
1,660,85
1,661,85
1,662,85
1,663,85
1,664,85
1,665,85
1,666,85
1,667,85
1,668,85
1,669,85
1,670,85
1,671,85
1,672,85
1,673,85
1,674,85
1,675,85
1,676,85
1,677,85
1,678,85
1,679,85
1,680,85
1,681,85
1,682,85
1,683,85
1,684,85
1,685,85
1,686,85
1,687,85
1,688,85
1,689,85
1,690,85
1,691,85
1,692,85
1,693,85
1,694,85
1,695,85
1,696,85
1,697,85
1,698,85
1,699,85
1,700,85
1,701,85
1,702,85
1,703,85
1,704,85
1,705,85
1,706,85
1,707,85
1,708,85
1,709,85
1,710,85
1,711,85
1,712,85
1,713,85
1,714,85
1,715,85
1,716,85
1,717,85
1,718,85
1,719,85
1,720,85
1,721,85
1,722,85
1,723,85
1,724,85
1,725,85
1,726,85
1,727,85
1,728,85
1,729,85
1,730,85
1,731,85
1,732,85
1,733,85
1,734,85
1,735,85
1,736,85
1,737,85
1,738,85
1,739,85
1,740,85
1,741,85
1,742,85
1,743,85
0,648,86
0,649,86
0,650,86
0,651,86
0,652,86
0,653,86
0,654,86
0,655,86
0,656,86
0,657,86
0,658,86
0,659,86
0,660,86
0,661,86
0,662,86
0,663,86
0,664,86
0,665,86
0,666,86
0,667,86
0,668,86
0,669,86
0,670,86
0,671,86
0,672,86
0,673,86
0,674,86
0,675,86
0,676,86
0,677,86
0,678,86
0,679,86
0,680,86
0,681,86
0,682,86
0,683,86
0,684,86
0,685,86
0,686,86
0,687,86
0,688,86
0,689,86
0,690,86
0,691,86
1,692,86
1,693,86
1,694,86
1,695,86
1,696,86
1,697,86
1,698,86
1,699,86
1,700,86
1,701,86
1,702,86
1,703,86
1,704,86
1,705,86
1,706,86
1,707,86
1,708,86
1,709,86
1,710,86
1,711,86
1,712,86
1,713,86
1,714,86
1,715,86
1,716,86
1,717,86
1,718,86
1,719,86
1,720,86
1,721,86
1,722,86
1,723,86
1,724,86
1,725,86
1,726,86
1,727,86
1,728,86
1,729,86
1,730,86
1,731,86
1,732,86
1,733,86
1,734,86
1,735,86
1,736,86
1,737,86
1,738,86
1,739,86
1,740,86
1,741,86
1,742,86
1,743,86
0,648,87
0,649,87
0,650,87
0,651,87
0,652,87
0,653,87
0,654,87
0,655,87
0,656,87
0,657,87
0,658,87
0,659,87
0,660,87
0,661,87
0,662,87
0,663,87
0,664,87
0,665,87
0,666,87
0,667,87
0,668,87
0,669,87
0,670,87
0,671,87
0,672,87
0,673,87
0,674,87
0,675,87
0,676,87
0,677,87
0,678,87
0,679,87
0,680,87
0,681,87
0,682,87
0,683,87
0,684,87
0,685,87
0,686,87
0,687,87
0,688,87
0,689,87
0,690,87
0,691,87
0,692,87
0,693,87
0,694,87
0,695,87
0,696,87
0,697,87
1,698,87
1,699,87
1,700,87
1,701,87
1,702,87
1,703,87
1,704,87
1,705,87
1,706,87
1,707,87
1,708,87
1,709,87
1,710,87
1,711,87
1,712,87
1,713,87
1,714,87
1,715,87
1,716,87
1,717,87
1,718,87
1,719,87
1,720,87
1,721,87
1,722,87
1,723,87
1,724,87
1,725,87
1,726,87
1,727,87
1,728,87
1,729,87
1,730,87
1,731,87
1,732,87
1,733,87
1,734,87
1,735,87
1,736,87
1,737,87
1,738,87
1,739,87
1,740,87
1,741,87
1,742,87
1,743,87
0,648,88
0,649,88
0,650,88
0,651,88
0,652,88
0,653,88
0,654,88
0,655,88
0,656,88
0,657,88
0,658,88
0,659,88
0,660,88
0,661,88
0,662,88
0,663,88
0,664,88
0,665,88
0,666,88
0,667,88
0,668,88
0,669,88
0,670,88
0,671,88
0,672,88
0,673,88
0,674,88
0,675,88
0,676,88
0,677,88
0,678,88
0,679,88
0,680,88
0,681,88
0,682,88
0,683,88
0,684,88
0,685,88
0,686,88
0,687,88
0,688,88
0,689,88
0,690,88
0,691,88
0,692,88
0,693,88
0,694,88
0,695,88
0,696,88
0,697,88
0,698,88
0,699,88
0,700,88
1,701,88
1,702,88
1,703,88
1,704,88
1,705,88
1,706,88
1,707,88
1,708,88
1,709,88
1,710,88
1,711,88
1,712,88
1,713,88
1,714,88
1,715,88
1,716,88
1,717,88
1,718,88
1,719,88
1,720,88
1,721,88
1,722,88
1,723,88
1,724,88
1,725,88
1,726,88
1,727,88
1,728,88
1,729,88
1,730,88
1,731,88
1,732,88
1,733,88
1,734,88
1,735,88
1,736,88
1,737,88
1,738,88
1,739,88
1,740,88
1,741,88
1,742,88
1,743,88
0,648,89
0,649,89
0,650,89
0,651,89
0,652,89
0,653,89
0,654,89
0,655,89
0,656,89
0,657,89
0,658,89
0,659,89
0,660,89
0,661,89
0,662,89
0,663,89
0,664,89
0,665,89
0,666,89
0,667,89
0,668,89
0,669,89
0,670,89
0,671,89
0,672,89
0,673,89
0,674,89
0,675,89
0,676,89
0,677,89
0,678,89
0,679,89
0,680,89
0,681,89
0,682,89
0,683,89
0,684,89
0,685,89
0,686,89
0,687,89
0,688,89
0,689,89
0,690,89
0,691,89
0,692,89
1,693,89
1,694,89
1,695,89
1,696,89
1,697,89
1,698,89
1,699,89
1,700,89
1,701,89
1,702,89
1,703,89
1,704,89
1,705,89
1,706,89
1,707,89
1,708,89
1,709,89
1,710,89
1,711,89
1,712,89
1,713,89
1,714,89
1,715,89
1,716,89
1,717,89
1,718,89
1,719,89
1,720,89
1,721,89
1,722,89
1,723,89
1,724,89
1,725,89
1,726,89
1,727,89
1,728,89
1,729,89
1,730,89
1,731,89
1,732,89
1,733,89
1,734,89
1,735,89
1,736,89
1,737,89
1,738,89
1,739,89
1,740,89
1,741,89
1,742,89
1,743,89
0,648,90
0,649,90
0,650,90
0,651,90
0,652,90
0,653,90
0,654,90
0,655,90
1,656,90
1,657,90
1,658,90
1,659,90
1,660,90
1,661,90
1,662,90
1,663,90
1,664,90
1,665,90
1,666,90
1,667,90
1,668,90
1,669,90
1,670,90
1,671,90
1,672,90
1,673,90
1,674,90
1,675,90
1,676,90
1,677,90
1,678,90
1,679,90
1,680,90
1,681,90
1,682,90
1,683,90
1,684,90
1,685,90
1,686,90
1,687,90
1,688,90
1,689,90
1,690,90
1,691,90
1,692,90
1,693,90
1,694,90
1,695,90
1,696,90
1,697,90
1,698,90
1,699,90
1,700,90
1,701,90
1,702,90
1,703,90
1,704,90
1,705,90
1,706,90
1,707,90
1,708,90
1,709,90
1,710,90
1,711,90
1,712,90
1,713,90
1,714,90
1,715,90
1,716,90
1,717,90
1,718,90
1,719,90
1,720,90
1,721,90
1,722,90
1,723,90
1,724,90
1,725,90
1,726,90
1,727,90
1,728,90
1,729,90
1,730,90
1,731,90
1,732,90
1,733,90
1,734,90
1,735,90
1,736,90
1,737,90
1,738,90
1,739,90
1,740,90
1,741,90
1,742,90
1,743,90
0,648,91
0,649,91
0,650,91
0,651,91
0,652,91
0,653,91
0,654,91
0,655,91
0,656,91
0,657,91
0,658,91
0,659,91
0,660,91
0,661,91
0,662,91
0,663,91
0,664,91
0,665,91
0,666,91
0,667,91
0,668,91
0,669,91
0,670,91
0,671,91
1,672,91
1,673,91
1,674,91
1,675,91
1,676,91
1,677,91
1,678,91
1,679,91
1,680,91
1,681,91
1,682,91
1,683,91
1,684,91
1,685,91
1,686,91
1,687,91
1,688,91
1,689,91
1,690,91
1,691,91
1,692,91
1,693,91
1,694,91
1,695,91
1,696,91
1,697,91
1,698,91
1,699,91
1,700,91
1,701,91
1,702,91
1,703,91
1,704,91
1,705,91
1,706,91
1,707,91
1,708,91
1,709,91
1,710,91
1,711,91
1,712,91
1,713,91
1,714,91
1,715,91
1,716,91
1,717,91
1,718,91
1,719,91
1,720,91
1,721,91
1,722,91
1,723,91
1,724,91
1,725,91
1,726,91
1,727,91
1,728,91
1,729,91
1,730,91
1,731,91
1,732,91
1,733,91
1,734,91
1,735,91
1,736,91
1,737,91
1,738,91
1,739,91
1,740,91
1,741,91
1,742,91
1,743,91
0,648,92
0,649,92
0,650,92
0,651,92
0,652,92
0,653,92
0,654,92
0,655,92
0,656,92
0,657,92
0,658,92
0,659,92
0,660,92
0,661,92
0,662,92
0,663,92
0,664,92
0,665,92
0,666,92
0,667,92
0,668,92
0,669,92
0,670,92
0,671,92
0,672,92
0,673,92
0,674,92
0,675,92
0,676,92
0,677,92
0,678,92
0,679,92
0,680,92
0,681,92
0,682,92
0,683,92
0,684,92
0,685,92
0,686,92
0,687,92
0,688,92
0,689,92
0,690,92
0,691,92
0,692,92
0,693,92
0,694,92
0,695,92
0,696,92
0,697,92
0,698,92
0,699,92
0,700,92
0,701,92
0,702,92
0,703,92
1,704,92
1,705,92
1,706,92
1,707,92
1,708,92
1,709,92
1,710,92
1,711,92
1,712,92
1,713,92
1,714,92
1,715,92
1,716,92
1,717,92
1,718,92
1,719,92
1,720,92
1,721,92
1,722,92
1,723,92
1,724,92
1,725,92
1,726,92
1,727,92
1,728,92
1,729,92
1,730,92
1,731,92
1,732,92
1,733,92
1,734,92
1,735,92
1,736,92
1,737,92
1,738,92
1,739,92
1,740,92
1,741,92
1,742,92
1,743,92
0,648,93
0,649,93
0,650,93
0,651,93
0,652,93
0,653,93
0,654,93
0,655,93
0,656,93
0,657,93
0,658,93
0,659,93
0,660,93
0,661,93
0,662,93
0,663,93
0,664,93
0,665,93
0,666,93
0,667,93
0,668,93
0,669,93
0,670,93
0,671,93
0,672,93
0,673,93
0,674,93
0,675,93
0,676,93
0,677,93
0,678,93
0,679,93
0,680,93
0,681,93
0,682,93
0,683,93
0,684,93
1,685,93
1,686,93
1,687,93
1,688,93
1,689,93
1,690,93
1,691,93
1,692,93
1,693,93
1,694,93
1,695,93
1,696,93
1,697,93
1,698,93
1,699,93
1,700,93
1,701,93
1,702,93
1,703,93
1,704,93
1,705,93
1,706,93
1,707,93
1,708,93
1,709,93
1,710,93
1,711,93
1,712,93
1,713,93
1,714,93
1,715,93
1,716,93
1,717,93
1,718,93
1,719,93
1,720,93
1,721,93
1,722,93
1,723,93
1,724,93
1,725,93
1,726,93
1,727,93
1,728,93
1,729,93
1,730,93
1,731,93
1,732,93
1,733,93
1,734,93
1,735,93
1,736,93
1,737,93
1,738,93
1,739,93
1,740,93
1,741,93
1,742,93
1,743,93
1,648,94
1,649,94
1,650,94
1,651,94
1,652,94
1,653,94
1,654,94
1,655,94
1,656,94
1,657,94
1,658,94
1,659,94
1,660,94
1,661,94
1,662,94
1,663,94
1,664,94
1,665,94
1,666,94
1,667,94
1,668,94
1,669,94
1,670,94
1,671,94
1,672,94
1,673,94
1,674,94
1,675,94
1,676,94
1,677,94
1,678,94
1,679,94
1,680,94
1,681,94
1,682,94
1,683,94
1,684,94
1,685,94
1,686,94
1,687,94
1,688,94
1,689,94
1,690,94
1,691,94
1,692,94
1,693,94
1,694,94
1,695,94
1,696,94
1,697,94
1,698,94
1,699,94
1,700,94
1,701,94
1,702,94
1,703,94
1,704,94
1,705,94
1,706,94
1,707,94
1,708,94
1,709,94
1,710,94
1,711,94
1,712,94
1,713,94
1,714,94
1,715,94
1,716,94
1,717,94
1,718,94
1,719,94
1,720,94
1,721,94
1,722,94
1,723,94
1,724,94
1,725,94
1,726,94
1,727,94
1,728,94
1,729,94
1,730,94
1,731,94
1,732,94
1,733,94
1,734,94
1,735,94
1,736,94
1,737,94
1,738,94
1,739,94
1,740,94
1,741,94
1,742,94
1,743,94
0,648,95
0,649,95
0,650,95
0,651,95
0,652,95
0,653,95
0,654,95
0,655,95
0,656,95
0,657,95
0,658,95
0,659,95
0,660,95
0,661,95
0,662,95
0,663,95
0,664,95
0,665,95
0,666,95
0,667,95
0,668,95
0,669,95
0,670,95
0,671,95
0,672,95
0,673,95
0,674,95
0,675,95
0,676,95
0,677,95
0,678,95
0,679,95
0,680,95
0,681,95
0,682,95
0,683,95
0,684,95
0,685,95
0,686,95
0,687,95
0,688,95
0,689,95
0,690,95
0,691,95
0,692,95
0,693,95
0,694,95
0,695,95
0,696,95
0,697,95
0,698,95
0,699,95
0,700,95
0,701,95
0,702,95
0,703,95
0,704,95
0,705,95
0,706,95
0,707,95
0,708,95
0,709,95
0,710,95
0,711,95
0,712,95
0,713,95
0,714,95
0,715,95
0,716,95
0,717,95
0,718,95
0,719,95
0,720,95
0,721,95
0,722,95
0,723,95
0,724,95
0,725,95
0,726,95
0,727,95
0,728,95
0,729,95
1,730,95
1,731,95
1,732,95
1,733,95
1,734,95
1,735,95
1,736,95
1,737,95
1,738,95
1,739,95
1,740,95
1,741,95
1,742,95
1,743,95
0,648,96
0,649,96
0,650,96
0,651,96
0,652,96
0,653,96
0,654,96
0,655,96
0,656,96
0,657,96
0,658,96
0,659,96
0,660,96
0,661,96
0,662,96
0,663,96
0,664,96
0,665,96
0,666,96
0,667,96
0,668,96
0,669,96
0,670,96
0,671,96
0,672,96
0,673,96
0,674,96
0,675,96
0,676,96
0,677,96
0,678,96
0,679,96
0,680,96
0,681,96
0,682,96
0,683,96
0,684,96
0,685,96
0,686,96
0,687,96
0,688,96
0,689,96
0,690,96
0,691,96
0,692,96
0,693,96
0,694,96
0,695,96
0,696,96
0,697,96
0,698,96
0,699,96
0,700,96
0,701,96
1,702,96
1,703,96
1,704,96
1,705,96
1,706,96
1,707,96
1,708,96
1,709,96
1,710,96
1,711,96
1,712,96
1,713,96
1,714,96
1,715,96
1,716,96
1,717,96
1,718,96
1,719,96
1,720,96
1,721,96
1,722,96
1,723,96
1,724,96
1,725,96
1,726,96
1,727,96
1,728,96
1,729,96
1,730,96
1,731,96
1,732,96
1,733,96
1,734,96
1,735,96
1,736,96
1,737,96
1,738,96
1,739,96
1,740,96
1,741,96
1,742,96
1,743,96
0,648,97
0,649,97
0,650,97
0,651,97
0,652,97
0,653,97
0,654,97
0,655,97
0,656,97
0,657,97
0,658,97
0,659,97
0,660,97
0,661,97
0,662,97
0,663,97
0,664,97
0,665,97
0,666,97
0,667,97
0,668,97
0,669,97
0,670,97
0,671,97
0,672,97
0,673,97
0,674,97
0,675,97
0,676,97
0,677,97
0,678,97
0,679,97
0,680,97
0,681,97
0,682,97
0,683,97
0,684,97
0,685,97
0,686,97
0,687,97
1,688,97
1,689,97
1,690,97
1,691,97
1,692,97
1,693,97
1,694,97
1,695,97
1,696,97
1,697,97
1,698,97
1,699,97
1,700,97
1,701,97
1,702,97
1,703,97
1,704,97
1,705,97
1,706,97
1,707,97
1,708,97
1,709,97
1,710,97
1,711,97
1,712,97
1,713,97
1,714,97
1,715,97
1,716,97
1,717,97
1,718,97
1,719,97
1,720,97
1,721,97
1,722,97
1,723,97
1,724,97
1,725,97
1,726,97
1,727,97
1,728,97
1,729,97
1,730,97
1,731,97
1,732,97
1,733,97
1,734,97
1,735,97
1,736,97
1,737,97
1,738,97
1,739,97
1,740,97
1,741,97
1,742,97
1,743,97
1,648,98
1,649,98
1,650,98
1,651,98
1,652,98
1,653,98
1,654,98
1,655,98
1,656,98
1,657,98
1,658,98
1,659,98
1,660,98
1,661,98
1,662,98
1,663,98
1,664,98
1,665,98
1,666,98
1,667,98
1,668,98
1,669,98
1,670,98
1,671,98
1,672,98
1,673,98
1,674,98
1,675,98
1,676,98
1,677,98
1,678,98
1,679,98
1,680,98
1,681,98
1,682,98
1,683,98
1,684,98
1,685,98
1,686,98
1,687,98
1,688,98
1,689,98
1,690,98
1,691,98
1,692,98
1,693,98
1,694,98
1,695,98
1,696,98
1,697,98
1,698,98
1,699,98
1,700,98
1,701,98
1,702,98
1,703,98
1,704,98
1,705,98
1,706,98
1,707,98
1,708,98
1,709,98
1,710,98
1,711,98
1,712,98
1,713,98
1,714,98
1,715,98
1,716,98
1,717,98
1,718,98
1,719,98
1,720,98
1,721,98
1,722,98
1,723,98
1,724,98
1,725,98
1,726,98
1,727,98
1,728,98
1,729,98
1,730,98
1,731,98
1,732,98
1,733,98
1,734,98
1,735,98
1,736,98
1,737,98
1,738,98
1,739,98
1,740,98
1,741,98
1,742,98
1,743,98
0,648,99
0,649,99
0,650,99
0,651,99
0,652,99
0,653,99
0,654,99
0,655,99
0,656,99
0,657,99
0,658,99
0,659,99
0,660,99
0,661,99
0,662,99
0,663,99
0,664,99
0,665,99
0,666,99
0,667,99
0,668,99
0,669,99
0,670,99
0,671,99
0,672,99
0,673,99
0,674,99
0,675,99
0,676,99
0,677,99
0,678,99
0,679,99
0,680,99
0,681,99
0,682,99
0,683,99
0,684,99
0,685,99
0,686,99
0,687,99
0,688,99
0,689,99
0,690,99
0,691,99
0,692,99
0,693,99
0,694,99
0,695,99
0,696,99
0,697,99
0,698,99
0,699,99
1,700,99
1,701,99
1,702,99
1,703,99
1,704,99
1,705,99
1,706,99
1,707,99
1,708,99
1,709,99
1,710,99
1,711,99
1,712,99
1,713,99
1,714,99
1,715,99
1,716,99
1,717,99
1,718,99
1,719,99
1,720,99
1,721,99
1,722,99
1,723,99
1,724,99
1,725,99
1,726,99
1,727,99
1,728,99
1,729,99
1,730,99
1,731,99
1,732,99
1,733,99
1,734,99
1,735,99
1,736,99
1,737,99
1,738,99
1,739,99
1,740,99
1,741,99
1,742,99
1,743,99
0,648,100
0,649,100
0,650,100
0,651,100
0,652,100
0,653,100
0,654,100
0,655,100
0,656,100
0,657,100
0,658,100
0,659,100
0,660,100
0,661,100
0,662,100
0,663,100
0,664,100
0,665,100
0,666,100
0,667,100
0,668,100
0,669,100
0,670,100
0,671,100
0,672,100
0,673,100
0,674,100
0,675,100
0,676,100
0,677,100
0,678,100
0,679,100
0,680,100
0,681,100
0,682,100
0,683,100
0,684,100
0,685,100
0,686,100
0,687,100
0,688,100
0,689,100
0,690,100
0,691,100
0,692,100
0,693,100
1,694,100
1,695,100
1,696,100
1,697,100
1,698,100
1,699,100
1,700,100
1,701,100
1,702,100
1,703,100
1,704,100
1,705,100
1,706,100
1,707,100
1,708,100
1,709,100
1,710,100
1,711,100
1,712,100
1,713,100
1,714,100
1,715,100
1,716,100
1,717,100
1,718,100
1,719,100
1,720,100
1,721,100
1,722,100
1,723,100
1,724,100
1,725,100
1,726,100
1,727,100
1,728,100
1,729,100
1,730,100
1,731,100
1,732,100
1,733,100
1,734,100
1,735,100
1,736,100
1,737,100
1,738,100
1,739,100
1,740,100
1,741,100
1,742,100
1,743,100
0,648,101
0,649,101
0,650,101
0,651,101
0,652,101
0,653,101
0,654,101
0,655,101
0,656,101
0,657,101
0,658,101
0,659,101
0,660,101
0,661,101
0,662,101
0,663,101
0,664,101
0,665,101
0,666,101
0,667,101
0,668,101
0,669,101
0,670,101
0,671,101
0,672,101
0,673,101
0,674,101
0,675,101
0,676,101
0,677,101
0,678,101
0,679,101
0,680,101
0,681,101
0,682,101
0,683,101
0,684,101
0,685,101
0,686,101
0,687,101
0,688,101
0,689,101
1,690,101
1,691,101
1,692,101
1,693,101
1,694,101
1,695,101
1,696,101
1,697,101
1,698,101
1,699,101
1,700,101
1,701,101
1,702,101
1,703,101
1,704,101
1,705,101
1,706,101
1,707,101
1,708,101
1,709,101
1,710,101
1,711,101
1,712,101
1,713,101
1,714,101
1,715,101
1,716,101
1,717,101
1,718,101
1,719,101
1,720,101
1,721,101
1,722,101
1,723,101
1,724,101
1,725,101
1,726,101
1,727,101
1,728,101
1,729,101
1,730,101
1,731,101
1,732,101
1,733,101
1,734,101
1,735,101
1,736,101
1,737,101
1,738,101
1,739,101
1,740,101
1,741,101
1,742,101
1,743,101
0,648,102
0,649,102
0,650,102
0,651,102
0,652,102
0,653,102
0,654,102
0,655,102
0,656,102
0,657,102
0,658,102
0,659,102
0,660,102
0,661,102
0,662,102
0,663,102
0,664,102
0,665,102
0,666,102
0,667,102
0,668,102
0,669,102
0,670,102
0,671,102
0,672,102
0,673,102
0,674,102
0,675,102
0,676,102
0,677,102
0,678,102
0,679,102
0,680,102
0,681,102
0,682,102
0,683,102
0,684,102
0,685,102
0,686,102
0,687,102
0,688,102
1,689,102
1,690,102
1,691,102
1,692,102
1,693,102
1,694,102
1,695,102
1,696,102
1,697,102
1,698,102
1,699,102
1,700,102
1,701,102
1,702,102
1,703,102
1,704,102
1,705,102
1,706,102
1,707,102
1,708,102
1,709,102
1,710,102
1,711,102
1,712,102
1,713,102
1,714,102
1,715,102
1,716,102
1,717,102
1,718,102
1,719,102
1,720,102
1,721,102
1,722,102
1,723,102
1,724,102
1,725,102
1,726,102
1,727,102
1,728,102
1,729,102
1,730,102
1,731,102
1,732,102
1,733,102
1,734,102
1,735,102
1,736,102
1,737,102
1,738,102
1,739,102
1,740,102
1,741,102
1,742,102
1,743,102
0,648,103
0,649,103
0,650,103
0,651,103
0,652,103
0,653,103
0,654,103
0,655,103
0,656,103
0,657,103
0,658,103
0,659,103
0,660,103
0,661,103
0,662,103
0,663,103
0,664,103
0,665,103
0,666,103
0,667,103
0,668,103
0,669,103
0,670,103
0,671,103
0,672,103
0,673,103
0,674,103
0,675,103
0,676,103
0,677,103
0,678,103
0,679,103
0,680,103
0,681,103
0,682,103
0,683,103
0,684,103
0,685,103
0,686,103
0,687,103
0,688,103
0,689,103
0,690,103
0,691,103
0,692,103
0,693,103
0,694,103
0,695,103
0,696,103
0,697,103
0,698,103
0,699,103
0,700,103
0,701,103
0,702,103
0,703,103
0,704,103
0,705,103
0,706,103
0,707,103
0,708,103
0,709,103
0,710,103
0,711,103
0,712,103
0,713,103
0,714,103
0,715,103
0,716,103
0,717,103
0,718,103
0,719,103
0,720,103
0,721,103
0,722,103
0,723,103
0,724,103
0,725,103
0,726,103
0,727,103
0,728,103
0,729,103
0,730,103
0,731,103
0,732,103
0,733,103
0,734,103
0,735,103
0,736,103
0,737,103
0,738,103
0,739,103
0,740,103
0,741,103
0,742,103
0,743,103
0,648,104
0,649,104
0,650,104
0,651,104
0,652,104
0,653,104
0,654,104
0,655,104
0,656,104
0,657,104
0,658,104
0,659,104
0,660,104
0,661,104
0,662,104
0,663,104
0,664,104
0,665,104
0,666,104
0,667,104
0,668,104
0,669,104
0,670,104
0,671,104
0,672,104
0,673,104
0,674,104
0,675,104
0,676,104
1,677,104
1,678,104
1,679,104
1,680,104
1,681,104
1,682,104
1,683,104
1,684,104
1,685,104
1,686,104
1,687,104
1,688,104
1,689,104
1,690,104
1,691,104
1,692,104
1,693,104
1,694,104
1,695,104
1,696,104
1,697,104
1,698,104
1,699,104
1,700,104
1,701,104
1,702,104
1,703,104
1,704,104
1,705,104
1,706,104
1,707,104
1,708,104
1,709,104
1,710,104
1,711,104
1,712,104
1,713,104
1,714,104
1,715,104
1,716,104
1,717,104
1,718,104
1,719,104
1,720,104
1,721,104
1,722,104
1,723,104
1,724,104
1,725,104
1,726,104
1,727,104
1,728,104
1,729,104
1,730,104
1,731,104
1,732,104
1,733,104
1,734,104
1,735,104
1,736,104
1,737,104
1,738,104
1,739,104
1,740,104
1,741,104
1,742,104
1,743,104
0,648,105
0,649,105
0,650,105
0,651,105
0,652,105
0,653,105
0,654,105
0,655,105
0,656,105
0,657,105
0,658,105
0,659,105
0,660,105
0,661,105
0,662,105
0,663,105
0,664,105
0,665,105
0,666,105
0,667,105
0,668,105
0,669,105
0,670,105
0,671,105
0,672,105
0,673,105
0,674,105
0,675,105
0,676,105
0,677,105
0,678,105
0,679,105
0,680,105
0,681,105
0,682,105
0,683,105
0,684,105
0,685,105
0,686,105
0,687,105
0,688,105
0,689,105
0,690,105
0,691,105
0,692,105
0,693,105
0,694,105
0,695,105
0,696,105
0,697,105
0,698,105
0,699,105
0,700,105
0,701,105
0,702,105
0,703,105
0,704,105
0,705,105
0,706,105
0,707,105
0,708,105
0,709,105
0,710,105
0,711,105
0,712,105
0,713,105
0,714,105
0,715,105
0,716,105
1,717,105
1,718,105
1,719,105
1,720,105
1,721,105
1,722,105
1,723,105
1,724,105
1,725,105
1,726,105
1,727,105
1,728,105
1,729,105
1,730,105
1,731,105
1,732,105
1,733,105
1,734,105
1,735,105
1,736,105
1,737,105
1,738,105
1,739,105
1,740,105
1,741,105
1,742,105
1,743,105
0,648,106
0,649,106
0,650,106
0,651,106
0,652,106
0,653,106
0,654,106
0,655,106
0,656,106
0,657,106
0,658,106
0,659,106
0,660,106
0,661,106
0,662,106
0,663,106
0,664,106
0,665,106
0,666,106
0,667,106
0,668,106
0,669,106
0,670,106
0,671,106
0,672,106
0,673,106
0,674,106
0,675,106
0,676,106
0,677,106
0,678,106
0,679,106
0,680,106
0,681,106
0,682,106
0,683,106
0,684,106
0,685,106
0,686,106
0,687,106
0,688,106
0,689,106
0,690,106
0,691,106
0,692,106
0,693,106
0,694,106
0,695,106
0,696,106
0,697,106
0,698,106
0,699,106
0,700,106
0,701,106
1,702,106
1,703,106
1,704,106
1,705,106
1,706,106
1,707,106
1,708,106
1,709,106
1,710,106
1,711,106
1,712,106
1,713,106
1,714,106
1,715,106
1,716,106
1,717,106
1,718,106
1,719,106
1,720,106
1,721,106
1,722,106
1,723,106
1,724,106
1,725,106
1,726,106
1,727,106
1,728,106
1,729,106
1,730,106
1,731,106
1,732,106
1,733,106
1,734,106
1,735,106
1,736,106
1,737,106
1,738,106
1,739,106
1,740,106
1,741,106
1,742,106
1,743,106
0,648,107
0,649,107
0,650,107
0,651,107
0,652,107
0,653,107
0,654,107
0,655,107
0,656,107
0,657,107
0,658,107
0,659,107
0,660,107
0,661,107
0,662,107
0,663,107
0,664,107
0,665,107
0,666,107
0,667,107
0,668,107
0,669,107
0,670,107
0,671,107
0,672,107
0,673,107
0,674,107
0,675,107
0,676,107
0,677,107
0,678,107
0,679,107
0,680,107
0,681,107
0,682,107
0,683,107
0,684,107
0,685,107
0,686,107
0,687,107
0,688,107
0,689,107
0,690,107
0,691,107
0,692,107
0,693,107
0,694,107
0,695,107
0,696,107
0,697,107
0,698,107
0,699,107
0,700,107
0,701,107
0,702,107
0,703,107
0,704,107
1,705,107
1,706,107
1,707,107
1,708,107
1,709,107
1,710,107
1,711,107
1,712,107
1,713,107
1,714,107
1,715,107
1,716,107
1,717,107
1,718,107
1,719,107
1,720,107
1,721,107
1,722,107
1,723,107
1,724,107
1,725,107
1,726,107
1,727,107
1,728,107
1,729,107
1,730,107
1,731,107
1,732,107
1,733,107
1,734,107
1,735,107
1,736,107
1,737,107
1,738,107
1,739,107
1,740,107
1,741,107
1,742,107
1,743,107
0,648,108
0,649,108
0,650,108
0,651,108
0,652,108
0,653,108
0,654,108
0,655,108
0,656,108
0,657,108
0,658,108
0,659,108
0,660,108
0,661,108
0,662,108
0,663,108
0,664,108
0,665,108
0,666,108
0,667,108
0,668,108
0,669,108
0,670,108
0,671,108
0,672,108
0,673,108
0,674,108
0,675,108
0,676,108
0,677,108
0,678,108
0,679,108
0,680,108
0,681,108
0,682,108
0,683,108
0,684,108
0,685,108
0,686,108
0,687,108
0,688,108
0,689,108
0,690,108
0,691,108
0,692,108
0,693,108
0,694,108
0,695,108
0,696,108
0,697,108
0,698,108
0,699,108
0,700,108
0,701,108
0,702,108
0,703,108
0,704,108
0,705,108
1,706,108
1,707,108
1,708,108
1,709,108
1,710,108
1,711,108
1,712,108
1,713,108
1,714,108
1,715,108
1,716,108
1,717,108
1,718,108
1,719,108
1,720,108
1,721,108
1,722,108
1,723,108
1,724,108
1,725,108
1,726,108
1,727,108
1,728,108
1,729,108
1,730,108
1,731,108
1,732,108
1,733,108
1,734,108
1,735,108
1,736,108
1,737,108
1,738,108
1,739,108
1,740,108
1,741,108
1,742,108
1,743,108
0,648,109
0,649,109
0,650,109
0,651,109
0,652,109
0,653,109
0,654,109
0,655,109
1,656,109
1,657,109
1,658,109
1,659,109
1,660,109
1,661,109
1,662,109
1,663,109
1,664,109
1,665,109
1,666,109
1,667,109
1,668,109
1,669,109
1,670,109
1,671,109
1,672,109
1,673,109
1,674,109
1,675,109
1,676,109
1,677,109
1,678,109
1,679,109
1,680,109
1,681,109
1,682,109
1,683,109
1,684,109
1,685,109
1,686,109
1,687,109
1,688,109
1,689,109
1,690,109
1,691,109
1,692,109
1,693,109
1,694,109
1,695,109
1,696,109
1,697,109
1,698,109
1,699,109
1,700,109
1,701,109
1,702,109
1,703,109
1,704,109
1,705,109
1,706,109
1,707,109
1,708,109
1,709,109
1,710,109
1,711,109
1,712,109
1,713,109
1,714,109
1,715,109
1,716,109
1,717,109
1,718,109
1,719,109
1,720,109
1,721,109
1,722,109
1,723,109
1,724,109
1,725,109
1,726,109
1,727,109
1,728,109
1,729,109
1,730,109
1,731,109
1,732,109
1,733,109
1,734,109
1,735,109
1,736,109
1,737,109
1,738,109
1,739,109
1,740,109
1,741,109
1,742,109
1,743,109
0,648,110
0,649,110
0,650,110
0,651,110
0,652,110
0,653,110
0,654,110
0,655,110
0,656,110
0,657,110
0,658,110
0,659,110
0,660,110
0,661,110
0,662,110
0,663,110
0,664,110
0,665,110
0,666,110
0,667,110
0,668,110
0,669,110
0,670,110
0,671,110
0,672,110
0,673,110
0,674,110
0,675,110
0,676,110
0,677,110
0,678,110
0,679,110
0,680,110
0,681,110
0,682,110
0,683,110
0,684,110
0,685,110
0,686,110
0,687,110
0,688,110
0,689,110
0,690,110
0,691,110
1,692,110
1,693,110
1,694,110
1,695,110
1,696,110
1,697,110
1,698,110
1,699,110
1,700,110
1,701,110
1,702,110
1,703,110
1,704,110
1,705,110
1,706,110
1,707,110
1,708,110
1,709,110
1,710,110
1,711,110
1,712,110
1,713,110
1,714,110
1,715,110
1,716,110
1,717,110
1,718,110
1,719,110
1,720,110
1,721,110
1,722,110
1,723,110
1,724,110
1,725,110
1,726,110
1,727,110
1,728,110
1,729,110
1,730,110
1,731,110
1,732,110
1,733,110
1,734,110
1,735,110
1,736,110
1,737,110
1,738,110
1,739,110
1,740,110
1,741,110
1,742,110
1,743,110
0,648,111
0,649,111
0,650,111
0,651,111
0,652,111
0,653,111
0,654,111
0,655,111
0,656,111
0,657,111
0,658,111
0,659,111
0,660,111
0,661,111
0,662,111
0,663,111
0,664,111
0,665,111
0,666,111
0,667,111
0,668,111
0,669,111
0,670,111
0,671,111
0,672,111
0,673,111
0,674,111
0,675,111
0,676,111
0,677,111
0,678,111
0,679,111
0,680,111
0,681,111
0,682,111
0,683,111
0,684,111
0,685,111
0,686,111
0,687,111
0,688,111
0,689,111
0,690,111
0,691,111
0,692,111
0,693,111
0,694,111
0,695,111
0,696,111
0,697,111
0,698,111
0,699,111
0,700,111
0,701,111
0,702,111
0,703,111
0,704,111
0,705,111
0,706,111
0,707,111
0,708,111
0,709,111
0,710,111
0,711,111
0,712,111
0,713,111
0,714,111
0,715,111
0,716,111
0,717,111
0,718,111
0,719,111
0,720,111
0,721,111
0,722,111
0,723,111
0,724,111
0,725,111
1,726,111
1,727,111
1,728,111
1,729,111
1,730,111
1,731,111
1,732,111
1,733,111
1,734,111
1,735,111
1,736,111
1,737,111
1,738,111
1,739,111
1,740,111
1,741,111
1,742,111
1,743,111
0,648,112
0,649,112
0,650,112
0,651,112
0,652,112
0,653,112
0,654,112
0,655,112
0,656,112
0,657,112
0,658,112
0,659,112
0,660,112
0,661,112
0,662,112
0,663,112
0,664,112
0,665,112
0,666,112
0,667,112
0,668,112
0,669,112
0,670,112
0,671,112
0,672,112
0,673,112
0,674,112
0,675,112
0,676,112
0,677,112
0,678,112
0,679,112
0,680,112
0,681,112
0,682,112
0,683,112
0,684,112
0,685,112
0,686,112
1,687,112
1,688,112
1,689,112
1,690,112
1,691,112
1,692,112
1,693,112
1,694,112
1,695,112
1,696,112
1,697,112
1,698,112
1,699,112
1,700,112
1,701,112
1,702,112
1,703,112
1,704,112
1,705,112
1,706,112
1,707,112
1,708,112
1,709,112
1,710,112
1,711,112
1,712,112
1,713,112
1,714,112
1,715,112
1,716,112
1,717,112
1,718,112
1,719,112
1,720,112
1,721,112
1,722,112
1,723,112
1,724,112
1,725,112
1,726,112
1,727,112
1,728,112
1,729,112
1,730,112
1,731,112
1,732,112
1,733,112
1,734,112
1,735,112
1,736,112
1,737,112
1,738,112
1,739,112
1,740,112
1,741,112
1,742,112
1,743,112
0,648,113
0,649,113
0,650,113
0,651,113
0,652,113
0,653,113
0,654,113
0,655,113
0,656,113
0,657,113
0,658,113
0,659,113
0,660,113
0,661,113
0,662,113
0,663,113
0,664,113
0,665,113
0,666,113
0,667,113
0,668,113
0,669,113
0,670,113
0,671,113
0,672,113
0,673,113
0,674,113
0,675,113
0,676,113
0,677,113
0,678,113
0,679,113
0,680,113
0,681,113
0,682,113
0,683,113
0,684,113
0,685,113
0,686,113
0,687,113
0,688,113
0,689,113
0,690,113
0,691,113
0,692,113
0,693,113
0,694,113
0,695,113
0,696,113
0,697,113
0,698,113
0,699,113
0,700,113
0,701,113
0,702,113
0,703,113
0,704,113
0,705,113
0,706,113
0,707,113
0,708,113
0,709,113
1,710,113
1,711,113
1,712,113
1,713,113
1,714,113
1,715,113
1,716,113
1,717,113
1,718,113
1,719,113
1,720,113
1,721,113
1,722,113
1,723,113
1,724,113
1,725,113
1,726,113
1,727,113
1,728,113
1,729,113
1,730,113
1,731,113
1,732,113
1,733,113
1,734,113
1,735,113
1,736,113
1,737,113
1,738,113
1,739,113
1,740,113
1,741,113
1,742,113
1,743,113
0,648,114
0,649,114
0,650,114
0,651,114
0,652,114
0,653,114
0,654,114
0,655,114
0,656,114
0,657,114
0,658,114
0,659,114
0,660,114
0,661,114
0,662,114
0,663,114
0,664,114
0,665,114
0,666,114
0,667,114
0,668,114
0,669,114
0,670,114
0,671,114
0,672,114
0,673,114
0,674,114
0,675,114
0,676,114
0,677,114
0,678,114
0,679,114
0,680,114
0,681,114
0,682,114
0,683,114
0,684,114
0,685,114
0,686,114
0,687,114
0,688,114
0,689,114
0,690,114
0,691,114
0,692,114
0,693,114
0,694,114
0,695,114
0,696,114
0,697,114
0,698,114
0,699,114
1,700,114
1,701,114
1,702,114
1,703,114
1,704,114
1,705,114
1,706,114
1,707,114
1,708,114
1,709,114
1,710,114
1,711,114
1,712,114
1,713,114
1,714,114
1,715,114
1,716,114
1,717,114
1,718,114
1,719,114
1,720,114
1,721,114
1,722,114
1,723,114
1,724,114
1,725,114
1,726,114
1,727,114
1,728,114
1,729,114
1,730,114
1,731,114
1,732,114
1,733,114
1,734,114
1,735,114
1,736,114
1,737,114
1,738,114
1,739,114
1,740,114
1,741,114
1,742,114
1,743,114
0,648,115
0,649,115
1,650,115
1,651,115
1,652,115
1,653,115
1,654,115
1,655,115
1,656,115
1,657,115
1,658,115
1,659,115
1,660,115
1,661,115
1,662,115
1,663,115
1,664,115
1,665,115
1,666,115
1,667,115
1,668,115
1,669,115
1,670,115
1,671,115
1,672,115
1,673,115
1,674,115
1,675,115
1,676,115
1,677,115
1,678,115
1,679,115
1,680,115
1,681,115
1,682,115
1,683,115
1,684,115
1,685,115
1,686,115
1,687,115
1,688,115
1,689,115
1,690,115
1,691,115
1,692,115
1,693,115
1,694,115
1,695,115
1,696,115
1,697,115
1,698,115
1,699,115
1,700,115
1,701,115
1,702,115
1,703,115
1,704,115
1,705,115
1,706,115
1,707,115
1,708,115
1,709,115
1,710,115
1,711,115
1,712,115
1,713,115
1,714,115
1,715,115
1,716,115
1,717,115
1,718,115
1,719,115
1,720,115
1,721,115
1,722,115
1,723,115
1,724,115
1,725,115
1,726,115
1,727,115
1,728,115
1,729,115
1,730,115
1,731,115
1,732,115
1,733,115
1,734,115
1,735,115
1,736,115
1,737,115
1,738,115
1,739,115
1,740,115
1,741,115
1,742,115
1,743,115
0,648,116
0,649,116
0,650,116
0,651,116
0,652,116
0,653,116
0,654,116
0,655,116
0,656,116
0,657,116
0,658,116
0,659,116
0,660,116
0,661,116
0,662,116
0,663,116
0,664,116
0,665,116
0,666,116
0,667,116
0,668,116
0,669,116
0,670,116
0,671,116
0,672,116
0,673,116
0,674,116
0,675,116
0,676,116
0,677,116
0,678,116
0,679,116
0,680,116
0,681,116
0,682,116
0,683,116
0,684,116
0,685,116
0,686,116
0,687,116
0,688,116
0,689,116
0,690,116
0,691,116
0,692,116
0,693,116
0,694,116
0,695,116
0,696,116
0,697,116
0,698,116
0,699,116
0,700,116
0,701,116
1,702,116
1,703,116
1,704,116
1,705,116
1,706,116
1,707,116
1,708,116
1,709,116
1,710,116
1,711,116
1,712,116
1,713,116
1,714,116
1,715,116
1,716,116
1,717,116
1,718,116
1,719,116
1,720,116
1,721,116
1,722,116
1,723,116
1,724,116
1,725,116
1,726,116
1,727,116
1,728,116
1,729,116
1,730,116
1,731,116
1,732,116
1,733,116
1,734,116
1,735,116
1,736,116
1,737,116
1,738,116
1,739,116
1,740,116
1,741,116
1,742,116
1,743,116
0,648,117
0,649,117
0,650,117
0,651,117
0,652,117
0,653,117
0,654,117
0,655,117
0,656,117
0,657,117
0,658,117
0,659,117
0,660,117
0,661,117
0,662,117
0,663,117
0,664,117
0,665,117
0,666,117
1,667,117
1,668,117
1,669,117
1,670,117
1,671,117
1,672,117
1,673,117
1,674,117
1,675,117
1,676,117
1,677,117
1,678,117
1,679,117
1,680,117
1,681,117
1,682,117
1,683,117
1,684,117
1,685,117
1,686,117
1,687,117
1,688,117
1,689,117
1,690,117
1,691,117
1,692,117
1,693,117
1,694,117
1,695,117
1,696,117
1,697,117
1,698,117
1,699,117
1,700,117
1,701,117
1,702,117
1,703,117
1,704,117
1,705,117
1,706,117
1,707,117
1,708,117
1,709,117
1,710,117
1,711,117
1,712,117
1,713,117
1,714,117
1,715,117
1,716,117
1,717,117
1,718,117
1,719,117
1,720,117
1,721,117
1,722,117
1,723,117
1,724,117
1,725,117
1,726,117
1,727,117
1,728,117
1,729,117
1,730,117
1,731,117
1,732,117
1,733,117
1,734,117
1,735,117
1,736,117
1,737,117
1,738,117
1,739,117
1,740,117
1,741,117
1,742,117
1,743,117
0,648,118
0,649,118
0,650,118
0,651,118
0,652,118
0,653,118
0,654,118
0,655,118
0,656,118
0,657,118
0,658,118
0,659,118
0,660,118
0,661,118
0,662,118
0,663,118
0,664,118
0,665,118
0,666,118
0,667,118
0,668,118
0,669,118
0,670,118
0,671,118
0,672,118
0,673,118
0,674,118
0,675,118
0,676,118
0,677,118
0,678,118
0,679,118
0,680,118
0,681,118
0,682,118
0,683,118
0,684,118
0,685,118
0,686,118
0,687,118
0,688,118
0,689,118
0,690,118
0,691,118
1,692,118
1,693,118
1,694,118
1,695,118
1,696,118
1,697,118
1,698,118
1,699,118
1,700,118
1,701,118
1,702,118
1,703,118
1,704,118
1,705,118
1,706,118
1,707,118
1,708,118
1,709,118
1,710,118
1,711,118
1,712,118
1,713,118
1,714,118
1,715,118
1,716,118
1,717,118
1,718,118
1,719,118
1,720,118
1,721,118
1,722,118
1,723,118
1,724,118
1,725,118
1,726,118
1,727,118
1,728,118
1,729,118
1,730,118
1,731,118
1,732,118
1,733,118
1,734,118
1,735,118
1,736,118
1,737,118
1,738,118
1,739,118
1,740,118
1,741,118
1,742,118
1,743,118
0,648,119
0,649,119
0,650,119
0,651,119
0,652,119
0,653,119
0,654,119
0,655,119
0,656,119
0,657,119
0,658,119
0,659,119
0,660,119
0,661,119
0,662,119
0,663,119
0,664,119
0,665,119
0,666,119
0,667,119
0,668,119
0,669,119
0,670,119
0,671,119
0,672,119
0,673,119
0,674,119
0,675,119
0,676,119
0,677,119
0,678,119
0,679,119
0,680,119
0,681,119
0,682,119
0,683,119
0,684,119
0,685,119
0,686,119
0,687,119
0,688,119
0,689,119
0,690,119
0,691,119
0,692,119
0,693,119
0,694,119
0,695,119
0,696,119
0,697,119
0,698,119
1,699,119
1,700,119
1,701,119
1,702,119
1,703,119
1,704,119
1,705,119
1,706,119
1,707,119
1,708,119
1,709,119
1,710,119
1,711,119
1,712,119
1,713,119
1,714,119
1,715,119
1,716,119
1,717,119
1,718,119
1,719,119
1,720,119
1,721,119
1,722,119
1,723,119
1,724,119
1,725,119
1,726,119
1,727,119
1,728,119
1,729,119
1,730,119
1,731,119
1,732,119
1,733,119
1,734,119
1,735,119
1,736,119
1,737,119
1,738,119
1,739,119
1,740,119
1,741,119
1,742,119
1,743,119
0,648,120
0,649,120
0,650,120
0,651,120
0,652,120
0,653,120
0,654,120
0,655,120
0,656,120
0,657,120
0,658,120
0,659,120
0,660,120
0,661,120
0,662,120
0,663,120
0,664,120
0,665,120
0,666,120
0,667,120
0,668,120
0,669,120
0,670,120
0,671,120
0,672,120
0,673,120
0,674,120
0,675,120
0,676,120
0,677,120
0,678,120
0,679,120
0,680,120
0,681,120
0,682,120
0,683,120
0,684,120
0,685,120
0,686,120
1,687,120
1,688,120
1,689,120
1,690,120
1,691,120
1,692,120
1,693,120
1,694,120
1,695,120
1,696,120
1,697,120
1,698,120
1,699,120
1,700,120
1,701,120
1,702,120
1,703,120
1,704,120
1,705,120
1,706,120
1,707,120
1,708,120
1,709,120
1,710,120
1,711,120
1,712,120
1,713,120
1,714,120
1,715,120
1,716,120
1,717,120
1,718,120
1,719,120
1,720,120
1,721,120
1,722,120
1,723,120
1,724,120
1,725,120
1,726,120
1,727,120
1,728,120
1,729,120
1,730,120
1,731,120
1,732,120
1,733,120
1,734,120
1,735,120
1,736,120
1,737,120
1,738,120
1,739,120
1,740,120
1,741,120
1,742,120
1,743,120
0,648,121
0,649,121
0,650,121
0,651,121
0,652,121
0,653,121
0,654,121
0,655,121
0,656,121
0,657,121
0,658,121
0,659,121
0,660,121
0,661,121
0,662,121
0,663,121
0,664,121
0,665,121
0,666,121
0,667,121
0,668,121
0,669,121
0,670,121
0,671,121
0,672,121
0,673,121
0,674,121
0,675,121
0,676,121
0,677,121
0,678,121
0,679,121
0,680,121
0,681,121
0,682,121
0,683,121
0,684,121
0,685,121
0,686,121
0,687,121
0,688,121
0,689,121
0,690,121
0,691,121
0,692,121
1,693,121
1,694,121
1,695,121
1,696,121
1,697,121
1,698,121
1,699,121
1,700,121
1,701,121
1,702,121
1,703,121
1,704,121
1,705,121
1,706,121
1,707,121
1,708,121
1,709,121
1,710,121
1,711,121
1,712,121
1,713,121
1,714,121
1,715,121
1,716,121
1,717,121
1,718,121
1,719,121
1,720,121
1,721,121
1,722,121
1,723,121
1,724,121
1,725,121
1,726,121
1,727,121
1,728,121
1,729,121
1,730,121
1,731,121
1,732,121
1,733,121
1,734,121
1,735,121
1,736,121
1,737,121
1,738,121
1,739,121
1,740,121
1,741,121
1,742,121
1,743,121
0,648,122
0,649,122
0,650,122
0,651,122
0,652,122
0,653,122
0,654,122
0,655,122
0,656,122
0,657,122
0,658,122
0,659,122
0,660,122
0,661,122
0,662,122
0,663,122
0,664,122
0,665,122
0,666,122
0,667,122
0,668,122
0,669,122
0,670,122
0,671,122
0,672,122
0,673,122
0,674,122
0,675,122
0,676,122
0,677,122
0,678,122
0,679,122
0,680,122
0,681,122
0,682,122
0,683,122
0,684,122
0,685,122
0,686,122
0,687,122
0,688,122
0,689,122
0,690,122
0,691,122
0,692,122
0,693,122
0,694,122
0,695,122
0,696,122
0,697,122
0,698,122
0,699,122
0,700,122
0,701,122
0,702,122
0,703,122
0,704,122
0,705,122
0,706,122
0,707,122
0,708,122
0,709,122
0,710,122
0,711,122
0,712,122
0,713,122
0,714,122
0,715,122
0,716,122
0,717,122
0,718,122
0,719,122
0,720,122
0,721,122
0,722,122
0,723,122
0,724,122
0,725,122
1,726,122
1,727,122
1,728,122
1,729,122
1,730,122
1,731,122
1,732,122
1,733,122
1,734,122
1,735,122
1,736,122
1,737,122
1,738,122
1,739,122
1,740,122
1,741,122
1,742,122
1,743,122
0,648,123
0,649,123
0,650,123
0,651,123
0,652,123
0,653,123
0,654,123
0,655,123
0,656,123
0,657,123
0,658,123
0,659,123
0,660,123
0,661,123
0,662,123
0,663,123
0,664,123
0,665,123
0,666,123
0,667,123
0,668,123
0,669,123
0,670,123
0,671,123
0,672,123
0,673,123
0,674,123
0,675,123
0,676,123
0,677,123
0,678,123
0,679,123
0,680,123
0,681,123
0,682,123
0,683,123
0,684,123
0,685,123
0,686,123
0,687,123
0,688,123
0,689,123
0,690,123
0,691,123
0,692,123
0,693,123
0,694,123
0,695,123
0,696,123
0,697,123
0,698,123
0,699,123
0,700,123
0,701,123
0,702,123
0,703,123
0,704,123
0,705,123
0,706,123
0,707,123
0,708,123
0,709,123
0,710,123
0,711,123
0,712,123
0,713,123
0,714,123
0,715,123
0,716,123
0,717,123
0,718,123
0,719,123
0,720,123
0,721,123
0,722,123
0,723,123
0,724,123
0,725,123
0,726,123
1,727,123
1,728,123
1,729,123
1,730,123
1,731,123
1,732,123
1,733,123
1,734,123
1,735,123
1,736,123
1,737,123
1,738,123
1,739,123
1,740,123
1,741,123
1,742,123
1,743,123
0,648,124
0,649,124
0,650,124
0,651,124
0,652,124
0,653,124
0,654,124
0,655,124
0,656,124
0,657,124
0,658,124
0,659,124
0,660,124
0,661,124
0,662,124
0,663,124
0,664,124
0,665,124
0,666,124
0,667,124
0,668,124
1,669,124
1,670,124
1,671,124
1,672,124
1,673,124
1,674,124
1,675,124
1,676,124
1,677,124
1,678,124
1,679,124
1,680,124
1,681,124
1,682,124
1,683,124
1,684,124
1,685,124
1,686,124
1,687,124
1,688,124
1,689,124
1,690,124
1,691,124
1,692,124
1,693,124
1,694,124
1,695,124
1,696,124
1,697,124
1,698,124
1,699,124
1,700,124
1,701,124
1,702,124
1,703,124
1,704,124
1,705,124
1,706,124
1,707,124
1,708,124
1,709,124
1,710,124
1,711,124
1,712,124
1,713,124
1,714,124
1,715,124
1,716,124
1,717,124
1,718,124
1,719,124
1,720,124
1,721,124
1,722,124
1,723,124
1,724,124
1,725,124
1,726,124
1,727,124
1,728,124
1,729,124
1,730,124
1,731,124
1,732,124
1,733,124
1,734,124
1,735,124
1,736,124
1,737,124
1,738,124
1,739,124
1,740,124
1,741,124
1,742,124
1,743,124
0,648,125
0,649,125
0,650,125
0,651,125
0,652,125
0,653,125
0,654,125
0,655,125
0,656,125
0,657,125
0,658,125
0,659,125
0,660,125
0,661,125
0,662,125
0,663,125
0,664,125
0,665,125
0,666,125
0,667,125
0,668,125
0,669,125
0,670,125
0,671,125
0,672,125
0,673,125
0,674,125
0,675,125
0,676,125
0,677,125
0,678,125
0,679,125
0,680,125
0,681,125
0,682,125
0,683,125
0,684,125
0,685,125
0,686,125
0,687,125
0,688,125
0,689,125
0,690,125
0,691,125
0,692,125
0,693,125
0,694,125
0,695,125
0,696,125
0,697,125
0,698,125
0,699,125
0,700,125
0,701,125
0,702,125
0,703,125
0,704,125
0,705,125
0,706,125
0,707,125
0,708,125
0,709,125
0,710,125
0,711,125
0,712,125
0,713,125
0,714,125
0,715,125
0,716,125
1,717,125
1,718,125
1,719,125
1,720,125
1,721,125
1,722,125
1,723,125
1,724,125
1,725,125
1,726,125
1,727,125
1,728,125
1,729,125
1,730,125
1,731,125
1,732,125
1,733,125
1,734,125
1,735,125
1,736,125
1,737,125
1,738,125
1,739,125
1,740,125
1,741,125
1,742,125
1,743,125
0,648,126
0,649,126
0,650,126
0,651,126
0,652,126
0,653,126
0,654,126
0,655,126
0,656,126
0,657,126
0,658,126
0,659,126
0,660,126
0,661,126
0,662,126
0,663,126
0,664,126
0,665,126
0,666,126
0,667,126
1,668,126
1,669,126
1,670,126
1,671,126
1,672,126
1,673,126
1,674,126
1,675,126
1,676,126
1,677,126
1,678,126
1,679,126
1,680,126
1,681,126
1,682,126
1,683,126
1,684,126
1,685,126
1,686,126
1,687,126
1,688,126
1,689,126
1,690,126
1,691,126
1,692,126
1,693,126
1,694,126
1,695,126
1,696,126
1,697,126
1,698,126
1,699,126
1,700,126
1,701,126
1,702,126
1,703,126
1,704,126
1,705,126
1,706,126
1,707,126
1,708,126
1,709,126
1,710,126
1,711,126
1,712,126
1,713,126
1,714,126
1,715,126
1,716,126
1,717,126
1,718,126
1,719,126
1,720,126
1,721,126
1,722,126
1,723,126
1,724,126
1,725,126
1,726,126
1,727,126
1,728,126
1,729,126
1,730,126
1,731,126
1,732,126
1,733,126
1,734,126
1,735,126
1,736,126
1,737,126
1,738,126
1,739,126
1,740,126
1,741,126
1,742,126
1,743,126
0,648,127
0,649,127
0,650,127
0,651,127
0,652,127
0,653,127
0,654,127
0,655,127
0,656,127
0,657,127
0,658,127
0,659,127
0,660,127
0,661,127
0,662,127
0,663,127
0,664,127
0,665,127
0,666,127
0,667,127
0,668,127
0,669,127
0,670,127
0,671,127
0,672,127
0,673,127
0,674,127
0,675,127
0,676,127
0,677,127
0,678,127
0,679,127
1,680,127
1,681,127
1,682,127
1,683,127
1,684,127
1,685,127
1,686,127
1,687,127
1,688,127
1,689,127
1,690,127
1,691,127
1,692,127
1,693,127
1,694,127
1,695,127
1,696,127
1,697,127
1,698,127
1,699,127
1,700,127
1,701,127
1,702,127
1,703,127
1,704,127
1,705,127
1,706,127
1,707,127
1,708,127
1,709,127
1,710,127
1,711,127
1,712,127
1,713,127
1,714,127
1,715,127
1,716,127
1,717,127
1,718,127
1,719,127
1,720,127
1,721,127
1,722,127
1,723,127
1,724,127
1,725,127
1,726,127
1,727,127
1,728,127
1,729,127
1,730,127
1,731,127
1,732,127
1,733,127
1,734,127
1,735,127
1,736,127
1,737,127
1,738,127
1,739,127
1,740,127
1,741,127
1,742,127
1,743,127
0,648,128
0,649,128
0,650,128
0,651,128
0,652,128
0,653,128
0,654,128
0,655,128
0,656,128
0,657,128
0,658,128
0,659,128
0,660,128
0,661,128
0,662,128
0,663,128
0,664,128
0,665,128
0,666,128
0,667,128
0,668,128
0,669,128
0,670,128
0,671,128
0,672,128
1,673,128
1,674,128
1,675,128
1,676,128
1,677,128
1,678,128
1,679,128
1,680,128
1,681,128
1,682,128
1,683,128
1,684,128
1,685,128
1,686,128
1,687,128
1,688,128
1,689,128
1,690,128
1,691,128
1,692,128
1,693,128
1,694,128
1,695,128
1,696,128
1,697,128
1,698,128
1,699,128
1,700,128
1,701,128
1,702,128
1,703,128
1,704,128
1,705,128
1,706,128
1,707,128
1,708,128
1,709,128
1,710,128
1,711,128
1,712,128
1,713,128
1,714,128
1,715,128
1,716,128
1,717,128
1,718,128
1,719,128
1,720,128
1,721,128
1,722,128
1,723,128
1,724,128
1,725,128
1,726,128
1,727,128
1,728,128
1,729,128
1,730,128
1,731,128
1,732,128
1,733,128
1,734,128
1,735,128
1,736,128
1,737,128
1,738,128
1,739,128
1,740,128
1,741,128
1,742,128
1,743,128
0,648,129
0,649,129
0,650,129
0,651,129
0,652,129
0,653,129
0,654,129
0,655,129
0,656,129
0,657,129
0,658,129
0,659,129
0,660,129
0,661,129
0,662,129
0,663,129
0,664,129
0,665,129
0,666,129
0,667,129
0,668,129
0,669,129
0,670,129
0,671,129
0,672,129
0,673,129
0,674,129
0,675,129
0,676,129
0,677,129
0,678,129
0,679,129
0,680,129
0,681,129
0,682,129
0,683,129
0,684,129
0,685,129
0,686,129
0,687,129
0,688,129
0,689,129
0,690,129
0,691,129
0,692,129
0,693,129
0,694,129
0,695,129
0,696,129
0,697,129
0,698,129
0,699,129
0,700,129
0,701,129
0,702,129
0,703,129
1,704,129
1,705,129
1,706,129
1,707,129
1,708,129
1,709,129
1,710,129
1,711,129
1,712,129
1,713,129
1,714,129
1,715,129
1,716,129
1,717,129
1,718,129
1,719,129
1,720,129
1,721,129
1,722,129
1,723,129
1,724,129
1,725,129
1,726,129
1,727,129
1,728,129
1,729,129
1,730,129
1,731,129
1,732,129
1,733,129
1,734,129
1,735,129
1,736,129
1,737,129
1,738,129
1,739,129
1,740,129
1,741,129
1,742,129
1,743,129
0,648,130
0,649,130
0,650,130
0,651,130
0,652,130
0,653,130
0,654,130
0,655,130
0,656,130
0,657,130
0,658,130
0,659,130
0,660,130
0,661,130
0,662,130
0,663,130
0,664,130
0,665,130
0,666,130
0,667,130
0,668,130
0,669,130
0,670,130
0,671,130
0,672,130
0,673,130
0,674,130
0,675,130
0,676,130
0,677,130
0,678,130
0,679,130
0,680,130
0,681,130
0,682,130
0,683,130
0,684,130
0,685,130
0,686,130
0,687,130
0,688,130
0,689,130
0,690,130
0,691,130
0,692,130
0,693,130
0,694,130
0,695,130
0,696,130
0,697,130
0,698,130
0,699,130
0,700,130
0,701,130
0,702,130
0,703,130
0,704,130
0,705,130
0,706,130
0,707,130
0,708,130
0,709,130
0,710,130
0,711,130
0,712,130
0,713,130
0,714,130
0,715,130
0,716,130
0,717,130
0,718,130
0,719,130
0,720,130
0,721,130
0,722,130
0,723,130
0,724,130
0,725,130
0,726,130
0,727,130
0,728,130
0,729,130
0,730,130
0,731,130
0,732,130
0,733,130
0,734,130
0,735,130
0,736,130
0,737,130
0,738,130
0,739,130
0,740,130
0,741,130
0,742,130
0,743,130
0,648,131
0,649,131
0,650,131
0,651,131
0,652,131
0,653,131
0,654,131
0,655,131
0,656,131
0,657,131
0,658,131
0,659,131
0,660,131
0,661,131
0,662,131
0,663,131
0,664,131
0,665,131
0,666,131
0,667,131
0,668,131
0,669,131
0,670,131
0,671,131
0,672,131
0,673,131
0,674,131
0,675,131
0,676,131
0,677,131
0,678,131
0,679,131
0,680,131
0,681,131
0,682,131
0,683,131
0,684,131
0,685,131
0,686,131
0,687,131
0,688,131
0,689,131
0,690,131
0,691,131
0,692,131
0,693,131
0,694,131
0,695,131
0,696,131
0,697,131
0,698,131
0,699,131
0,700,131
0,701,131
0,702,131
1,703,131
1,704,131
1,705,131
1,706,131
1,707,131
1,708,131
1,709,131
1,710,131
1,711,131
1,712,131
1,713,131
1,714,131
1,715,131
1,716,131
1,717,131
1,718,131
1,719,131
1,720,131
1,721,131
1,722,131
1,723,131
1,724,131
1,725,131
1,726,131
1,727,131
1,728,131
1,729,131
1,730,131
1,731,131
1,732,131
1,733,131
1,734,131
1,735,131
1,736,131
1,737,131
1,738,131
1,739,131
1,740,131
1,741,131
1,742,131
1,743,131
0,648,132
0,649,132
1,650,132
1,651,132
1,652,132
1,653,132
1,654,132
1,655,132
1,656,132
1,657,132
1,658,132
1,659,132
1,660,132
1,661,132
1,662,132
1,663,132
1,664,132
1,665,132
1,666,132
1,667,132
1,668,132
1,669,132
1,670,132
1,671,132
1,672,132
1,673,132
1,674,132
1,675,132
1,676,132
1,677,132
1,678,132
1,679,132
1,680,132
1,681,132
1,682,132
1,683,132
1,684,132
1,685,132
1,686,132
1,687,132
1,688,132
1,689,132
1,690,132
1,691,132
1,692,132
1,693,132
1,694,132
1,695,132
1,696,132
1,697,132
1,698,132
1,699,132
1,700,132
1,701,132
1,702,132
1,703,132
1,704,132
1,705,132
1,706,132
1,707,132
1,708,132
1,709,132
1,710,132
1,711,132
1,712,132
1,713,132
1,714,132
1,715,132
1,716,132
1,717,132
1,718,132
1,719,132
1,720,132
1,721,132
1,722,132
1,723,132
1,724,132
1,725,132
1,726,132
1,727,132
1,728,132
1,729,132
1,730,132
1,731,132
1,732,132
1,733,132
1,734,132
1,735,132
1,736,132
1,737,132
1,738,132
1,739,132
1,740,132
1,741,132
1,742,132
1,743,132
1,648,133
1,649,133
1,650,133
1,651,133
1,652,133
1,653,133
1,654,133
1,655,133
1,656,133
1,657,133
1,658,133
1,659,133
1,660,133
1,661,133
1,662,133
1,663,133
1,664,133
1,665,133
1,666,133
1,667,133
1,668,133
1,669,133
1,670,133
1,671,133
1,672,133
1,673,133
1,674,133
1,675,133
1,676,133
1,677,133
1,678,133
1,679,133
1,680,133
1,681,133
1,682,133
1,683,133
1,684,133
1,685,133
1,686,133
1,687,133
1,688,133
1,689,133
1,690,133
1,691,133
1,692,133
1,693,133
1,694,133
1,695,133
1,696,133
1,697,133
1,698,133
1,699,133
1,700,133
1,701,133
1,702,133
1,703,133
1,704,133
1,705,133
1,706,133
1,707,133
1,708,133
1,709,133
1,710,133
1,711,133
1,712,133
1,713,133
1,714,133
1,715,133
1,716,133
1,717,133
1,718,133
1,719,133
1,720,133
1,721,133
1,722,133
1,723,133
1,724,133
1,725,133
1,726,133
1,727,133
1,728,133
1,729,133
1,730,133
1,731,133
1,732,133
1,733,133
1,734,133
1,735,133
1,736,133
1,737,133
1,738,133
1,739,133
1,740,133
1,741,133
1,742,133
1,743,133
0,648,134
0,649,134
0,650,134
0,651,134
0,652,134
0,653,134
0,654,134
0,655,134
0,656,134
0,657,134
1,658,134
1,659,134
1,660,134
1,661,134
1,662,134
1,663,134
1,664,134
1,665,134
1,666,134
1,667,134
1,668,134
1,669,134
1,670,134
1,671,134
1,672,134
1,673,134
1,674,134
1,675,134
1,676,134
1,677,134
1,678,134
1,679,134
1,680,134
1,681,134
1,682,134
1,683,134
1,684,134
1,685,134
1,686,134
1,687,134
1,688,134
1,689,134
1,690,134
1,691,134
1,692,134
1,693,134
1,694,134
1,695,134
1,696,134
1,697,134
1,698,134
1,699,134
1,700,134
1,701,134
1,702,134
1,703,134
1,704,134
1,705,134
1,706,134
1,707,134
1,708,134
1,709,134
1,710,134
1,711,134
1,712,134
1,713,134
1,714,134
1,715,134
1,716,134
1,717,134
1,718,134
1,719,134
1,720,134
1,721,134
1,722,134
1,723,134
1,724,134
1,725,134
1,726,134
1,727,134
1,728,134
1,729,134
1,730,134
1,731,134
1,732,134
1,733,134
1,734,134
1,735,134
1,736,134
1,737,134
1,738,134
1,739,134
1,740,134
1,741,134
1,742,134
1,743,134
0,648,135
0,649,135
0,650,135
0,651,135
0,652,135
0,653,135
0,654,135
0,655,135
0,656,135
0,657,135
0,658,135
0,659,135
0,660,135
0,661,135
0,662,135
0,663,135
0,664,135
0,665,135
0,666,135
0,667,135
0,668,135
0,669,135
0,670,135
0,671,135
0,672,135
0,673,135
0,674,135
0,675,135
0,676,135
0,677,135
0,678,135
0,679,135
0,680,135
0,681,135
0,682,135
0,683,135
0,684,135
0,685,135
0,686,135
0,687,135
0,688,135
0,689,135
0,690,135
0,691,135
0,692,135
0,693,135
0,694,135
0,695,135
0,696,135
0,697,135
0,698,135
0,699,135
0,700,135
0,701,135
0,702,135
1,703,135
1,704,135
1,705,135
1,706,135
1,707,135
1,708,135
1,709,135
1,710,135
1,711,135
1,712,135
1,713,135
1,714,135
1,715,135
1,716,135
1,717,135
1,718,135
1,719,135
1,720,135
1,721,135
1,722,135
1,723,135
1,724,135
1,725,135
1,726,135
1,727,135
1,728,135
1,729,135
1,730,135
1,731,135
1,732,135
1,733,135
1,734,135
1,735,135
1,736,135
1,737,135
1,738,135
1,739,135
1,740,135
1,741,135
1,742,135
1,743,135
0,648,136
0,649,136
0,650,136
0,651,136
0,652,136
0,653,136
0,654,136
0,655,136
0,656,136
0,657,136
0,658,136
0,659,136
0,660,136
0,661,136
0,662,136
0,663,136
0,664,136
0,665,136
0,666,136
0,667,136
1,668,136
1,669,136
1,670,136
1,671,136
1,672,136
1,673,136
1,674,136
1,675,136
1,676,136
1,677,136
1,678,136
1,679,136
1,680,136
1,681,136
1,682,136
1,683,136
1,684,136
1,685,136
1,686,136
1,687,136
1,688,136
1,689,136
1,690,136
1,691,136
1,692,136
1,693,136
1,694,136
1,695,136
1,696,136
1,697,136
1,698,136
1,699,136
1,700,136
1,701,136
1,702,136
1,703,136
1,704,136
1,705,136
1,706,136
1,707,136
1,708,136
1,709,136
1,710,136
1,711,136
1,712,136
1,713,136
1,714,136
1,715,136
1,716,136
1,717,136
1,718,136
1,719,136
1,720,136
1,721,136
1,722,136
1,723,136
1,724,136
1,725,136
1,726,136
1,727,136
1,728,136
1,729,136
1,730,136
1,731,136
1,732,136
1,733,136
1,734,136
1,735,136
1,736,136
1,737,136
1,738,136
1,739,136
1,740,136
1,741,136
1,742,136
1,743,136
0,648,137
0,649,137
0,650,137
0,651,137
0,652,137
0,653,137
0,654,137
0,655,137
0,656,137
0,657,137
0,658,137
0,659,137
0,660,137
0,661,137
0,662,137
0,663,137
0,664,137
0,665,137
0,666,137
0,667,137
0,668,137
0,669,137
0,670,137
0,671,137
0,672,137
0,673,137
0,674,137
0,675,137
0,676,137
0,677,137
0,678,137
0,679,137
0,680,137
0,681,137
0,682,137
0,683,137
0,684,137
0,685,137
0,686,137
0,687,137
0,688,137
0,689,137
0,690,137
0,691,137
0,692,137
0,693,137
0,694,137
0,695,137
0,696,137
0,697,137
0,698,137
0,699,137
0,700,137
0,701,137
0,702,137
0,703,137
0,704,137
0,705,137
0,706,137
0,707,137
0,708,137
0,709,137
0,710,137
0,711,137
0,712,137
0,713,137
0,714,137
0,715,137
0,716,137
0,717,137
0,718,137
0,719,137
0,720,137
0,721,137
0,722,137
0,723,137
0,724,137
0,725,137
0,726,137
0,727,137
0,728,137
0,729,137
0,730,137
0,731,137
0,732,137
0,733,137
0,734,137
0,735,137
1,736,137
1,737,137
1,738,137
1,739,137
1,740,137
1,741,137
1,742,137
1,743,137
0,648,138
0,649,138
0,650,138
0,651,138
0,652,138
0,653,138
0,654,138
0,655,138
0,656,138
0,657,138
0,658,138
0,659,138
0,660,138
0,661,138
0,662,138
0,663,138
0,664,138
0,665,138
0,666,138
0,667,138
0,668,138
0,669,138
0,670,138
0,671,138
0,672,138
0,673,138
0,674,138
0,675,138
0,676,138
0,677,138
0,678,138
0,679,138
0,680,138
0,681,138
0,682,138
0,683,138
0,684,138
0,685,138
0,686,138
0,687,138
0,688,138
0,689,138
0,690,138
0,691,138
0,692,138
0,693,138
0,694,138
0,695,138
0,696,138
0,697,138
0,698,138
0,699,138
0,700,138
0,701,138
0,702,138
0,703,138
0,704,138
0,705,138
0,706,138
0,707,138
0,708,138
0,709,138
0,710,138
0,711,138
0,712,138
0,713,138
0,714,138
0,715,138
0,716,138
0,717,138
0,718,138
0,719,138
0,720,138
0,721,138
0,722,138
0,723,138
0,724,138
0,725,138
0,726,138
0,727,138
0,728,138
0,729,138
0,730,138
0,731,138
0,732,138
0,733,138
1,734,138
1,735,138
1,736,138
1,737,138
1,738,138
1,739,138
1,740,138
1,741,138
1,742,138
1,743,138
0,648,139
0,649,139
0,650,139
0,651,139
0,652,139
0,653,139
0,654,139
0,655,139
0,656,139
0,657,139
0,658,139
0,659,139
0,660,139
0,661,139
0,662,139
0,663,139
0,664,139
0,665,139
0,666,139
0,667,139
0,668,139
0,669,139
0,670,139
0,671,139
0,672,139
0,673,139
1,674,139
1,675,139
1,676,139
1,677,139
1,678,139
1,679,139
1,680,139
1,681,139
1,682,139
1,683,139
1,684,139
1,685,139
1,686,139
1,687,139
1,688,139
1,689,139
1,690,139
1,691,139
1,692,139
1,693,139
1,694,139
1,695,139
1,696,139
1,697,139
1,698,139
1,699,139
1,700,139
1,701,139
1,702,139
1,703,139
1,704,139
1,705,139
1,706,139
1,707,139
1,708,139
1,709,139
1,710,139
1,711,139
1,712,139
1,713,139
1,714,139
1,715,139
1,716,139
1,717,139
1,718,139
1,719,139
1,720,139
1,721,139
1,722,139
1,723,139
1,724,139
1,725,139
1,726,139
1,727,139
1,728,139
1,729,139
1,730,139
1,731,139
1,732,139
1,733,139
1,734,139
1,735,139
1,736,139
1,737,139
1,738,139
1,739,139
1,740,139
1,741,139
1,742,139
1,743,139
0,648,140
0,649,140
0,650,140
0,651,140
0,652,140
0,653,140
0,654,140
0,655,140
0,656,140
0,657,140
0,658,140
0,659,140
0,660,140
0,661,140
0,662,140
0,663,140
0,664,140
0,665,140
0,666,140
0,667,140
0,668,140
0,669,140
0,670,140
0,671,140
0,672,140
0,673,140
0,674,140
0,675,140
0,676,140
0,677,140
0,678,140
0,679,140
0,680,140
0,681,140
0,682,140
0,683,140
0,684,140
0,685,140
0,686,140
0,687,140
0,688,140
0,689,140
0,690,140
0,691,140
0,692,140
0,693,140
0,694,140
0,695,140
0,696,140
0,697,140
0,698,140
0,699,140
0,700,140
0,701,140
0,702,140
1,703,140
1,704,140
1,705,140
1,706,140
1,707,140
1,708,140
1,709,140
1,710,140
1,711,140
1,712,140
1,713,140
1,714,140
1,715,140
1,716,140
1,717,140
1,718,140
1,719,140
1,720,140
1,721,140
1,722,140
1,723,140
1,724,140
1,725,140
1,726,140
1,727,140
1,728,140
1,729,140
1,730,140
1,731,140
1,732,140
1,733,140
1,734,140
1,735,140
1,736,140
1,737,140
1,738,140
1,739,140
1,740,140
1,741,140
1,742,140
1,743,140
0,648,141
0,649,141
0,650,141
0,651,141
0,652,141
0,653,141
0,654,141
0,655,141
0,656,141
0,657,141
0,658,141
0,659,141
0,660,141
0,661,141
0,662,141
0,663,141
0,664,141
0,665,141
0,666,141
0,667,141
0,668,141
0,669,141
0,670,141
0,671,141
0,672,141
0,673,141
0,674,141
0,675,141
0,676,141
0,677,141
0,678,141
0,679,141
0,680,141
0,681,141
0,682,141
0,683,141
0,684,141
0,685,141
0,686,141
0,687,141
0,688,141
0,689,141
0,690,141
0,691,141
0,692,141
0,693,141
0,694,141
0,695,141
0,696,141
0,697,141
0,698,141
0,699,141
0,700,141
0,701,141
0,702,141
0,703,141
0,704,141
1,705,141
1,706,141
1,707,141
1,708,141
1,709,141
1,710,141
1,711,141
1,712,141
1,713,141
1,714,141
1,715,141
1,716,141
1,717,141
1,718,141
1,719,141
1,720,141
1,721,141
1,722,141
1,723,141
1,724,141
1,725,141
1,726,141
1,727,141
1,728,141
1,729,141
1,730,141
1,731,141
1,732,141
1,733,141
1,734,141
1,735,141
1,736,141
1,737,141
1,738,141
1,739,141
1,740,141
1,741,141
1,742,141
1,743,141
1,648,142
1,649,142
1,650,142
1,651,142
1,652,142
1,653,142
1,654,142
1,655,142
1,656,142
1,657,142
1,658,142
1,659,142
1,660,142
1,661,142
1,662,142
1,663,142
1,664,142
1,665,142
1,666,142
1,667,142
1,668,142
1,669,142
1,670,142
1,671,142
1,672,142
1,673,142
1,674,142
1,675,142
1,676,142
1,677,142
1,678,142
1,679,142
1,680,142
1,681,142
1,682,142
1,683,142
1,684,142
1,685,142
1,686,142
1,687,142
1,688,142
1,689,142
1,690,142
1,691,142
1,692,142
1,693,142
1,694,142
1,695,142
1,696,142
1,697,142
1,698,142
1,699,142
1,700,142
1,701,142
1,702,142
1,703,142
1,704,142
1,705,142
1,706,142
1,707,142
1,708,142
1,709,142
1,710,142
1,711,142
1,712,142
1,713,142
1,714,142
1,715,142
1,716,142
1,717,142
1,718,142
1,719,142
1,720,142
1,721,142
1,722,142
1,723,142
1,724,142
1,725,142
1,726,142
1,727,142
1,728,142
1,729,142
1,730,142
1,731,142
1,732,142
1,733,142
1,734,142
1,735,142
1,736,142
1,737,142
1,738,142
1,739,142
1,740,142
1,741,142
1,742,142
1,743,142
0,648,143
0,649,143
0,650,143
0,651,143
0,652,143
0,653,143
0,654,143
0,655,143
0,656,143
0,657,143
0,658,143
0,659,143
0,660,143
0,661,143
0,662,143
0,663,143
0,664,143
0,665,143
0,666,143
0,667,143
0,668,143
0,669,143
0,670,143
0,671,143
0,672,143
0,673,143
0,674,143
0,675,143
0,676,143
0,677,143
0,678,143
0,679,143
0,680,143
0,681,143
0,682,143
0,683,143
0,684,143
0,685,143
0,686,143
0,687,143
0,688,143
0,689,143
0,690,143
0,691,143
0,692,143
1,693,143
1,694,143
1,695,143
1,696,143
1,697,143
1,698,143
1,699,143
1,700,143
1,701,143
1,702,143
1,703,143
1,704,143
1,705,143
1,706,143
1,707,143
1,708,143
1,709,143
1,710,143
1,711,143
1,712,143
1,713,143
1,714,143
1,715,143
1,716,143
1,717,143
1,718,143
1,719,143
1,720,143
1,721,143
1,722,143
1,723,143
1,724,143
1,725,143
1,726,143
1,727,143
1,728,143
1,729,143
1,730,143
1,731,143
1,732,143
1,733,143
1,734,143
1,735,143
1,736,143
1,737,143
1,738,143
1,739,143
1,740,143
1,741,143
1,742,143
1,743,143
0,648,144
0,649,144
0,650,144
0,651,144
0,652,144
0,653,144
0,654,144
0,655,144
0,656,144
0,657,144
0,658,144
0,659,144
0,660,144
0,661,144
0,662,144
0,663,144
0,664,144
0,665,144
0,666,144
0,667,144
1,668,144
1,669,144
1,670,144
1,671,144
1,672,144
1,673,144
1,674,144
1,675,144
1,676,144
1,677,144
1,678,144
1,679,144
1,680,144
1,681,144
1,682,144
1,683,144
1,684,144
1,685,144
1,686,144
1,687,144
1,688,144
1,689,144
1,690,144
1,691,144
1,692,144
1,693,144
1,694,144
1,695,144
1,696,144
1,697,144
1,698,144
1,699,144
1,700,144
1,701,144
1,702,144
1,703,144
1,704,144
1,705,144
1,706,144
1,707,144
1,708,144
1,709,144
1,710,144
1,711,144
1,712,144
1,713,144
1,714,144
1,715,144
1,716,144
1,717,144
1,718,144
1,719,144
1,720,144
1,721,144
1,722,144
1,723,144
1,724,144
1,725,144
1,726,144
1,727,144
1,728,144
1,729,144
1,730,144
1,731,144
1,732,144
1,733,144
1,734,144
1,735,144
1,736,144
1,737,144
1,738,144
1,739,144
1,740,144
1,741,144
1,742,144
1,743,144
0,648,145
0,649,145
0,650,145
0,651,145
0,652,145
0,653,145
0,654,145
0,655,145
0,656,145
0,657,145
0,658,145
0,659,145
0,660,145
0,661,145
0,662,145
0,663,145
0,664,145
0,665,145
0,666,145
0,667,145
0,668,145
0,669,145
0,670,145
0,671,145
0,672,145
0,673,145
0,674,145
0,675,145
0,676,145
0,677,145
0,678,145
0,679,145
0,680,145
0,681,145
0,682,145
0,683,145
0,684,145
0,685,145
0,686,145
0,687,145
0,688,145
0,689,145
0,690,145
0,691,145
0,692,145
0,693,145
0,694,145
0,695,145
0,696,145
0,697,145
0,698,145
0,699,145
0,700,145
0,701,145
0,702,145
0,703,145
0,704,145
0,705,145
0,706,145
0,707,145
0,708,145
0,709,145
0,710,145
0,711,145
0,712,145
0,713,145
0,714,145
0,715,145
0,716,145
0,717,145
0,718,145
0,719,145
0,720,145
0,721,145
0,722,145
0,723,145
0,724,145
0,725,145
0,726,145
0,727,145
0,728,145
0,729,145
0,730,145
0,731,145
0,732,145
0,733,145
0,734,145
0,735,145
0,736,145
0,737,145
0,738,145
0,739,145
0,740,145
0,741,145
0,742,145
0,743,145
0,648,146
0,649,146
0,650,146
0,651,146
0,652,146
0,653,146
0,654,146
0,655,146
0,656,146
0,657,146
0,658,146
0,659,146
0,660,146
0,661,146
0,662,146
0,663,146
0,664,146
0,665,146
0,666,146
0,667,146
0,668,146
0,669,146
0,670,146
0,671,146
0,672,146
0,673,146
0,674,146
0,675,146
0,676,146
0,677,146
0,678,146
0,679,146
0,680,146
0,681,146
0,682,146
0,683,146
0,684,146
0,685,146
0,686,146
0,687,146
0,688,146
1,689,146
1,690,146
1,691,146
1,692,146
1,693,146
1,694,146
1,695,146
1,696,146
1,697,146
1,698,146
1,699,146
1,700,146
1,701,146
1,702,146
1,703,146
1,704,146
1,705,146
1,706,146
1,707,146
1,708,146
1,709,146
1,710,146
1,711,146
1,712,146
1,713,146
1,714,146
1,715,146
1,716,146
1,717,146
1,718,146
1,719,146
1,720,146
1,721,146
1,722,146
1,723,146
1,724,146
1,725,146
1,726,146
1,727,146
1,728,146
1,729,146
1,730,146
1,731,146
1,732,146
1,733,146
1,734,146
1,735,146
1,736,146
1,737,146
1,738,146
1,739,146
1,740,146
1,741,146
1,742,146
1,743,146
1,648,147
1,649,147
1,650,147
1,651,147
1,652,147
1,653,147
1,654,147
1,655,147
1,656,147
1,657,147
1,658,147
1,659,147
1,660,147
1,661,147
1,662,147
1,663,147
1,664,147
1,665,147
1,666,147
1,667,147
1,668,147
1,669,147
1,670,147
1,671,147
1,672,147
1,673,147
1,674,147
1,675,147
1,676,147
1,677,147
1,678,147
1,679,147
1,680,147
1,681,147
1,682,147
1,683,147
1,684,147
1,685,147
1,686,147
1,687,147
1,688,147
1,689,147
1,690,147
1,691,147
1,692,147
1,693,147
1,694,147
1,695,147
1,696,147
1,697,147
1,698,147
1,699,147
1,700,147
1,701,147
1,702,147
1,703,147
1,704,147
1,705,147
1,706,147
1,707,147
1,708,147
1,709,147
1,710,147
1,711,147
1,712,147
1,713,147
1,714,147
1,715,147
1,716,147
1,717,147
1,718,147
1,719,147
1,720,147
1,721,147
1,722,147
1,723,147
1,724,147
1,725,147
1,726,147
1,727,147
1,728,147
1,729,147
1,730,147
1,731,147
1,732,147
1,733,147
1,734,147
1,735,147
1,736,147
1,737,147
1,738,147
1,739,147
1,740,147
1,741,147
1,742,147
1,743,147
0,648,148
0,649,148
0,650,148
0,651,148
0,652,148
0,653,148
0,654,148
0,655,148
0,656,148
0,657,148
0,658,148
0,659,148
0,660,148
0,661,148
0,662,148
0,663,148
0,664,148
0,665,148
0,666,148
0,667,148
0,668,148
0,669,148
0,670,148
0,671,148
0,672,148
0,673,148
0,674,148
0,675,148
0,676,148
0,677,148
0,678,148
0,679,148
0,680,148
0,681,148
0,682,148
0,683,148
0,684,148
0,685,148
0,686,148
0,687,148
0,688,148
0,689,148
0,690,148
0,691,148
0,692,148
0,693,148
0,694,148
0,695,148
0,696,148
0,697,148
0,698,148
0,699,148
0,700,148
0,701,148
0,702,148
1,703,148
1,704,148
1,705,148
1,706,148
1,707,148
1,708,148
1,709,148
1,710,148
1,711,148
1,712,148
1,713,148
1,714,148
1,715,148
1,716,148
1,717,148
1,718,148
1,719,148
1,720,148
1,721,148
1,722,148
1,723,148
1,724,148
1,725,148
1,726,148
1,727,148
1,728,148
1,729,148
1,730,148
1,731,148
1,732,148
1,733,148
1,734,148
1,735,148
1,736,148
1,737,148
1,738,148
1,739,148
1,740,148
1,741,148
1,742,148
1,743,148
0,648,149
0,649,149
0,650,149
0,651,149
0,652,149
0,653,149
0,654,149
0,655,149
0,656,149
0,657,149
0,658,149
0,659,149
0,660,149
0,661,149
0,662,149
0,663,149
0,664,149
0,665,149
0,666,149
0,667,149
0,668,149
0,669,149
0,670,149
0,671,149
0,672,149
0,673,149
0,674,149
0,675,149
0,676,149
0,677,149
0,678,149
0,679,149
0,680,149
0,681,149
0,682,149
0,683,149
0,684,149
0,685,149
0,686,149
0,687,149
0,688,149
0,689,149
0,690,149
0,691,149
0,692,149
0,693,149
0,694,149
0,695,149
0,696,149
0,697,149
0,698,149
0,699,149
0,700,149
0,701,149
0,702,149
0,703,149
0,704,149
0,705,149
0,706,149
0,707,149
0,708,149
0,709,149
0,710,149
0,711,149
0,712,149
0,713,149
0,714,149
0,715,149
0,716,149
0,717,149
0,718,149
0,719,149
0,720,149
0,721,149
0,722,149
0,723,149
0,724,149
0,725,149
0,726,149
0,727,149
0,728,149
0,729,149
0,730,149
0,731,149
0,732,149
0,733,149
0,734,149
0,735,149
0,736,149
0,737,149
0,738,149
0,739,149
0,740,149
0,741,149
0,742,149
0,743,149
0,648,150
0,649,150
0,650,150
0,651,150
0,652,150
0,653,150
0,654,150
0,655,150
0,656,150
0,657,150
0,658,150
0,659,150
0,660,150
0,661,150
0,662,150
0,663,150
0,664,150
0,665,150
0,666,150
0,667,150
0,668,150
0,669,150
0,670,150
0,671,150
0,672,150
0,673,150
0,674,150
0,675,150
0,676,150
0,677,150
0,678,150
0,679,150
0,680,150
0,681,150
0,682,150
0,683,150
0,684,150
0,685,150
0,686,150
0,687,150
0,688,150
0,689,150
0,690,150
0,691,150
0,692,150
0,693,150
0,694,150
0,695,150
0,696,150
0,697,150
0,698,150
0,699,150
0,700,150
0,701,150
0,702,150
0,703,150
0,704,150
0,705,150
1,706,150
1,707,150
1,708,150
1,709,150
1,710,150
1,711,150
1,712,150
1,713,150
1,714,150
1,715,150
1,716,150
1,717,150
1,718,150
1,719,150
1,720,150
1,721,150
1,722,150
1,723,150
1,724,150
1,725,150
1,726,150
1,727,150
1,728,150
1,729,150
1,730,150
1,731,150
1,732,150
1,733,150
1,734,150
1,735,150
1,736,150
1,737,150
1,738,150
1,739,150
1,740,150
1,741,150
1,742,150
1,743,150
0,648,151
0,649,151
0,650,151
0,651,151
0,652,151
0,653,151
0,654,151
0,655,151
0,656,151
0,657,151
0,658,151
0,659,151
0,660,151
0,661,151
0,662,151
0,663,151
0,664,151
0,665,151
0,666,151
0,667,151
0,668,151
0,669,151
0,670,151
0,671,151
0,672,151
1,673,151
1,674,151
1,675,151
1,676,151
1,677,151
1,678,151
1,679,151
1,680,151
1,681,151
1,682,151
1,683,151
1,684,151
1,685,151
1,686,151
1,687,151
1,688,151
1,689,151
1,690,151
1,691,151
1,692,151
1,693,151
1,694,151
1,695,151
1,696,151
1,697,151
1,698,151
1,699,151
1,700,151
1,701,151
1,702,151
1,703,151
1,704,151
1,705,151
1,706,151
1,707,151
1,708,151
1,709,151
1,710,151
1,711,151
1,712,151
1,713,151
1,714,151
1,715,151
1,716,151
1,717,151
1,718,151
1,719,151
1,720,151
1,721,151
1,722,151
1,723,151
1,724,151
1,725,151
1,726,151
1,727,151
1,728,151
1,729,151
1,730,151
1,731,151
1,732,151
1,733,151
1,734,151
1,735,151
1,736,151
1,737,151
1,738,151
1,739,151
1,740,151
1,741,151
1,742,151
1,743,151
0,648,152
0,649,152
0,650,152
0,651,152
0,652,152
0,653,152
0,654,152
0,655,152
0,656,152
0,657,152
0,658,152
0,659,152
0,660,152
0,661,152
0,662,152
0,663,152
0,664,152
0,665,152
0,666,152
0,667,152
1,668,152
1,669,152
1,670,152
1,671,152
1,672,152
1,673,152
1,674,152
1,675,152
1,676,152
1,677,152
1,678,152
1,679,152
1,680,152
1,681,152
1,682,152
1,683,152
1,684,152
1,685,152
1,686,152
1,687,152
1,688,152
1,689,152
1,690,152
1,691,152
1,692,152
1,693,152
1,694,152
1,695,152
1,696,152
1,697,152
1,698,152
1,699,152
1,700,152
1,701,152
1,702,152
1,703,152
1,704,152
1,705,152
1,706,152
1,707,152
1,708,152
1,709,152
1,710,152
1,711,152
1,712,152
1,713,152
1,714,152
1,715,152
1,716,152
1,717,152
1,718,152
1,719,152
1,720,152
1,721,152
1,722,152
1,723,152
1,724,152
1,725,152
1,726,152
1,727,152
1,728,152
1,729,152
1,730,152
1,731,152
1,732,152
1,733,152
1,734,152
1,735,152
1,736,152
1,737,152
1,738,152
1,739,152
1,740,152
1,741,152
1,742,152
1,743,152
0,648,153
0,649,153
0,650,153
0,651,153
0,652,153
0,653,153
0,654,153
0,655,153
0,656,153
0,657,153
0,658,153
0,659,153
0,660,153
0,661,153
0,662,153
0,663,153
0,664,153
0,665,153
0,666,153
0,667,153
0,668,153
0,669,153
0,670,153
0,671,153
0,672,153
0,673,153
0,674,153
0,675,153
0,676,153
0,677,153
0,678,153
0,679,153
0,680,153
0,681,153
0,682,153
0,683,153
0,684,153
0,685,153
0,686,153
0,687,153
0,688,153
0,689,153
0,690,153
0,691,153
0,692,153
0,693,153
0,694,153
0,695,153
0,696,153
0,697,153
0,698,153
0,699,153
0,700,153
0,701,153
0,702,153
0,703,153
1,704,153
1,705,153
1,706,153
1,707,153
1,708,153
1,709,153
1,710,153
1,711,153
1,712,153
1,713,153
1,714,153
1,715,153
1,716,153
1,717,153
1,718,153
1,719,153
1,720,153
1,721,153
1,722,153
1,723,153
1,724,153
1,725,153
1,726,153
1,727,153
1,728,153
1,729,153
1,730,153
1,731,153
1,732,153
1,733,153
1,734,153
1,735,153
1,736,153
1,737,153
1,738,153
1,739,153
1,740,153
1,741,153
1,742,153
1,743,153
0,648,154
0,649,154
0,650,154
0,651,154
0,652,154
0,653,154
0,654,154
0,655,154
0,656,154
0,657,154
0,658,154
0,659,154
0,660,154
0,661,154
0,662,154
0,663,154
0,664,154
0,665,154
0,666,154
0,667,154
0,668,154
0,669,154
0,670,154
0,671,154
0,672,154
0,673,154
0,674,154
0,675,154
0,676,154
0,677,154
0,678,154
0,679,154
0,680,154
0,681,154
0,682,154
0,683,154
0,684,154
0,685,154
0,686,154
0,687,154
0,688,154
0,689,154
0,690,154
0,691,154
0,692,154
1,693,154
1,694,154
1,695,154
1,696,154
1,697,154
1,698,154
1,699,154
1,700,154
1,701,154
1,702,154
1,703,154
1,704,154
1,705,154
1,706,154
1,707,154
1,708,154
1,709,154
1,710,154
1,711,154
1,712,154
1,713,154
1,714,154
1,715,154
1,716,154
1,717,154
1,718,154
1,719,154
1,720,154
1,721,154
1,722,154
1,723,154
1,724,154
1,725,154
1,726,154
1,727,154
1,728,154
1,729,154
1,730,154
1,731,154
1,732,154
1,733,154
1,734,154
1,735,154
1,736,154
1,737,154
1,738,154
1,739,154
1,740,154
1,741,154
1,742,154
1,743,154
0,648,155
0,649,155
0,650,155
0,651,155
0,652,155
0,653,155
0,654,155
0,655,155
0,656,155
0,657,155
0,658,155
0,659,155
0,660,155
0,661,155
0,662,155
0,663,155
0,664,155
0,665,155
0,666,155
0,667,155
0,668,155
0,669,155
0,670,155
0,671,155
0,672,155
0,673,155
0,674,155
0,675,155
0,676,155
0,677,155
0,678,155
0,679,155
0,680,155
0,681,155
0,682,155
0,683,155
0,684,155
0,685,155
0,686,155
0,687,155
0,688,155
1,689,155
1,690,155
1,691,155
1,692,155
1,693,155
1,694,155
1,695,155
1,696,155
1,697,155
1,698,155
1,699,155
1,700,155
1,701,155
1,702,155
1,703,155
1,704,155
1,705,155
1,706,155
1,707,155
1,708,155
1,709,155
1,710,155
1,711,155
1,712,155
1,713,155
1,714,155
1,715,155
1,716,155
1,717,155
1,718,155
1,719,155
1,720,155
1,721,155
1,722,155
1,723,155
1,724,155
1,725,155
1,726,155
1,727,155
1,728,155
1,729,155
1,730,155
1,731,155
1,732,155
1,733,155
1,734,155
1,735,155
1,736,155
1,737,155
1,738,155
1,739,155
1,740,155
1,741,155
1,742,155
1,743,155
0,648,156
0,649,156
0,650,156
0,651,156
0,652,156
0,653,156
0,654,156
0,655,156
0,656,156
0,657,156
0,658,156
0,659,156
0,660,156
0,661,156
0,662,156
0,663,156
0,664,156
0,665,156
0,666,156
0,667,156
0,668,156
0,669,156
0,670,156
0,671,156
0,672,156
1,673,156
1,674,156
1,675,156
1,676,156
1,677,156
1,678,156
1,679,156
1,680,156
1,681,156
1,682,156
1,683,156
1,684,156
1,685,156
1,686,156
1,687,156
1,688,156
1,689,156
1,690,156
1,691,156
1,692,156
1,693,156
1,694,156
1,695,156
1,696,156
1,697,156
1,698,156
1,699,156
1,700,156
1,701,156
1,702,156
1,703,156
1,704,156
1,705,156
1,706,156
1,707,156
1,708,156
1,709,156
1,710,156
1,711,156
1,712,156
1,713,156
1,714,156
1,715,156
1,716,156
1,717,156
1,718,156
1,719,156
1,720,156
1,721,156
1,722,156
1,723,156
1,724,156
1,725,156
1,726,156
1,727,156
1,728,156
1,729,156
1,730,156
1,731,156
1,732,156
1,733,156
1,734,156
1,735,156
1,736,156
1,737,156
1,738,156
1,739,156
1,740,156
1,741,156
1,742,156
1,743,156
0,648,157
0,649,157
0,650,157
0,651,157
0,652,157
0,653,157
0,654,157
0,655,157
0,656,157
0,657,157
0,658,157
0,659,157
0,660,157
0,661,157
0,662,157
0,663,157
0,664,157
0,665,157
0,666,157
0,667,157
0,668,157
0,669,157
0,670,157
0,671,157
0,672,157
0,673,157
0,674,157
0,675,157
0,676,157
0,677,157
0,678,157
0,679,157
0,680,157
0,681,157
0,682,157
0,683,157
0,684,157
0,685,157
0,686,157
0,687,157
0,688,157
0,689,157
0,690,157
0,691,157
0,692,157
0,693,157
0,694,157
0,695,157
0,696,157
0,697,157
0,698,157
0,699,157
0,700,157
0,701,157
0,702,157
0,703,157
0,704,157
1,705,157
1,706,157
1,707,157
1,708,157
1,709,157
1,710,157
1,711,157
1,712,157
1,713,157
1,714,157
1,715,157
1,716,157
1,717,157
1,718,157
1,719,157
1,720,157
1,721,157
1,722,157
1,723,157
1,724,157
1,725,157
1,726,157
1,727,157
1,728,157
1,729,157
1,730,157
1,731,157
1,732,157
1,733,157
1,734,157
1,735,157
1,736,157
1,737,157
1,738,157
1,739,157
1,740,157
1,741,157
1,742,157
1,743,157
0,648,158
0,649,158
0,650,158
0,651,158
0,652,158
0,653,158
0,654,158
0,655,158
0,656,158
0,657,158
0,658,158
0,659,158
0,660,158
0,661,158
0,662,158
0,663,158
0,664,158
0,665,158
0,666,158
0,667,158
0,668,158
0,669,158
0,670,158
0,671,158
0,672,158
0,673,158
0,674,158
0,675,158
0,676,158
0,677,158
0,678,158
0,679,158
0,680,158
0,681,158
0,682,158
0,683,158
0,684,158
0,685,158
0,686,158
0,687,158
0,688,158
0,689,158
0,690,158
0,691,158
0,692,158
0,693,158
0,694,158
0,695,158
0,696,158
0,697,158
0,698,158
0,699,158
0,700,158
0,701,158
0,702,158
0,703,158
0,704,158
0,705,158
0,706,158
0,707,158
0,708,158
0,709,158
0,710,158
0,711,158
0,712,158
0,713,158
0,714,158
0,715,158
0,716,158
0,717,158
0,718,158
0,719,158
0,720,158
0,721,158
0,722,158
0,723,158
0,724,158
0,725,158
0,726,158
0,727,158
0,728,158
0,729,158
0,730,158
0,731,158
0,732,158
0,733,158
0,734,158
0,735,158
1,736,158
1,737,158
1,738,158
1,739,158
1,740,158
1,741,158
1,742,158
1,743,158
0,648,159
0,649,159
0,650,159
0,651,159
0,652,159
0,653,159
0,654,159
0,655,159
0,656,159
0,657,159
0,658,159
0,659,159
0,660,159
0,661,159
0,662,159
0,663,159
0,664,159
0,665,159
0,666,159
0,667,159
0,668,159
0,669,159
0,670,159
0,671,159
0,672,159
0,673,159
0,674,159
0,675,159
0,676,159
0,677,159
0,678,159
0,679,159
0,680,159
0,681,159
0,682,159
0,683,159
0,684,159
0,685,159
0,686,159
0,687,159
0,688,159
0,689,159
0,690,159
0,691,159
0,692,159
0,693,159
0,694,159
0,695,159
0,696,159
0,697,159
0,698,159
0,699,159
0,700,159
0,701,159
0,702,159
0,703,159
0,704,159
0,705,159
0,706,159
0,707,159
0,708,159
0,709,159
1,710,159
1,711,159
1,712,159
1,713,159
1,714,159
1,715,159
1,716,159
1,717,159
1,718,159
1,719,159
1,720,159
1,721,159
1,722,159
1,723,159
1,724,159
1,725,159
1,726,159
1,727,159
1,728,159
1,729,159
1,730,159
1,731,159
1,732,159
1,733,159
1,734,159
1,735,159
1,736,159
1,737,159
1,738,159
1,739,159
1,740,159
1,741,159
1,742,159
1,743,159
1,648,160
1,649,160
1,650,160
1,651,160
1,652,160
1,653,160
1,654,160
1,655,160
1,656,160
1,657,160
1,658,160
1,659,160
1,660,160
1,661,160
1,662,160
1,663,160
1,664,160
1,665,160
1,666,160
1,667,160
1,668,160
1,669,160
1,670,160
1,671,160
1,672,160
1,673,160
1,674,160
1,675,160
1,676,160
1,677,160
1,678,160
1,679,160
1,680,160
1,681,160
1,682,160
1,683,160
1,684,160
1,685,160
1,686,160
1,687,160
1,688,160
1,689,160
1,690,160
1,691,160
1,692,160
1,693,160
1,694,160
1,695,160
1,696,160
1,697,160
1,698,160
1,699,160
1,700,160
1,701,160
1,702,160
1,703,160
1,704,160
1,705,160
1,706,160
1,707,160
1,708,160
1,709,160
1,710,160
1,711,160
1,712,160
1,713,160
1,714,160
1,715,160
1,716,160
1,717,160
1,718,160
1,719,160
1,720,160
1,721,160
1,722,160
1,723,160
1,724,160
1,725,160
1,726,160
1,727,160
1,728,160
1,729,160
1,730,160
1,731,160
1,732,160
1,733,160
1,734,160
1,735,160
1,736,160
1,737,160
1,738,160
1,739,160
1,740,160
1,741,160
1,742,160
1,743,160
0,648,161
0,649,161
0,650,161
0,651,161
0,652,161
0,653,161
0,654,161
0,655,161
0,656,161
0,657,161
0,658,161
0,659,161
0,660,161
0,661,161
0,662,161
0,663,161
0,664,161
0,665,161
0,666,161
0,667,161
0,668,161
0,669,161
0,670,161
0,671,161
0,672,161
0,673,161
0,674,161
0,675,161
0,676,161
0,677,161
0,678,161
0,679,161
0,680,161
0,681,161
0,682,161
0,683,161
0,684,161
0,685,161
0,686,161
0,687,161
0,688,161
0,689,161
0,690,161
0,691,161
0,692,161
0,693,161
0,694,161
0,695,161
0,696,161
0,697,161
0,698,161
0,699,161
0,700,161
0,701,161
0,702,161
0,703,161
0,704,161
0,705,161
0,706,161
0,707,161
0,708,161
0,709,161
0,710,161
0,711,161
0,712,161
0,713,161
0,714,161
0,715,161
0,716,161
0,717,161
0,718,161
0,719,161
0,720,161
0,721,161
0,722,161
0,723,161
0,724,161
0,725,161
0,726,161
0,727,161
0,728,161
0,729,161
0,730,161
0,731,161
0,732,161
0,733,161
0,734,161
0,735,161
0,736,161
0,737,161
1,738,161
1,739,161
1,740,161
1,741,161
1,742,161
1,743,161
0,648,162
0,649,162
0,650,162
0,651,162
0,652,162
0,653,162
0,654,162
0,655,162
0,656,162
0,657,162
0,658,162
0,659,162
0,660,162
0,661,162
0,662,162
0,663,162
0,664,162
0,665,162
0,666,162
0,667,162
0,668,162
0,669,162
0,670,162
0,671,162
0,672,162
0,673,162
0,674,162
0,675,162
0,676,162
0,677,162
0,678,162
0,679,162
0,680,162
0,681,162
0,682,162
0,683,162
0,684,162
0,685,162
0,686,162
0,687,162
0,688,162
0,689,162
0,690,162
0,691,162
0,692,162
0,693,162
0,694,162
0,695,162
0,696,162
0,697,162
0,698,162
0,699,162
0,700,162
0,701,162
0,702,162
0,703,162
0,704,162
0,705,162
0,706,162
0,707,162
0,708,162
0,709,162
0,710,162
0,711,162
0,712,162
0,713,162
0,714,162
0,715,162
0,716,162
0,717,162
0,718,162
0,719,162
0,720,162
0,721,162
0,722,162
0,723,162
0,724,162
0,725,162
0,726,162
0,727,162
0,728,162
0,729,162
0,730,162
0,731,162
0,732,162
0,733,162
0,734,162
0,735,162
0,736,162
0,737,162
0,738,162
0,739,162
0,740,162
0,741,162
0,742,162
0,743,162
0,648,163
0,649,163
0,650,163
0,651,163
0,652,163
0,653,163
0,654,163
0,655,163
0,656,163
0,657,163
0,658,163
0,659,163
0,660,163
0,661,163
0,662,163
0,663,163
0,664,163
0,665,163
0,666,163
0,667,163
0,668,163
0,669,163
0,670,163
0,671,163
0,672,163
0,673,163
0,674,163
0,675,163
0,676,163
0,677,163
0,678,163
0,679,163
0,680,163
0,681,163
0,682,163
0,683,163
0,684,163
0,685,163
0,686,163
0,687,163
0,688,163
0,689,163
0,690,163
0,691,163
0,692,163
0,693,163
0,694,163
0,695,163
0,696,163
0,697,163
0,698,163
0,699,163
0,700,163
0,701,163
0,702,163
0,703,163
0,704,163
0,705,163
0,706,163
0,707,163
0,708,163
0,709,163
0,710,163
0,711,163
0,712,163
0,713,163
0,714,163
0,715,163
0,716,163
0,717,163
0,718,163
0,719,163
0,720,163
0,721,163
0,722,163
0,723,163
0,724,163
0,725,163
0,726,163
0,727,163
0,728,163
0,729,163
0,730,163
0,731,163
0,732,163
0,733,163
0,734,163
0,735,163
0,736,163
0,737,163
0,738,163
0,739,163
0,740,163
0,741,163
0,742,163
0,743,163
0,648,164
0,649,164
0,650,164
0,651,164
0,652,164
0,653,164
0,654,164
0,655,164
0,656,164
0,657,164
0,658,164
0,659,164
0,660,164
0,661,164
0,662,164
0,663,164
0,664,164
0,665,164
0,666,164
0,667,164
0,668,164
0,669,164
0,670,164
0,671,164
0,672,164
0,673,164
0,674,164
0,675,164
0,676,164
0,677,164
0,678,164
0,679,164
0,680,164
0,681,164
0,682,164
0,683,164
0,684,164
0,685,164
1,686,164
1,687,164
1,688,164
1,689,164
1,690,164
1,691,164
1,692,164
1,693,164
1,694,164
1,695,164
1,696,164
1,697,164
1,698,164
1,699,164
1,700,164
1,701,164
1,702,164
1,703,164
1,704,164
1,705,164
1,706,164
1,707,164
1,708,164
1,709,164
1,710,164
1,711,164
1,712,164
1,713,164
1,714,164
1,715,164
1,716,164
1,717,164
1,718,164
1,719,164
1,720,164
1,721,164
1,722,164
1,723,164
1,724,164
1,725,164
1,726,164
1,727,164
1,728,164
1,729,164
1,730,164
1,731,164
1,732,164
1,733,164
1,734,164
1,735,164
1,736,164
1,737,164
1,738,164
1,739,164
1,740,164
1,741,164
1,742,164
1,743,164
0,648,165
0,649,165
0,650,165
0,651,165
0,652,165
0,653,165
0,654,165
0,655,165
0,656,165
0,657,165
0,658,165
0,659,165
0,660,165
0,661,165
0,662,165
0,663,165
0,664,165
0,665,165
0,666,165
0,667,165
0,668,165
0,669,165
0,670,165
0,671,165
0,672,165
0,673,165
0,674,165
0,675,165
0,676,165
0,677,165
0,678,165
0,679,165
0,680,165
0,681,165
0,682,165
0,683,165
0,684,165
0,685,165
0,686,165
0,687,165
0,688,165
0,689,165
1,690,165
1,691,165
1,692,165
1,693,165
1,694,165
1,695,165
1,696,165
1,697,165
1,698,165
1,699,165
1,700,165
1,701,165
1,702,165
1,703,165
1,704,165
1,705,165
1,706,165
1,707,165
1,708,165
1,709,165
1,710,165
1,711,165
1,712,165
1,713,165
1,714,165
1,715,165
1,716,165
1,717,165
1,718,165
1,719,165
1,720,165
1,721,165
1,722,165
1,723,165
1,724,165
1,725,165
1,726,165
1,727,165
1,728,165
1,729,165
1,730,165
1,731,165
1,732,165
1,733,165
1,734,165
1,735,165
1,736,165
1,737,165
1,738,165
1,739,165
1,740,165
1,741,165
1,742,165
1,743,165
0,648,166
0,649,166
0,650,166
0,651,166
0,652,166
0,653,166
0,654,166
0,655,166
0,656,166
0,657,166
0,658,166
0,659,166
0,660,166
0,661,166
0,662,166
1,663,166
1,664,166
1,665,166
1,666,166
1,667,166
1,668,166
1,669,166
1,670,166
1,671,166
1,672,166
1,673,166
1,674,166
1,675,166
1,676,166
1,677,166
1,678,166
1,679,166
1,680,166
1,681,166
1,682,166
1,683,166
1,684,166
1,685,166
1,686,166
1,687,166
1,688,166
1,689,166
1,690,166
1,691,166
1,692,166
1,693,166
1,694,166
1,695,166
1,696,166
1,697,166
1,698,166
1,699,166
1,700,166
1,701,166
1,702,166
1,703,166
1,704,166
1,705,166
1,706,166
1,707,166
1,708,166
1,709,166
1,710,166
1,711,166
1,712,166
1,713,166
1,714,166
1,715,166
1,716,166
1,717,166
1,718,166
1,719,166
1,720,166
1,721,166
1,722,166
1,723,166
1,724,166
1,725,166
1,726,166
1,727,166
1,728,166
1,729,166
1,730,166
1,731,166
1,732,166
1,733,166
1,734,166
1,735,166
1,736,166
1,737,166
1,738,166
1,739,166
1,740,166
1,741,166
1,742,166
1,743,166
0,648,167
0,649,167
0,650,167
0,651,167
0,652,167
0,653,167
0,654,167
0,655,167
0,656,167
0,657,167
0,658,167
0,659,167
0,660,167
0,661,167
0,662,167
0,663,167
0,664,167
0,665,167
0,666,167
0,667,167
0,668,167
0,669,167
0,670,167
0,671,167
0,672,167
0,673,167
0,674,167
0,675,167
0,676,167
0,677,167
0,678,167
0,679,167
0,680,167
0,681,167
0,682,167
0,683,167
0,684,167
0,685,167
0,686,167
0,687,167
0,688,167
0,689,167
1,690,167
1,691,167
1,692,167
1,693,167
1,694,167
1,695,167
1,696,167
1,697,167
1,698,167
1,699,167
1,700,167
1,701,167
1,702,167
1,703,167
1,704,167
1,705,167
1,706,167
1,707,167
1,708,167
1,709,167
1,710,167
1,711,167
1,712,167
1,713,167
1,714,167
1,715,167
1,716,167
1,717,167
1,718,167
1,719,167
1,720,167
1,721,167
1,722,167
1,723,167
1,724,167
1,725,167
1,726,167
1,727,167
1,728,167
1,729,167
1,730,167
1,731,167
1,732,167
1,733,167
1,734,167
1,735,167
1,736,167
1,737,167
1,738,167
1,739,167
1,740,167
1,741,167
1,742,167
1,743,167
0,648,168
0,649,168
1,650,168
1,651,168
1,652,168
1,653,168
1,654,168
1,655,168
1,656,168
1,657,168
1,658,168
1,659,168
1,660,168
1,661,168
1,662,168
1,663,168
1,664,168
1,665,168
1,666,168
1,667,168
1,668,168
1,669,168
1,670,168
1,671,168
1,672,168
1,673,168
1,674,168
1,675,168
1,676,168
1,677,168
1,678,168
1,679,168
1,680,168
1,681,168
1,682,168
1,683,168
1,684,168
1,685,168
1,686,168
1,687,168
1,688,168
1,689,168
1,690,168
1,691,168
1,692,168
1,693,168
1,694,168
1,695,168
1,696,168
1,697,168
1,698,168
1,699,168
1,700,168
1,701,168
1,702,168
1,703,168
1,704,168
1,705,168
1,706,168
1,707,168
1,708,168
1,709,168
1,710,168
1,711,168
1,712,168
1,713,168
1,714,168
1,715,168
1,716,168
1,717,168
1,718,168
1,719,168
1,720,168
1,721,168
1,722,168
1,723,168
1,724,168
1,725,168
1,726,168
1,727,168
1,728,168
1,729,168
1,730,168
1,731,168
1,732,168
1,733,168
1,734,168
1,735,168
1,736,168
1,737,168
1,738,168
1,739,168
1,740,168
1,741,168
1,742,168
1,743,168
0,648,169
0,649,169
0,650,169
0,651,169
0,652,169
0,653,169
0,654,169
0,655,169
0,656,169
0,657,169
0,658,169
0,659,169
0,660,169
0,661,169
0,662,169
0,663,169
0,664,169
0,665,169
0,666,169
0,667,169
0,668,169
0,669,169
0,670,169
0,671,169
0,672,169
0,673,169
0,674,169
0,675,169
0,676,169
0,677,169
0,678,169
0,679,169
0,680,169
0,681,169
0,682,169
0,683,169
0,684,169
0,685,169
0,686,169
0,687,169
0,688,169
0,689,169
0,690,169
0,691,169
0,692,169
0,693,169
0,694,169
0,695,169
0,696,169
0,697,169
0,698,169
0,699,169
0,700,169
0,701,169
0,702,169
1,703,169
1,704,169
1,705,169
1,706,169
1,707,169
1,708,169
1,709,169
1,710,169
1,711,169
1,712,169
1,713,169
1,714,169
1,715,169
1,716,169
1,717,169
1,718,169
1,719,169
1,720,169
1,721,169
1,722,169
1,723,169
1,724,169
1,725,169
1,726,169
1,727,169
1,728,169
1,729,169
1,730,169
1,731,169
1,732,169
1,733,169
1,734,169
1,735,169
1,736,169
1,737,169
1,738,169
1,739,169
1,740,169
1,741,169
1,742,169
1,743,169
1,648,170
1,649,170
1,650,170
1,651,170
1,652,170
1,653,170
1,654,170
1,655,170
1,656,170
1,657,170
1,658,170
1,659,170
1,660,170
1,661,170
1,662,170
1,663,170
1,664,170
1,665,170
1,666,170
1,667,170
1,668,170
1,669,170
1,670,170
1,671,170
1,672,170
1,673,170
1,674,170
1,675,170
1,676,170
1,677,170
1,678,170
1,679,170
1,680,170
1,681,170
1,682,170
1,683,170
1,684,170
1,685,170
1,686,170
1,687,170
1,688,170
1,689,170
1,690,170
1,691,170
1,692,170
1,693,170
1,694,170
1,695,170
1,696,170
1,697,170
1,698,170
1,699,170
1,700,170
1,701,170
1,702,170
1,703,170
1,704,170
1,705,170
1,706,170
1,707,170
1,708,170
1,709,170
1,710,170
1,711,170
1,712,170
1,713,170
1,714,170
1,715,170
1,716,170
1,717,170
1,718,170
1,719,170
1,720,170
1,721,170
1,722,170
1,723,170
1,724,170
1,725,170
1,726,170
1,727,170
1,728,170
1,729,170
1,730,170
1,731,170
1,732,170
1,733,170
1,734,170
1,735,170
1,736,170
1,737,170
1,738,170
1,739,170
1,740,170
1,741,170
1,742,170
1,743,170
0,648,171
0,649,171
0,650,171
0,651,171
0,652,171
0,653,171
0,654,171
0,655,171
0,656,171
0,657,171
0,658,171
0,659,171
0,660,171
0,661,171
0,662,171
0,663,171
0,664,171
0,665,171
0,666,171
0,667,171
0,668,171
0,669,171
0,670,171
0,671,171
0,672,171
0,673,171
0,674,171
0,675,171
0,676,171
0,677,171
0,678,171
0,679,171
1,680,171
1,681,171
1,682,171
1,683,171
1,684,171
1,685,171
1,686,171
1,687,171
1,688,171
1,689,171
1,690,171
1,691,171
1,692,171
1,693,171
1,694,171
1,695,171
1,696,171
1,697,171
1,698,171
1,699,171
1,700,171
1,701,171
1,702,171
1,703,171
1,704,171
1,705,171
1,706,171
1,707,171
1,708,171
1,709,171
1,710,171
1,711,171
1,712,171
1,713,171
1,714,171
1,715,171
1,716,171
1,717,171
1,718,171
1,719,171
1,720,171
1,721,171
1,722,171
1,723,171
1,724,171
1,725,171
1,726,171
1,727,171
1,728,171
1,729,171
1,730,171
1,731,171
1,732,171
1,733,171
1,734,171
1,735,171
1,736,171
1,737,171
1,738,171
1,739,171
1,740,171
1,741,171
1,742,171
1,743,171
0,648,172
0,649,172
0,650,172
0,651,172
0,652,172
0,653,172
0,654,172
0,655,172
0,656,172
0,657,172
0,658,172
0,659,172
0,660,172
0,661,172
0,662,172
0,663,172
0,664,172
0,665,172
0,666,172
0,667,172
0,668,172
0,669,172
0,670,172
0,671,172
0,672,172
0,673,172
0,674,172
0,675,172
0,676,172
0,677,172
0,678,172
0,679,172
0,680,172
0,681,172
0,682,172
0,683,172
0,684,172
0,685,172
0,686,172
0,687,172
0,688,172
0,689,172
0,690,172
0,691,172
0,692,172
0,693,172
0,694,172
0,695,172
0,696,172
0,697,172
0,698,172
0,699,172
0,700,172
0,701,172
0,702,172
0,703,172
0,704,172
0,705,172
1,706,172
1,707,172
1,708,172
1,709,172
1,710,172
1,711,172
1,712,172
1,713,172
1,714,172
1,715,172
1,716,172
1,717,172
1,718,172
1,719,172
1,720,172
1,721,172
1,722,172
1,723,172
1,724,172
1,725,172
1,726,172
1,727,172
1,728,172
1,729,172
1,730,172
1,731,172
1,732,172
1,733,172
1,734,172
1,735,172
1,736,172
1,737,172
1,738,172
1,739,172
1,740,172
1,741,172
1,742,172
1,743,172
1,648,173
1,649,173
1,650,173
1,651,173
1,652,173
1,653,173
1,654,173
1,655,173
1,656,173
1,657,173
1,658,173
1,659,173
1,660,173
1,661,173
1,662,173
1,663,173
1,664,173
1,665,173
1,666,173
1,667,173
1,668,173
1,669,173
1,670,173
1,671,173
1,672,173
1,673,173
1,674,173
1,675,173
1,676,173
1,677,173
1,678,173
1,679,173
1,680,173
1,681,173
1,682,173
1,683,173
1,684,173
1,685,173
1,686,173
1,687,173
1,688,173
1,689,173
1,690,173
1,691,173
1,692,173
1,693,173
1,694,173
1,695,173
1,696,173
1,697,173
1,698,173
1,699,173
1,700,173
1,701,173
1,702,173
1,703,173
1,704,173
1,705,173
1,706,173
1,707,173
1,708,173
1,709,173
1,710,173
1,711,173
1,712,173
1,713,173
1,714,173
1,715,173
1,716,173
1,717,173
1,718,173
1,719,173
1,720,173
1,721,173
1,722,173
1,723,173
1,724,173
1,725,173
1,726,173
1,727,173
1,728,173
1,729,173
1,730,173
1,731,173
1,732,173
1,733,173
1,734,173
1,735,173
1,736,173
1,737,173
1,738,173
1,739,173
1,740,173
1,741,173
1,742,173
1,743,173
0,648,174
0,649,174
0,650,174
0,651,174
0,652,174
0,653,174
0,654,174
0,655,174
0,656,174
0,657,174
0,658,174
0,659,174
0,660,174
0,661,174
0,662,174
0,663,174
0,664,174
0,665,174
0,666,174
0,667,174
0,668,174
0,669,174
0,670,174
0,671,174
0,672,174
0,673,174
0,674,174
0,675,174
0,676,174
0,677,174
0,678,174
0,679,174
0,680,174
0,681,174
0,682,174
0,683,174
0,684,174
0,685,174
0,686,174
0,687,174
0,688,174
0,689,174
0,690,174
0,691,174
0,692,174
0,693,174
0,694,174
0,695,174
0,696,174
0,697,174
0,698,174
0,699,174
0,700,174
0,701,174
0,702,174
0,703,174
0,704,174
0,705,174
1,706,174
1,707,174
1,708,174
1,709,174
1,710,174
1,711,174
1,712,174
1,713,174
1,714,174
1,715,174
1,716,174
1,717,174
1,718,174
1,719,174
1,720,174
1,721,174
1,722,174
1,723,174
1,724,174
1,725,174
1,726,174
1,727,174
1,728,174
1,729,174
1,730,174
1,731,174
1,732,174
1,733,174
1,734,174
1,735,174
1,736,174
1,737,174
1,738,174
1,739,174
1,740,174
1,741,174
1,742,174
1,743,174
0,648,175
0,649,175
0,650,175
0,651,175
0,652,175
0,653,175
0,654,175
0,655,175
0,656,175
0,657,175
0,658,175
0,659,175
0,660,175
0,661,175
0,662,175
0,663,175
0,664,175
0,665,175
0,666,175
0,667,175
0,668,175
0,669,175
0,670,175
0,671,175
0,672,175
0,673,175
0,674,175
0,675,175
0,676,175
0,677,175
0,678,175
0,679,175
0,680,175
0,681,175
0,682,175
0,683,175
0,684,175
0,685,175
0,686,175
0,687,175
0,688,175
0,689,175
0,690,175
0,691,175
0,692,175
0,693,175
0,694,175
0,695,175
0,696,175
0,697,175
0,698,175
0,699,175
0,700,175
0,701,175
0,702,175
0,703,175
1,704,175
1,705,175
1,706,175
1,707,175
1,708,175
1,709,175
1,710,175
1,711,175
1,712,175
1,713,175
1,714,175
1,715,175
1,716,175
1,717,175
1,718,175
1,719,175
1,720,175
1,721,175
1,722,175
1,723,175
1,724,175
1,725,175
1,726,175
1,727,175
1,728,175
1,729,175
1,730,175
1,731,175
1,732,175
1,733,175
1,734,175
1,735,175
1,736,175
1,737,175
1,738,175
1,739,175
1,740,175
1,741,175
1,742,175
1,743,175
0,648,176
0,649,176
0,650,176
0,651,176
0,652,176
0,653,176
0,654,176
0,655,176
0,656,176
0,657,176
0,658,176
0,659,176
0,660,176
0,661,176
0,662,176
0,663,176
0,664,176
0,665,176
0,666,176
0,667,176
0,668,176
0,669,176
0,670,176
0,671,176
0,672,176
0,673,176
0,674,176
0,675,176
0,676,176
0,677,176
0,678,176
0,679,176
0,680,176
0,681,176
0,682,176
0,683,176
0,684,176
0,685,176
0,686,176
0,687,176
0,688,176
0,689,176
0,690,176
0,691,176
0,692,176
0,693,176
0,694,176
0,695,176
0,696,176
1,697,176
1,698,176
1,699,176
1,700,176
1,701,176
1,702,176
1,703,176
1,704,176
1,705,176
1,706,176
1,707,176
1,708,176
1,709,176
1,710,176
1,711,176
1,712,176
1,713,176
1,714,176
1,715,176
1,716,176
1,717,176
1,718,176
1,719,176
1,720,176
1,721,176
1,722,176
1,723,176
1,724,176
1,725,176
1,726,176
1,727,176
1,728,176
1,729,176
1,730,176
1,731,176
1,732,176
1,733,176
1,734,176
1,735,176
1,736,176
1,737,176
1,738,176
1,739,176
1,740,176
1,741,176
1,742,176
1,743,176
1,648,177
1,649,177
1,650,177
1,651,177
1,652,177
1,653,177
1,654,177
1,655,177
1,656,177
1,657,177
1,658,177
1,659,177
1,660,177
1,661,177
1,662,177
1,663,177
1,664,177
1,665,177
1,666,177
1,667,177
1,668,177
1,669,177
1,670,177
1,671,177
1,672,177
1,673,177
1,674,177
1,675,177
1,676,177
1,677,177
1,678,177
1,679,177
1,680,177
1,681,177
1,682,177
1,683,177
1,684,177
1,685,177
1,686,177
1,687,177
1,688,177
1,689,177
1,690,177
1,691,177
1,692,177
1,693,177
1,694,177
1,695,177
1,696,177
1,697,177
1,698,177
1,699,177
1,700,177
1,701,177
1,702,177
1,703,177
1,704,177
1,705,177
1,706,177
1,707,177
1,708,177
1,709,177
1,710,177
1,711,177
1,712,177
1,713,177
1,714,177
1,715,177
1,716,177
1,717,177
1,718,177
1,719,177
1,720,177
1,721,177
1,722,177
1,723,177
1,724,177
1,725,177
1,726,177
1,727,177
1,728,177
1,729,177
1,730,177
1,731,177
1,732,177
1,733,177
1,734,177
1,735,177
1,736,177
1,737,177
1,738,177
1,739,177
1,740,177
1,741,177
1,742,177
1,743,177
0,648,178
0,649,178
0,650,178
0,651,178
0,652,178
0,653,178
0,654,178
0,655,178
0,656,178
0,657,178
0,658,178
0,659,178
0,660,178
0,661,178
0,662,178
0,663,178
0,664,178
0,665,178
0,666,178
0,667,178
0,668,178
0,669,178
0,670,178
0,671,178
0,672,178
0,673,178
0,674,178
0,675,178
0,676,178
0,677,178
0,678,178
0,679,178
0,680,178
0,681,178
0,682,178
0,683,178
0,684,178
0,685,178
0,686,178
0,687,178
0,688,178
0,689,178
0,690,178
0,691,178
0,692,178
0,693,178
0,694,178
0,695,178
0,696,178
0,697,178
0,698,178
0,699,178
0,700,178
0,701,178
0,702,178
0,703,178
0,704,178
0,705,178
0,706,178
0,707,178
0,708,178
0,709,178
0,710,178
0,711,178
0,712,178
0,713,178
0,714,178
0,715,178
0,716,178
0,717,178
0,718,178
0,719,178
0,720,178
0,721,178
0,722,178
0,723,178
0,724,178
0,725,178
1,726,178
1,727,178
1,728,178
1,729,178
1,730,178
1,731,178
1,732,178
1,733,178
1,734,178
1,735,178
1,736,178
1,737,178
1,738,178
1,739,178
1,740,178
1,741,178
1,742,178
1,743,178
0,648,179
0,649,179
1,650,179
1,651,179
1,652,179
1,653,179
1,654,179
1,655,179
1,656,179
1,657,179
1,658,179
1,659,179
1,660,179
1,661,179
1,662,179
1,663,179
1,664,179
1,665,179
1,666,179
1,667,179
1,668,179
1,669,179
1,670,179
1,671,179
1,672,179
1,673,179
1,674,179
1,675,179
1,676,179
1,677,179
1,678,179
1,679,179
1,680,179
1,681,179
1,682,179
1,683,179
1,684,179
1,685,179
1,686,179
1,687,179
1,688,179
1,689,179
1,690,179
1,691,179
1,692,179
1,693,179
1,694,179
1,695,179
1,696,179
1,697,179
1,698,179
1,699,179
1,700,179
1,701,179
1,702,179
1,703,179
1,704,179
1,705,179
1,706,179
1,707,179
1,708,179
1,709,179
1,710,179
1,711,179
1,712,179
1,713,179
1,714,179
1,715,179
1,716,179
1,717,179
1,718,179
1,719,179
1,720,179
1,721,179
1,722,179
1,723,179
1,724,179
1,725,179
1,726,179
1,727,179
1,728,179
1,729,179
1,730,179
1,731,179
1,732,179
1,733,179
1,734,179
1,735,179
1,736,179
1,737,179
1,738,179
1,739,179
1,740,179
1,741,179
1,742,179
1,743,179
0,648,180
0,649,180
0,650,180
0,651,180
0,652,180
0,653,180
0,654,180
0,655,180
0,656,180
0,657,180
0,658,180
0,659,180
0,660,180
0,661,180
0,662,180
0,663,180
0,664,180
0,665,180
0,666,180
0,667,180
0,668,180
0,669,180
0,670,180
0,671,180
0,672,180
0,673,180
0,674,180
0,675,180
0,676,180
0,677,180
0,678,180
0,679,180
0,680,180
0,681,180
0,682,180
0,683,180
0,684,180
0,685,180
0,686,180
0,687,180
0,688,180
0,689,180
0,690,180
0,691,180
0,692,180
0,693,180
0,694,180
0,695,180
0,696,180
0,697,180
0,698,180
0,699,180
0,700,180
0,701,180
0,702,180
0,703,180
1,704,180
1,705,180
1,706,180
1,707,180
1,708,180
1,709,180
1,710,180
1,711,180
1,712,180
1,713,180
1,714,180
1,715,180
1,716,180
1,717,180
1,718,180
1,719,180
1,720,180
1,721,180
1,722,180
1,723,180
1,724,180
1,725,180
1,726,180
1,727,180
1,728,180
1,729,180
1,730,180
1,731,180
1,732,180
1,733,180
1,734,180
1,735,180
1,736,180
1,737,180
1,738,180
1,739,180
1,740,180
1,741,180
1,742,180
1,743,180
1,648,181
1,649,181
1,650,181
1,651,181
1,652,181
1,653,181
1,654,181
1,655,181
1,656,181
1,657,181
1,658,181
1,659,181
1,660,181
1,661,181
1,662,181
1,663,181
1,664,181
1,665,181
1,666,181
1,667,181
1,668,181
1,669,181
1,670,181
1,671,181
1,672,181
1,673,181
1,674,181
1,675,181
1,676,181
1,677,181
1,678,181
1,679,181
1,680,181
1,681,181
1,682,181
1,683,181
1,684,181
1,685,181
1,686,181
1,687,181
1,688,181
1,689,181
1,690,181
1,691,181
1,692,181
1,693,181
1,694,181
1,695,181
1,696,181
1,697,181
1,698,181
1,699,181
1,700,181
1,701,181
1,702,181
1,703,181
1,704,181
1,705,181
1,706,181
1,707,181
1,708,181
1,709,181
1,710,181
1,711,181
1,712,181
1,713,181
1,714,181
1,715,181
1,716,181
1,717,181
1,718,181
1,719,181
1,720,181
1,721,181
1,722,181
1,723,181
1,724,181
1,725,181
1,726,181
1,727,181
1,728,181
1,729,181
1,730,181
1,731,181
1,732,181
1,733,181
1,734,181
1,735,181
1,736,181
1,737,181
1,738,181
1,739,181
1,740,181
1,741,181
1,742,181
1,743,181
0,648,182
0,649,182
0,650,182
0,651,182
0,652,182
0,653,182
0,654,182
0,655,182
0,656,182
0,657,182
0,658,182
0,659,182
0,660,182
0,661,182
0,662,182
0,663,182
0,664,182
0,665,182
0,666,182
1,667,182
1,668,182
1,669,182
1,670,182
1,671,182
1,672,182
1,673,182
1,674,182
1,675,182
1,676,182
1,677,182
1,678,182
1,679,182
1,680,182
1,681,182
1,682,182
1,683,182
1,684,182
1,685,182
1,686,182
1,687,182
1,688,182
1,689,182
1,690,182
1,691,182
1,692,182
1,693,182
1,694,182
1,695,182
1,696,182
1,697,182
1,698,182
1,699,182
1,700,182
1,701,182
1,702,182
1,703,182
1,704,182
1,705,182
1,706,182
1,707,182
1,708,182
1,709,182
1,710,182
1,711,182
1,712,182
1,713,182
1,714,182
1,715,182
1,716,182
1,717,182
1,718,182
1,719,182
1,720,182
1,721,182
1,722,182
1,723,182
1,724,182
1,725,182
1,726,182
1,727,182
1,728,182
1,729,182
1,730,182
1,731,182
1,732,182
1,733,182
1,734,182
1,735,182
1,736,182
1,737,182
1,738,182
1,739,182
1,740,182
1,741,182
1,742,182
1,743,182
0,648,183
0,649,183
0,650,183
0,651,183
0,652,183
0,653,183
0,654,183
0,655,183
0,656,183
0,657,183
0,658,183
0,659,183
0,660,183
0,661,183
0,662,183
0,663,183
0,664,183
0,665,183
0,666,183
0,667,183
0,668,183
0,669,183
0,670,183
0,671,183
0,672,183
0,673,183
0,674,183
0,675,183
0,676,183
0,677,183
0,678,183
0,679,183
0,680,183
0,681,183
0,682,183
0,683,183
0,684,183
0,685,183
0,686,183
0,687,183
0,688,183
0,689,183
0,690,183
0,691,183
0,692,183
0,693,183
0,694,183
0,695,183
0,696,183
0,697,183
0,698,183
0,699,183
0,700,183
0,701,183
0,702,183
0,703,183
0,704,183
0,705,183
0,706,183
0,707,183
0,708,183
0,709,183
1,710,183
1,711,183
1,712,183
1,713,183
1,714,183
1,715,183
1,716,183
1,717,183
1,718,183
1,719,183
1,720,183
1,721,183
1,722,183
1,723,183
1,724,183
1,725,183
1,726,183
1,727,183
1,728,183
1,729,183
1,730,183
1,731,183
1,732,183
1,733,183
1,734,183
1,735,183
1,736,183
1,737,183
1,738,183
1,739,183
1,740,183
1,741,183
1,742,183
1,743,183
0,648,184
0,649,184
0,650,184
0,651,184
0,652,184
0,653,184
0,654,184
0,655,184
0,656,184
0,657,184
0,658,184
0,659,184
0,660,184
0,661,184
0,662,184
0,663,184
0,664,184
0,665,184
0,666,184
0,667,184
0,668,184
0,669,184
0,670,184
0,671,184
0,672,184
0,673,184
1,674,184
1,675,184
1,676,184
1,677,184
1,678,184
1,679,184
1,680,184
1,681,184
1,682,184
1,683,184
1,684,184
1,685,184
1,686,184
1,687,184
1,688,184
1,689,184
1,690,184
1,691,184
1,692,184
1,693,184
1,694,184
1,695,184
1,696,184
1,697,184
1,698,184
1,699,184
1,700,184
1,701,184
1,702,184
1,703,184
1,704,184
1,705,184
1,706,184
1,707,184
1,708,184
1,709,184
1,710,184
1,711,184
1,712,184
1,713,184
1,714,184
1,715,184
1,716,184
1,717,184
1,718,184
1,719,184
1,720,184
1,721,184
1,722,184
1,723,184
1,724,184
1,725,184
1,726,184
1,727,184
1,728,184
1,729,184
1,730,184
1,731,184
1,732,184
1,733,184
1,734,184
1,735,184
1,736,184
1,737,184
1,738,184
1,739,184
1,740,184
1,741,184
1,742,184
1,743,184
0,648,185
0,649,185
0,650,185
0,651,185
0,652,185
0,653,185
1,654,185
1,655,185
1,656,185
1,657,185
1,658,185
1,659,185
1,660,185
1,661,185
1,662,185
1,663,185
1,664,185
1,665,185
1,666,185
1,667,185
1,668,185
1,669,185
1,670,185
1,671,185
1,672,185
1,673,185
1,674,185
1,675,185
1,676,185
1,677,185
1,678,185
1,679,185
1,680,185
1,681,185
1,682,185
1,683,185
1,684,185
1,685,185
1,686,185
1,687,185
1,688,185
1,689,185
1,690,185
1,691,185
1,692,185
1,693,185
1,694,185
1,695,185
1,696,185
1,697,185
1,698,185
1,699,185
1,700,185
1,701,185
1,702,185
1,703,185
1,704,185
1,705,185
1,706,185
1,707,185
1,708,185
1,709,185
1,710,185
1,711,185
1,712,185
1,713,185
1,714,185
1,715,185
1,716,185
1,717,185
1,718,185
1,719,185
1,720,185
1,721,185
1,722,185
1,723,185
1,724,185
1,725,185
1,726,185
1,727,185
1,728,185
1,729,185
1,730,185
1,731,185
1,732,185
1,733,185
1,734,185
1,735,185
1,736,185
1,737,185
1,738,185
1,739,185
1,740,185
1,741,185
1,742,185
1,743,185
0,648,186
0,649,186
0,650,186
0,651,186
0,652,186
0,653,186
0,654,186
0,655,186
0,656,186
0,657,186
0,658,186
0,659,186
0,660,186
0,661,186
0,662,186
1,663,186
1,664,186
1,665,186
1,666,186
1,667,186
1,668,186
1,669,186
1,670,186
1,671,186
1,672,186
1,673,186
1,674,186
1,675,186
1,676,186
1,677,186
1,678,186
1,679,186
1,680,186
1,681,186
1,682,186
1,683,186
1,684,186
1,685,186
1,686,186
1,687,186
1,688,186
1,689,186
1,690,186
1,691,186
1,692,186
1,693,186
1,694,186
1,695,186
1,696,186
1,697,186
1,698,186
1,699,186
1,700,186
1,701,186
1,702,186
1,703,186
1,704,186
1,705,186
1,706,186
1,707,186
1,708,186
1,709,186
1,710,186
1,711,186
1,712,186
1,713,186
1,714,186
1,715,186
1,716,186
1,717,186
1,718,186
1,719,186
1,720,186
1,721,186
1,722,186
1,723,186
1,724,186
1,725,186
1,726,186
1,727,186
1,728,186
1,729,186
1,730,186
1,731,186
1,732,186
1,733,186
1,734,186
1,735,186
1,736,186
1,737,186
1,738,186
1,739,186
1,740,186
1,741,186
1,742,186
1,743,186
0,648,187
0,649,187
0,650,187
0,651,187
0,652,187
0,653,187
0,654,187
0,655,187
0,656,187
0,657,187
0,658,187
0,659,187
0,660,187
0,661,187
0,662,187
0,663,187
0,664,187
0,665,187
0,666,187
0,667,187
0,668,187
0,669,187
0,670,187
0,671,187
0,672,187
0,673,187
0,674,187
0,675,187
0,676,187
0,677,187
0,678,187
0,679,187
1,680,187
1,681,187
1,682,187
1,683,187
1,684,187
1,685,187
1,686,187
1,687,187
1,688,187
1,689,187
1,690,187
1,691,187
1,692,187
1,693,187
1,694,187
1,695,187
1,696,187
1,697,187
1,698,187
1,699,187
1,700,187
1,701,187
1,702,187
1,703,187
1,704,187
1,705,187
1,706,187
1,707,187
1,708,187
1,709,187
1,710,187
1,711,187
1,712,187
1,713,187
1,714,187
1,715,187
1,716,187
1,717,187
1,718,187
1,719,187
1,720,187
1,721,187
1,722,187
1,723,187
1,724,187
1,725,187
1,726,187
1,727,187
1,728,187
1,729,187
1,730,187
1,731,187
1,732,187
1,733,187
1,734,187
1,735,187
1,736,187
1,737,187
1,738,187
1,739,187
1,740,187
1,741,187
1,742,187
1,743,187
0,648,188
0,649,188
0,650,188
0,651,188
0,652,188
0,653,188
0,654,188
0,655,188
0,656,188
0,657,188
0,658,188
0,659,188
0,660,188
0,661,188
0,662,188
1,663,188
1,664,188
1,665,188
1,666,188
1,667,188
1,668,188
1,669,188
1,670,188
1,671,188
1,672,188
1,673,188
1,674,188
1,675,188
1,676,188
1,677,188
1,678,188
1,679,188
1,680,188
1,681,188
1,682,188
1,683,188
1,684,188
1,685,188
1,686,188
1,687,188
1,688,188
1,689,188
1,690,188
1,691,188
1,692,188
1,693,188
1,694,188
1,695,188
1,696,188
1,697,188
1,698,188
1,699,188
1,700,188
1,701,188
1,702,188
1,703,188
1,704,188
1,705,188
1,706,188
1,707,188
1,708,188
1,709,188
1,710,188
1,711,188
1,712,188
1,713,188
1,714,188
1,715,188
1,716,188
1,717,188
1,718,188
1,719,188
1,720,188
1,721,188
1,722,188
1,723,188
1,724,188
1,725,188
1,726,188
1,727,188
1,728,188
1,729,188
1,730,188
1,731,188
1,732,188
1,733,188
1,734,188
1,735,188
1,736,188
1,737,188
1,738,188
1,739,188
1,740,188
1,741,188
1,742,188
1,743,188
0,648,189
0,649,189
0,650,189
0,651,189
0,652,189
0,653,189
0,654,189
0,655,189
0,656,189
0,657,189
0,658,189
0,659,189
0,660,189
0,661,189
0,662,189
0,663,189
0,664,189
0,665,189
0,666,189
0,667,189
0,668,189
0,669,189
0,670,189
0,671,189
0,672,189
0,673,189
0,674,189
0,675,189
0,676,189
0,677,189
1,678,189
1,679,189
1,680,189
1,681,189
1,682,189
1,683,189
1,684,189
1,685,189
1,686,189
1,687,189
1,688,189
1,689,189
1,690,189
1,691,189
1,692,189
1,693,189
1,694,189
1,695,189
1,696,189
1,697,189
1,698,189
1,699,189
1,700,189
1,701,189
1,702,189
1,703,189
1,704,189
1,705,189
1,706,189
1,707,189
1,708,189
1,709,189
1,710,189
1,711,189
1,712,189
1,713,189
1,714,189
1,715,189
1,716,189
1,717,189
1,718,189
1,719,189
1,720,189
1,721,189
1,722,189
1,723,189
1,724,189
1,725,189
1,726,189
1,727,189
1,728,189
1,729,189
1,730,189
1,731,189
1,732,189
1,733,189
1,734,189
1,735,189
1,736,189
1,737,189
1,738,189
1,739,189
1,740,189
1,741,189
1,742,189
1,743,189
0,648,190
0,649,190
0,650,190
0,651,190
0,652,190
0,653,190
0,654,190
0,655,190
0,656,190
0,657,190
0,658,190
0,659,190
0,660,190
0,661,190
0,662,190
0,663,190
0,664,190
0,665,190
0,666,190
0,667,190
0,668,190
0,669,190
0,670,190
1,671,190
1,672,190
1,673,190
1,674,190
1,675,190
1,676,190
1,677,190
1,678,190
1,679,190
1,680,190
1,681,190
1,682,190
1,683,190
1,684,190
1,685,190
1,686,190
1,687,190
1,688,190
1,689,190
1,690,190
1,691,190
1,692,190
1,693,190
1,694,190
1,695,190
1,696,190
1,697,190
1,698,190
1,699,190
1,700,190
1,701,190
1,702,190
1,703,190
1,704,190
1,705,190
1,706,190
1,707,190
1,708,190
1,709,190
1,710,190
1,711,190
1,712,190
1,713,190
1,714,190
1,715,190
1,716,190
1,717,190
1,718,190
1,719,190
1,720,190
1,721,190
1,722,190
1,723,190
1,724,190
1,725,190
1,726,190
1,727,190
1,728,190
1,729,190
1,730,190
1,731,190
1,732,190
1,733,190
1,734,190
1,735,190
1,736,190
1,737,190
1,738,190
1,739,190
1,740,190
1,741,190
1,742,190
1,743,190
0,648,191
0,649,191
0,650,191
0,651,191
0,652,191
0,653,191
0,654,191
0,655,191
1,656,191
1,657,191
1,658,191
1,659,191
1,660,191
1,661,191
1,662,191
1,663,191
1,664,191
1,665,191
1,666,191
1,667,191
1,668,191
1,669,191
1,670,191
1,671,191
1,672,191
1,673,191
1,674,191
1,675,191
1,676,191
1,677,191
1,678,191
1,679,191
1,680,191
1,681,191
1,682,191
1,683,191
1,684,191
1,685,191
1,686,191
1,687,191
1,688,191
1,689,191
1,690,191
1,691,191
1,692,191
1,693,191
1,694,191
1,695,191
1,696,191
1,697,191
1,698,191
1,699,191
1,700,191
1,701,191
1,702,191
1,703,191
1,704,191
1,705,191
1,706,191
1,707,191
1,708,191
1,709,191
1,710,191
1,711,191
1,712,191
1,713,191
1,714,191
1,715,191
1,716,191
1,717,191
1,718,191
1,719,191
1,720,191
1,721,191
1,722,191
1,723,191
1,724,191
1,725,191
1,726,191
1,727,191
1,728,191
1,729,191
1,730,191
1,731,191
1,732,191
1,733,191
1,734,191
1,735,191
1,736,191
1,737,191
1,738,191
1,739,191
1,740,191
1,741,191
1,742,191
1,743,191
0,648,192
0,649,192
0,650,192
0,651,192
0,652,192
0,653,192
0,654,192
0,655,192
0,656,192
0,657,192
0,658,192
0,659,192
0,660,192
0,661,192
0,662,192
0,663,192
0,664,192
0,665,192
0,666,192
0,667,192
0,668,192
0,669,192
0,670,192
0,671,192
0,672,192
0,673,192
0,674,192
0,675,192
0,676,192
0,677,192
0,678,192
0,679,192
0,680,192
0,681,192
0,682,192
0,683,192
0,684,192
0,685,192
0,686,192
0,687,192
0,688,192
0,689,192
0,690,192
0,691,192
0,692,192
0,693,192
0,694,192
0,695,192
0,696,192
0,697,192
0,698,192
0,699,192
0,700,192
0,701,192
0,702,192
0,703,192
0,704,192
0,705,192
0,706,192
0,707,192
0,708,192
0,709,192
0,710,192
0,711,192
0,712,192
0,713,192
0,714,192
0,715,192
0,716,192
0,717,192
0,718,192
0,719,192
0,720,192
0,721,192
0,722,192
0,723,192
0,724,192
1,725,192
1,726,192
1,727,192
1,728,192
1,729,192
1,730,192
1,731,192
1,732,192
1,733,192
1,734,192
1,735,192
1,736,192
1,737,192
1,738,192
1,739,192
1,740,192
1,741,192
1,742,192
1,743,192
0,648,193
0,649,193
0,650,193
0,651,193
0,652,193
0,653,193
0,654,193
0,655,193
0,656,193
0,657,193
0,658,193
0,659,193
0,660,193
0,661,193
0,662,193
0,663,193
0,664,193
0,665,193
0,666,193
0,667,193
0,668,193
0,669,193
0,670,193
0,671,193
0,672,193
0,673,193
0,674,193
0,675,193
0,676,193
0,677,193
0,678,193
0,679,193
0,680,193
0,681,193
0,682,193
0,683,193
0,684,193
0,685,193
0,686,193
0,687,193
0,688,193
0,689,193
0,690,193
0,691,193
0,692,193
0,693,193
0,694,193
0,695,193
0,696,193
0,697,193
0,698,193
0,699,193
0,700,193
0,701,193
0,702,193
0,703,193
0,704,193
0,705,193
0,706,193
0,707,193
0,708,193
0,709,193
0,710,193
0,711,193
0,712,193
0,713,193
0,714,193
0,715,193
0,716,193
0,717,193
0,718,193
0,719,193
0,720,193
0,721,193
0,722,193
0,723,193
0,724,193
0,725,193
0,726,193
0,727,193
0,728,193
0,729,193
0,730,193
0,731,193
0,732,193
0,733,193
0,734,193
0,735,193
0,736,193
0,737,193
0,738,193
0,739,193
0,740,193
0,741,193
0,742,193
0,743,193
0,648,194
0,649,194
0,650,194
0,651,194
0,652,194
0,653,194
0,654,194
0,655,194
0,656,194
0,657,194
0,658,194
0,659,194
0,660,194
0,661,194
0,662,194
0,663,194
0,664,194
0,665,194
0,666,194
0,667,194
0,668,194
0,669,194
0,670,194
0,671,194
0,672,194
0,673,194
0,674,194
0,675,194
0,676,194
0,677,194
0,678,194
0,679,194
0,680,194
0,681,194
0,682,194
0,683,194
0,684,194
0,685,194
0,686,194
0,687,194
0,688,194
0,689,194
0,690,194
0,691,194
0,692,194
0,693,194
0,694,194
0,695,194
0,696,194
0,697,194
0,698,194
0,699,194
0,700,194
0,701,194
0,702,194
0,703,194
0,704,194
0,705,194
0,706,194
0,707,194
0,708,194
0,709,194
0,710,194
0,711,194
0,712,194
0,713,194
0,714,194
0,715,194
0,716,194
0,717,194
0,718,194
0,719,194
0,720,194
0,721,194
0,722,194
0,723,194
0,724,194
0,725,194
0,726,194
0,727,194
0,728,194
0,729,194
0,730,194
0,731,194
0,732,194
0,733,194
0,734,194
0,735,194
0,736,194
0,737,194
0,738,194
0,739,194
0,740,194
0,741,194
0,742,194
0,743,194
0,648,195
0,649,195
0,650,195
0,651,195
0,652,195
0,653,195
0,654,195
0,655,195
0,656,195
0,657,195
0,658,195
0,659,195
0,660,195
0,661,195
0,662,195
0,663,195
0,664,195
0,665,195
0,666,195
1,667,195
1,668,195
1,669,195
1,670,195
1,671,195
1,672,195
1,673,195
1,674,195
1,675,195
1,676,195
1,677,195
1,678,195
1,679,195
1,680,195
1,681,195
1,682,195
1,683,195
1,684,195
1,685,195
1,686,195
1,687,195
1,688,195
1,689,195
1,690,195
1,691,195
1,692,195
1,693,195
1,694,195
1,695,195
1,696,195
1,697,195
1,698,195
1,699,195
1,700,195
1,701,195
1,702,195
1,703,195
1,704,195
1,705,195
1,706,195
1,707,195
1,708,195
1,709,195
1,710,195
1,711,195
1,712,195
1,713,195
1,714,195
1,715,195
1,716,195
1,717,195
1,718,195
1,719,195
1,720,195
1,721,195
1,722,195
1,723,195
1,724,195
1,725,195
1,726,195
1,727,195
1,728,195
1,729,195
1,730,195
1,731,195
1,732,195
1,733,195
1,734,195
1,735,195
1,736,195
1,737,195
1,738,195
1,739,195
1,740,195
1,741,195
1,742,195
1,743,195
0,648,196
0,649,196
0,650,196
0,651,196
0,652,196
0,653,196
0,654,196
0,655,196
0,656,196
0,657,196
0,658,196
0,659,196
0,660,196
0,661,196
0,662,196
0,663,196
0,664,196
0,665,196
0,666,196
0,667,196
0,668,196
0,669,196
0,670,196
0,671,196
0,672,196
0,673,196
0,674,196
0,675,196
0,676,196
0,677,196
0,678,196
0,679,196
0,680,196
0,681,196
0,682,196
0,683,196
0,684,196
0,685,196
0,686,196
0,687,196
0,688,196
0,689,196
0,690,196
0,691,196
0,692,196
0,693,196
0,694,196
0,695,196
0,696,196
0,697,196
0,698,196
0,699,196
0,700,196
0,701,196
0,702,196
0,703,196
0,704,196
0,705,196
0,706,196
0,707,196
0,708,196
0,709,196
0,710,196
0,711,196
0,712,196
0,713,196
0,714,196
0,715,196
0,716,196
0,717,196
0,718,196
0,719,196
0,720,196
0,721,196
0,722,196
0,723,196
0,724,196
0,725,196
0,726,196
0,727,196
0,728,196
0,729,196
0,730,196
0,731,196
0,732,196
0,733,196
0,734,196
0,735,196
0,736,196
0,737,196
0,738,196
0,739,196
0,740,196
0,741,196
0,742,196
0,743,196
0,648,197
0,649,197
0,650,197
0,651,197
0,652,197
0,653,197
0,654,197
0,655,197
0,656,197
0,657,197
0,658,197
0,659,197
0,660,197
0,661,197
0,662,197
0,663,197
0,664,197
0,665,197
0,666,197
0,667,197
0,668,197
0,669,197
0,670,197
0,671,197
0,672,197
0,673,197
0,674,197
0,675,197
0,676,197
1,677,197
1,678,197
1,679,197
1,680,197
1,681,197
1,682,197
1,683,197
1,684,197
1,685,197
1,686,197
1,687,197
1,688,197
1,689,197
1,690,197
1,691,197
1,692,197
1,693,197
1,694,197
1,695,197
1,696,197
1,697,197
1,698,197
1,699,197
1,700,197
1,701,197
1,702,197
1,703,197
1,704,197
1,705,197
1,706,197
1,707,197
1,708,197
1,709,197
1,710,197
1,711,197
1,712,197
1,713,197
1,714,197
1,715,197
1,716,197
1,717,197
1,718,197
1,719,197
1,720,197
1,721,197
1,722,197
1,723,197
1,724,197
1,725,197
1,726,197
1,727,197
1,728,197
1,729,197
1,730,197
1,731,197
1,732,197
1,733,197
1,734,197
1,735,197
1,736,197
1,737,197
1,738,197
1,739,197
1,740,197
1,741,197
1,742,197
1,743,197
0,648,198
0,649,198
0,650,198
0,651,198
0,652,198
0,653,198
0,654,198
0,655,198
0,656,198
0,657,198
0,658,198
0,659,198
0,660,198
0,661,198
0,662,198
0,663,198
0,664,198
0,665,198
0,666,198
0,667,198
0,668,198
0,669,198
0,670,198
0,671,198
0,672,198
0,673,198
0,674,198
0,675,198
0,676,198
0,677,198
0,678,198
0,679,198
0,680,198
0,681,198
0,682,198
0,683,198
0,684,198
0,685,198
0,686,198
0,687,198
0,688,198
0,689,198
0,690,198
0,691,198
0,692,198
0,693,198
0,694,198
0,695,198
0,696,198
0,697,198
0,698,198
0,699,198
0,700,198
0,701,198
0,702,198
0,703,198
0,704,198
1,705,198
1,706,198
1,707,198
1,708,198
1,709,198
1,710,198
1,711,198
1,712,198
1,713,198
1,714,198
1,715,198
1,716,198
1,717,198
1,718,198
1,719,198
1,720,198
1,721,198
1,722,198
1,723,198
1,724,198
1,725,198
1,726,198
1,727,198
1,728,198
1,729,198
1,730,198
1,731,198
1,732,198
1,733,198
1,734,198
1,735,198
1,736,198
1,737,198
1,738,198
1,739,198
1,740,198
1,741,198
1,742,198
1,743,198
0,648,199
0,649,199
0,650,199
0,651,199
0,652,199
0,653,199
0,654,199
0,655,199
0,656,199
0,657,199
0,658,199
0,659,199
0,660,199
0,661,199
0,662,199
0,663,199
0,664,199
0,665,199
0,666,199
0,667,199
0,668,199
0,669,199
0,670,199
0,671,199
0,672,199
0,673,199
0,674,199
0,675,199
0,676,199
0,677,199
0,678,199
0,679,199
0,680,199
0,681,199
0,682,199
0,683,199
0,684,199
0,685,199
0,686,199
0,687,199
0,688,199
0,689,199
0,690,199
0,691,199
0,692,199
0,693,199
0,694,199
0,695,199
0,696,199
0,697,199
0,698,199
0,699,199
0,700,199
0,701,199
1,702,199
1,703,199
1,704,199
1,705,199
1,706,199
1,707,199
1,708,199
1,709,199
1,710,199
1,711,199
1,712,199
1,713,199
1,714,199
1,715,199
1,716,199
1,717,199
1,718,199
1,719,199
1,720,199
1,721,199
1,722,199
1,723,199
1,724,199
1,725,199
1,726,199
1,727,199
1,728,199
1,729,199
1,730,199
1,731,199
1,732,199
1,733,199
1,734,199
1,735,199
1,736,199
1,737,199
1,738,199
1,739,199
1,740,199
1,741,199
1,742,199
1,743,199
0,648,200
0,649,200
0,650,200
0,651,200
0,652,200
0,653,200
0,654,200
0,655,200
0,656,200
0,657,200
0,658,200
0,659,200
0,660,200
0,661,200
0,662,200
0,663,200
0,664,200
0,665,200
0,666,200
0,667,200
0,668,200
0,669,200
0,670,200
0,671,200
0,672,200
0,673,200
0,674,200
0,675,200
0,676,200
0,677,200
0,678,200
0,679,200
0,680,200
0,681,200
0,682,200
0,683,200
0,684,200
1,685,200
1,686,200
1,687,200
1,688,200
1,689,200
1,690,200
1,691,200
1,692,200
1,693,200
1,694,200
1,695,200
1,696,200
1,697,200
1,698,200
1,699,200
1,700,200
1,701,200
1,702,200
1,703,200
1,704,200
1,705,200
1,706,200
1,707,200
1,708,200
1,709,200
1,710,200
1,711,200
1,712,200
1,713,200
1,714,200
1,715,200
1,716,200
1,717,200
1,718,200
1,719,200
1,720,200
1,721,200
1,722,200
1,723,200
1,724,200
1,725,200
1,726,200
1,727,200
1,728,200
1,729,200
1,730,200
1,731,200
1,732,200
1,733,200
1,734,200
1,735,200
1,736,200
1,737,200
1,738,200
1,739,200
1,740,200
1,741,200
1,742,200
1,743,200
1,648,201
1,649,201
1,650,201
1,651,201
1,652,201
1,653,201
1,654,201
1,655,201
1,656,201
1,657,201
1,658,201
1,659,201
1,660,201
1,661,201
1,662,201
1,663,201
1,664,201
1,665,201
1,666,201
1,667,201
1,668,201
1,669,201
1,670,201
1,671,201
1,672,201
1,673,201
1,674,201
1,675,201
1,676,201
1,677,201
1,678,201
1,679,201
1,680,201
1,681,201
1,682,201
1,683,201
1,684,201
1,685,201
1,686,201
1,687,201
1,688,201
1,689,201
1,690,201
1,691,201
1,692,201
1,693,201
1,694,201
1,695,201
1,696,201
1,697,201
1,698,201
1,699,201
1,700,201
1,701,201
1,702,201
1,703,201
1,704,201
1,705,201
1,706,201
1,707,201
1,708,201
1,709,201
1,710,201
1,711,201
1,712,201
1,713,201
1,714,201
1,715,201
1,716,201
1,717,201
1,718,201
1,719,201
1,720,201
1,721,201
1,722,201
1,723,201
1,724,201
1,725,201
1,726,201
1,727,201
1,728,201
1,729,201
1,730,201
1,731,201
1,732,201
1,733,201
1,734,201
1,735,201
1,736,201
1,737,201
1,738,201
1,739,201
1,740,201
1,741,201
1,742,201
1,743,201
0,648,202
0,649,202
0,650,202
0,651,202
0,652,202
0,653,202
0,654,202
0,655,202
0,656,202
0,657,202
0,658,202
0,659,202
0,660,202
0,661,202
0,662,202
0,663,202
0,664,202
0,665,202
0,666,202
0,667,202
0,668,202
0,669,202
0,670,202
0,671,202
0,672,202
0,673,202
1,674,202
1,675,202
1,676,202
1,677,202
1,678,202
1,679,202
1,680,202
1,681,202
1,682,202
1,683,202
1,684,202
1,685,202
1,686,202
1,687,202
1,688,202
1,689,202
1,690,202
1,691,202
1,692,202
1,693,202
1,694,202
1,695,202
1,696,202
1,697,202
1,698,202
1,699,202
1,700,202
1,701,202
1,702,202
1,703,202
1,704,202
1,705,202
1,706,202
1,707,202
1,708,202
1,709,202
1,710,202
1,711,202
1,712,202
1,713,202
1,714,202
1,715,202
1,716,202
1,717,202
1,718,202
1,719,202
1,720,202
1,721,202
1,722,202
1,723,202
1,724,202
1,725,202
1,726,202
1,727,202
1,728,202
1,729,202
1,730,202
1,731,202
1,732,202
1,733,202
1,734,202
1,735,202
1,736,202
1,737,202
1,738,202
1,739,202
1,740,202
1,741,202
1,742,202
1,743,202
0,648,203
0,649,203
0,650,203
0,651,203
0,652,203
0,653,203
0,654,203
0,655,203
0,656,203
0,657,203
0,658,203
0,659,203
0,660,203
0,661,203
0,662,203
0,663,203
0,664,203
0,665,203
0,666,203
1,667,203
1,668,203
1,669,203
1,670,203
1,671,203
1,672,203
1,673,203
1,674,203
1,675,203
1,676,203
1,677,203
1,678,203
1,679,203
1,680,203
1,681,203
1,682,203
1,683,203
1,684,203
1,685,203
1,686,203
1,687,203
1,688,203
1,689,203
1,690,203
1,691,203
1,692,203
1,693,203
1,694,203
1,695,203
1,696,203
1,697,203
1,698,203
1,699,203
1,700,203
1,701,203
1,702,203
1,703,203
1,704,203
1,705,203
1,706,203
1,707,203
1,708,203
1,709,203
1,710,203
1,711,203
1,712,203
1,713,203
1,714,203
1,715,203
1,716,203
1,717,203
1,718,203
1,719,203
1,720,203
1,721,203
1,722,203
1,723,203
1,724,203
1,725,203
1,726,203
1,727,203
1,728,203
1,729,203
1,730,203
1,731,203
1,732,203
1,733,203
1,734,203
1,735,203
1,736,203
1,737,203
1,738,203
1,739,203
1,740,203
1,741,203
1,742,203
1,743,203
0,648,204
0,649,204
0,650,204
0,651,204
0,652,204
0,653,204
0,654,204
0,655,204
0,656,204
0,657,204
0,658,204
0,659,204
0,660,204
0,661,204
0,662,204
0,663,204
0,664,204
0,665,204
0,666,204
0,667,204
0,668,204
0,669,204
0,670,204
0,671,204
0,672,204
0,673,204
0,674,204
0,675,204
0,676,204
0,677,204
0,678,204
0,679,204
0,680,204
0,681,204
0,682,204
0,683,204
0,684,204
0,685,204
0,686,204
0,687,204
0,688,204
0,689,204
0,690,204
0,691,204
0,692,204
0,693,204
0,694,204
0,695,204
0,696,204
0,697,204
0,698,204
0,699,204
0,700,204
0,701,204
0,702,204
1,703,204
1,704,204
1,705,204
1,706,204
1,707,204
1,708,204
1,709,204
1,710,204
1,711,204
1,712,204
1,713,204
1,714,204
1,715,204
1,716,204
1,717,204
1,718,204
1,719,204
1,720,204
1,721,204
1,722,204
1,723,204
1,724,204
1,725,204
1,726,204
1,727,204
1,728,204
1,729,204
1,730,204
1,731,204
1,732,204
1,733,204
1,734,204
1,735,204
1,736,204
1,737,204
1,738,204
1,739,204
1,740,204
1,741,204
1,742,204
1,743,204
0,648,205
0,649,205
0,650,205
0,651,205
0,652,205
0,653,205
0,654,205
0,655,205
0,656,205
0,657,205
0,658,205
1,659,205
1,660,205
1,661,205
1,662,205
1,663,205
1,664,205
1,665,205
1,666,205
1,667,205
1,668,205
1,669,205
1,670,205
1,671,205
1,672,205
1,673,205
1,674,205
1,675,205
1,676,205
1,677,205
1,678,205
1,679,205
1,680,205
1,681,205
1,682,205
1,683,205
1,684,205
1,685,205
1,686,205
1,687,205
1,688,205
1,689,205
1,690,205
1,691,205
1,692,205
1,693,205
1,694,205
1,695,205
1,696,205
1,697,205
1,698,205
1,699,205
1,700,205
1,701,205
1,702,205
1,703,205
1,704,205
1,705,205
1,706,205
1,707,205
1,708,205
1,709,205
1,710,205
1,711,205
1,712,205
1,713,205
1,714,205
1,715,205
1,716,205
1,717,205
1,718,205
1,719,205
1,720,205
1,721,205
1,722,205
1,723,205
1,724,205
1,725,205
1,726,205
1,727,205
1,728,205
1,729,205
1,730,205
1,731,205
1,732,205
1,733,205
1,734,205
1,735,205
1,736,205
1,737,205
1,738,205
1,739,205
1,740,205
1,741,205
1,742,205
1,743,205
0,648,206
0,649,206
0,650,206
0,651,206
0,652,206
0,653,206
0,654,206
0,655,206
0,656,206
0,657,206
0,658,206
0,659,206
0,660,206
0,661,206
0,662,206
0,663,206
0,664,206
0,665,206
0,666,206
1,667,206
1,668,206
1,669,206
1,670,206
1,671,206
1,672,206
1,673,206
1,674,206
1,675,206
1,676,206
1,677,206
1,678,206
1,679,206
1,680,206
1,681,206
1,682,206
1,683,206
1,684,206
1,685,206
1,686,206
1,687,206
1,688,206
1,689,206
1,690,206
1,691,206
1,692,206
1,693,206
1,694,206
1,695,206
1,696,206
1,697,206
1,698,206
1,699,206
1,700,206
1,701,206
1,702,206
1,703,206
1,704,206
1,705,206
1,706,206
1,707,206
1,708,206
1,709,206
1,710,206
1,711,206
1,712,206
1,713,206
1,714,206
1,715,206
1,716,206
1,717,206
1,718,206
1,719,206
1,720,206
1,721,206
1,722,206
1,723,206
1,724,206
1,725,206
1,726,206
1,727,206
1,728,206
1,729,206
1,730,206
1,731,206
1,732,206
1,733,206
1,734,206
1,735,206
1,736,206
1,737,206
1,738,206
1,739,206
1,740,206
1,741,206
1,742,206
1,743,206
0,648,207
0,649,207
0,650,207
0,651,207
0,652,207
0,653,207
0,654,207
0,655,207
0,656,207
0,657,207
0,658,207
0,659,207
0,660,207
0,661,207
0,662,207
0,663,207
0,664,207
0,665,207
0,666,207
0,667,207
0,668,207
0,669,207
0,670,207
0,671,207
0,672,207
0,673,207
0,674,207
0,675,207
0,676,207
0,677,207
0,678,207
0,679,207
0,680,207
0,681,207
0,682,207
0,683,207
0,684,207
0,685,207
0,686,207
0,687,207
0,688,207
0,689,207
0,690,207
0,691,207
0,692,207
0,693,207
0,694,207
0,695,207
0,696,207
0,697,207
0,698,207
0,699,207
0,700,207
0,701,207
0,702,207
0,703,207
0,704,207
0,705,207
0,706,207
0,707,207
0,708,207
0,709,207
0,710,207
0,711,207
0,712,207
0,713,207
0,714,207
0,715,207
1,716,207
1,717,207
1,718,207
1,719,207
1,720,207
1,721,207
1,722,207
1,723,207
1,724,207
1,725,207
1,726,207
1,727,207
1,728,207
1,729,207
1,730,207
1,731,207
1,732,207
1,733,207
1,734,207
1,735,207
1,736,207
1,737,207
1,738,207
1,739,207
1,740,207
1,741,207
1,742,207
1,743,207
0,648,208
0,649,208
0,650,208
0,651,208
0,652,208
0,653,208
0,654,208
0,655,208
0,656,208
0,657,208
0,658,208
0,659,208
0,660,208
0,661,208
0,662,208
0,663,208
0,664,208
0,665,208
0,666,208
0,667,208
0,668,208
0,669,208
0,670,208
0,671,208
0,672,208
0,673,208
1,674,208
1,675,208
1,676,208
1,677,208
1,678,208
1,679,208
1,680,208
1,681,208
1,682,208
1,683,208
1,684,208
1,685,208
1,686,208
1,687,208
1,688,208
1,689,208
1,690,208
1,691,208
1,692,208
1,693,208
1,694,208
1,695,208
1,696,208
1,697,208
1,698,208
1,699,208
1,700,208
1,701,208
1,702,208
1,703,208
1,704,208
1,705,208
1,706,208
1,707,208
1,708,208
1,709,208
1,710,208
1,711,208
1,712,208
1,713,208
1,714,208
1,715,208
1,716,208
1,717,208
1,718,208
1,719,208
1,720,208
1,721,208
1,722,208
1,723,208
1,724,208
1,725,208
1,726,208
1,727,208
1,728,208
1,729,208
1,730,208
1,731,208
1,732,208
1,733,208
1,734,208
1,735,208
1,736,208
1,737,208
1,738,208
1,739,208
1,740,208
1,741,208
1,742,208
1,743,208
0,648,209
0,649,209
0,650,209
0,651,209
0,652,209
0,653,209
0,654,209
0,655,209
0,656,209
0,657,209
0,658,209
0,659,209
0,660,209
0,661,209
0,662,209
0,663,209
0,664,209
0,665,209
0,666,209
0,667,209
0,668,209
0,669,209
0,670,209
0,671,209
0,672,209
0,673,209
0,674,209
0,675,209
0,676,209
0,677,209
0,678,209
0,679,209
0,680,209
0,681,209
0,682,209
0,683,209
0,684,209
0,685,209
0,686,209
0,687,209
0,688,209
0,689,209
0,690,209
1,691,209
1,692,209
1,693,209
1,694,209
1,695,209
1,696,209
1,697,209
1,698,209
1,699,209
1,700,209
1,701,209
1,702,209
1,703,209
1,704,209
1,705,209
1,706,209
1,707,209
1,708,209
1,709,209
1,710,209
1,711,209
1,712,209
1,713,209
1,714,209
1,715,209
1,716,209
1,717,209
1,718,209
1,719,209
1,720,209
1,721,209
1,722,209
1,723,209
1,724,209
1,725,209
1,726,209
1,727,209
1,728,209
1,729,209
1,730,209
1,731,209
1,732,209
1,733,209
1,734,209
1,735,209
1,736,209
1,737,209
1,738,209
1,739,209
1,740,209
1,741,209
1,742,209
1,743,209
0,648,210
0,649,210
0,650,210
0,651,210
0,652,210
0,653,210
0,654,210
0,655,210
0,656,210
0,657,210
0,658,210
0,659,210
0,660,210
0,661,210
0,662,210
0,663,210
0,664,210
0,665,210
0,666,210
0,667,210
0,668,210
0,669,210
0,670,210
0,671,210
0,672,210
0,673,210
0,674,210
0,675,210
0,676,210
0,677,210
1,678,210
1,679,210
1,680,210
1,681,210
1,682,210
1,683,210
1,684,210
1,685,210
1,686,210
1,687,210
1,688,210
1,689,210
1,690,210
1,691,210
1,692,210
1,693,210
1,694,210
1,695,210
1,696,210
1,697,210
1,698,210
1,699,210
1,700,210
1,701,210
1,702,210
1,703,210
1,704,210
1,705,210
1,706,210
1,707,210
1,708,210
1,709,210
1,710,210
1,711,210
1,712,210
1,713,210
1,714,210
1,715,210
1,716,210
1,717,210
1,718,210
1,719,210
1,720,210
1,721,210
1,722,210
1,723,210
1,724,210
1,725,210
1,726,210
1,727,210
1,728,210
1,729,210
1,730,210
1,731,210
1,732,210
1,733,210
1,734,210
1,735,210
1,736,210
1,737,210
1,738,210
1,739,210
1,740,210
1,741,210
1,742,210
1,743,210
0,648,211
0,649,211
0,650,211
0,651,211
0,652,211
0,653,211
0,654,211
0,655,211
0,656,211
0,657,211
0,658,211
0,659,211
0,660,211
0,661,211
0,662,211
0,663,211
0,664,211
0,665,211
0,666,211
0,667,211
0,668,211
0,669,211
0,670,211
0,671,211
0,672,211
0,673,211
0,674,211
0,675,211
0,676,211
0,677,211
0,678,211
0,679,211
0,680,211
0,681,211
0,682,211
0,683,211
0,684,211
0,685,211
0,686,211
0,687,211
0,688,211
0,689,211
0,690,211
0,691,211
0,692,211
0,693,211
1,694,211
1,695,211
1,696,211
1,697,211
1,698,211
1,699,211
1,700,211
1,701,211
1,702,211
1,703,211
1,704,211
1,705,211
1,706,211
1,707,211
1,708,211
1,709,211
1,710,211
1,711,211
1,712,211
1,713,211
1,714,211
1,715,211
1,716,211
1,717,211
1,718,211
1,719,211
1,720,211
1,721,211
1,722,211
1,723,211
1,724,211
1,725,211
1,726,211
1,727,211
1,728,211
1,729,211
1,730,211
1,731,211
1,732,211
1,733,211
1,734,211
1,735,211
1,736,211
1,737,211
1,738,211
1,739,211
1,740,211
1,741,211
1,742,211
1,743,211
0,648,212
0,649,212
0,650,212
0,651,212
0,652,212
0,653,212
0,654,212
0,655,212
0,656,212
0,657,212
0,658,212
0,659,212
0,660,212
0,661,212
0,662,212
0,663,212
0,664,212
0,665,212
0,666,212
0,667,212
0,668,212
0,669,212
0,670,212
0,671,212
0,672,212
0,673,212
0,674,212
0,675,212
0,676,212
0,677,212
0,678,212
0,679,212
0,680,212
0,681,212
0,682,212
0,683,212
0,684,212
0,685,212
0,686,212
0,687,212
0,688,212
1,689,212
1,690,212
1,691,212
1,692,212
1,693,212
1,694,212
1,695,212
1,696,212
1,697,212
1,698,212
1,699,212
1,700,212
1,701,212
1,702,212
1,703,212
1,704,212
1,705,212
1,706,212
1,707,212
1,708,212
1,709,212
1,710,212
1,711,212
1,712,212
1,713,212
1,714,212
1,715,212
1,716,212
1,717,212
1,718,212
1,719,212
1,720,212
1,721,212
1,722,212
1,723,212
1,724,212
1,725,212
1,726,212
1,727,212
1,728,212
1,729,212
1,730,212
1,731,212
1,732,212
1,733,212
1,734,212
1,735,212
1,736,212
1,737,212
1,738,212
1,739,212
1,740,212
1,741,212
1,742,212
1,743,212
0,648,213
0,649,213
1,650,213
1,651,213
1,652,213
1,653,213
1,654,213
1,655,213
1,656,213
1,657,213
1,658,213
1,659,213
1,660,213
1,661,213
1,662,213
1,663,213
1,664,213
1,665,213
1,666,213
1,667,213
1,668,213
1,669,213
1,670,213
1,671,213
1,672,213
1,673,213
1,674,213
1,675,213
1,676,213
1,677,213
1,678,213
1,679,213
1,680,213
1,681,213
1,682,213
1,683,213
1,684,213
1,685,213
1,686,213
1,687,213
1,688,213
1,689,213
1,690,213
1,691,213
1,692,213
1,693,213
1,694,213
1,695,213
1,696,213
1,697,213
1,698,213
1,699,213
1,700,213
1,701,213
1,702,213
1,703,213
1,704,213
1,705,213
1,706,213
1,707,213
1,708,213
1,709,213
1,710,213
1,711,213
1,712,213
1,713,213
1,714,213
1,715,213
1,716,213
1,717,213
1,718,213
1,719,213
1,720,213
1,721,213
1,722,213
1,723,213
1,724,213
1,725,213
1,726,213
1,727,213
1,728,213
1,729,213
1,730,213
1,731,213
1,732,213
1,733,213
1,734,213
1,735,213
1,736,213
1,737,213
1,738,213
1,739,213
1,740,213
1,741,213
1,742,213
1,743,213
0,648,214
0,649,214
1,650,214
1,651,214
1,652,214
1,653,214
1,654,214
1,655,214
1,656,214
1,657,214
1,658,214
1,659,214
1,660,214
1,661,214
1,662,214
1,663,214
1,664,214
1,665,214
1,666,214
1,667,214
1,668,214
1,669,214
1,670,214
1,671,214
1,672,214
1,673,214
1,674,214
1,675,214
1,676,214
1,677,214
1,678,214
1,679,214
1,680,214
1,681,214
1,682,214
1,683,214
1,684,214
1,685,214
1,686,214
1,687,214
1,688,214
1,689,214
1,690,214
1,691,214
1,692,214
1,693,214
1,694,214
1,695,214
1,696,214
1,697,214
1,698,214
1,699,214
1,700,214
1,701,214
1,702,214
1,703,214
1,704,214
1,705,214
1,706,214
1,707,214
1,708,214
1,709,214
1,710,214
1,711,214
1,712,214
1,713,214
1,714,214
1,715,214
1,716,214
1,717,214
1,718,214
1,719,214
1,720,214
1,721,214
1,722,214
1,723,214
1,724,214
1,725,214
1,726,214
1,727,214
1,728,214
1,729,214
1,730,214
1,731,214
1,732,214
1,733,214
1,734,214
1,735,214
1,736,214
1,737,214
1,738,214
1,739,214
1,740,214
1,741,214
1,742,214
1,743,214
0,648,215
0,649,215
0,650,215
0,651,215
0,652,215
0,653,215
0,654,215
0,655,215
0,656,215
0,657,215
0,658,215
0,659,215
0,660,215
0,661,215
0,662,215
0,663,215
0,664,215
0,665,215
0,666,215
0,667,215
0,668,215
0,669,215
0,670,215
0,671,215
0,672,215
0,673,215
0,674,215
0,675,215
0,676,215
0,677,215
0,678,215
0,679,215
0,680,215
0,681,215
0,682,215
0,683,215
0,684,215
0,685,215
1,686,215
1,687,215
1,688,215
1,689,215
1,690,215
1,691,215
1,692,215
1,693,215
1,694,215
1,695,215
1,696,215
1,697,215
1,698,215
1,699,215
1,700,215
1,701,215
1,702,215
1,703,215
1,704,215
1,705,215
1,706,215
1,707,215
1,708,215
1,709,215
1,710,215
1,711,215
1,712,215
1,713,215
1,714,215
1,715,215
1,716,215
1,717,215
1,718,215
1,719,215
1,720,215
1,721,215
1,722,215
1,723,215
1,724,215
1,725,215
1,726,215
1,727,215
1,728,215
1,729,215
1,730,215
1,731,215
1,732,215
1,733,215
1,734,215
1,735,215
1,736,215
1,737,215
1,738,215
1,739,215
1,740,215
1,741,215
1,742,215
1,743,215
0,648,216
0,649,216
0,650,216
0,651,216
0,652,216
0,653,216
0,654,216
0,655,216
0,656,216
0,657,216
0,658,216
0,659,216
0,660,216
0,661,216
0,662,216
0,663,216
0,664,216
0,665,216
0,666,216
0,667,216
0,668,216
0,669,216
0,670,216
0,671,216
0,672,216
0,673,216
1,674,216
1,675,216
1,676,216
1,677,216
1,678,216
1,679,216
1,680,216
1,681,216
1,682,216
1,683,216
1,684,216
1,685,216
1,686,216
1,687,216
1,688,216
1,689,216
1,690,216
1,691,216
1,692,216
1,693,216
1,694,216
1,695,216
1,696,216
1,697,216
1,698,216
1,699,216
1,700,216
1,701,216
1,702,216
1,703,216
1,704,216
1,705,216
1,706,216
1,707,216
1,708,216
1,709,216
1,710,216
1,711,216
1,712,216
1,713,216
1,714,216
1,715,216
1,716,216
1,717,216
1,718,216
1,719,216
1,720,216
1,721,216
1,722,216
1,723,216
1,724,216
1,725,216
1,726,216
1,727,216
1,728,216
1,729,216
1,730,216
1,731,216
1,732,216
1,733,216
1,734,216
1,735,216
1,736,216
1,737,216
1,738,216
1,739,216
1,740,216
1,741,216
1,742,216
1,743,216
0,648,217
0,649,217
0,650,217
0,651,217
0,652,217
0,653,217
0,654,217
0,655,217
0,656,217
0,657,217
0,658,217
0,659,217
0,660,217
0,661,217
0,662,217
0,663,217
0,664,217
0,665,217
0,666,217
0,667,217
0,668,217
0,669,217
0,670,217
0,671,217
0,672,217
0,673,217
0,674,217
0,675,217
0,676,217
0,677,217
0,678,217
0,679,217
0,680,217
0,681,217
0,682,217
0,683,217
0,684,217
0,685,217
0,686,217
1,687,217
1,688,217
1,689,217
1,690,217
1,691,217
1,692,217
1,693,217
1,694,217
1,695,217
1,696,217
1,697,217
1,698,217
1,699,217
1,700,217
1,701,217
1,702,217
1,703,217
1,704,217
1,705,217
1,706,217
1,707,217
1,708,217
1,709,217
1,710,217
1,711,217
1,712,217
1,713,217
1,714,217
1,715,217
1,716,217
1,717,217
1,718,217
1,719,217
1,720,217
1,721,217
1,722,217
1,723,217
1,724,217
1,725,217
1,726,217
1,727,217
1,728,217
1,729,217
1,730,217
1,731,217
1,732,217
1,733,217
1,734,217
1,735,217
1,736,217
1,737,217
1,738,217
1,739,217
1,740,217
1,741,217
1,742,217
1,743,217
0,648,218
0,649,218
0,650,218
0,651,218
0,652,218
0,653,218
0,654,218
0,655,218
0,656,218
0,657,218
0,658,218
0,659,218
0,660,218
0,661,218
0,662,218
0,663,218
0,664,218
0,665,218
0,666,218
0,667,218
0,668,218
0,669,218
0,670,218
0,671,218
0,672,218
0,673,218
0,674,218
0,675,218
0,676,218
0,677,218
0,678,218
0,679,218
0,680,218
0,681,218
0,682,218
0,683,218
0,684,218
0,685,218
0,686,218
0,687,218
0,688,218
0,689,218
0,690,218
0,691,218
0,692,218
0,693,218
0,694,218
0,695,218
0,696,218
0,697,218
0,698,218
0,699,218
0,700,218
0,701,218
0,702,218
1,703,218
1,704,218
1,705,218
1,706,218
1,707,218
1,708,218
1,709,218
1,710,218
1,711,218
1,712,218
1,713,218
1,714,218
1,715,218
1,716,218
1,717,218
1,718,218
1,719,218
1,720,218
1,721,218
1,722,218
1,723,218
1,724,218
1,725,218
1,726,218
1,727,218
1,728,218
1,729,218
1,730,218
1,731,218
1,732,218
1,733,218
1,734,218
1,735,218
1,736,218
1,737,218
1,738,218
1,739,218
1,740,218
1,741,218
1,742,218
1,743,218
0,648,219
0,649,219
0,650,219
0,651,219
0,652,219
0,653,219
0,654,219
0,655,219
0,656,219
0,657,219
0,658,219
0,659,219
0,660,219
0,661,219
0,662,219
0,663,219
0,664,219
0,665,219
0,666,219
0,667,219
0,668,219
0,669,219
0,670,219
0,671,219
0,672,219
0,673,219
0,674,219
0,675,219
0,676,219
0,677,219
0,678,219
0,679,219
0,680,219
0,681,219
0,682,219
0,683,219
0,684,219
0,685,219
0,686,219
0,687,219
0,688,219
0,689,219
0,690,219
0,691,219
0,692,219
0,693,219
0,694,219
0,695,219
0,696,219
0,697,219
0,698,219
0,699,219
0,700,219
0,701,219
0,702,219
0,703,219
0,704,219
0,705,219
1,706,219
1,707,219
1,708,219
1,709,219
1,710,219
1,711,219
1,712,219
1,713,219
1,714,219
1,715,219
1,716,219
1,717,219
1,718,219
1,719,219
1,720,219
1,721,219
1,722,219
1,723,219
1,724,219
1,725,219
1,726,219
1,727,219
1,728,219
1,729,219
1,730,219
1,731,219
1,732,219
1,733,219
1,734,219
1,735,219
1,736,219
1,737,219
1,738,219
1,739,219
1,740,219
1,741,219
1,742,219
1,743,219
0,648,220
0,649,220
0,650,220
0,651,220
0,652,220
0,653,220
0,654,220
0,655,220
0,656,220
0,657,220
0,658,220
0,659,220
0,660,220
0,661,220
0,662,220
0,663,220
0,664,220
0,665,220
0,666,220
0,667,220
0,668,220
0,669,220
0,670,220
0,671,220
0,672,220
0,673,220
0,674,220
0,675,220
0,676,220
0,677,220
0,678,220
0,679,220
0,680,220
0,681,220
0,682,220
0,683,220
0,684,220
0,685,220
0,686,220
0,687,220
0,688,220
0,689,220
0,690,220
0,691,220
0,692,220
0,693,220
0,694,220
0,695,220
0,696,220
0,697,220
0,698,220
0,699,220
0,700,220
0,701,220
0,702,220
0,703,220
0,704,220
0,705,220
0,706,220
0,707,220
0,708,220
0,709,220
0,710,220
0,711,220
0,712,220
0,713,220
0,714,220
0,715,220
0,716,220
0,717,220
0,718,220
0,719,220
0,720,220
0,721,220
0,722,220
0,723,220
0,724,220
0,725,220
0,726,220
0,727,220
0,728,220
0,729,220
0,730,220
0,731,220
0,732,220
0,733,220
0,734,220
0,735,220
0,736,220
0,737,220
0,738,220
0,739,220
0,740,220
0,741,220
0,742,220
0,743,220
0,648,221
0,649,221
0,650,221
0,651,221
0,652,221
0,653,221
0,654,221
0,655,221
0,656,221
0,657,221
0,658,221
0,659,221
0,660,221
0,661,221
0,662,221
0,663,221
0,664,221
0,665,221
0,666,221
0,667,221
0,668,221
0,669,221
0,670,221
0,671,221
0,672,221
0,673,221
0,674,221
0,675,221
0,676,221
0,677,221
0,678,221
0,679,221
0,680,221
0,681,221
0,682,221
0,683,221
0,684,221
0,685,221
0,686,221
0,687,221
0,688,221
0,689,221
0,690,221
0,691,221
0,692,221
0,693,221
0,694,221
0,695,221
0,696,221
0,697,221
0,698,221
0,699,221
0,700,221
0,701,221
0,702,221
0,703,221
1,704,221
1,705,221
1,706,221
1,707,221
1,708,221
1,709,221
1,710,221
1,711,221
1,712,221
1,713,221
1,714,221
1,715,221
1,716,221
1,717,221
1,718,221
1,719,221
1,720,221
1,721,221
1,722,221
1,723,221
1,724,221
1,725,221
1,726,221
1,727,221
1,728,221
1,729,221
1,730,221
1,731,221
1,732,221
1,733,221
1,734,221
1,735,221
1,736,221
1,737,221
1,738,221
1,739,221
1,740,221
1,741,221
1,742,221
1,743,221
0,648,222
0,649,222
0,650,222
0,651,222
0,652,222
0,653,222
0,654,222
0,655,222
0,656,222
0,657,222
1,658,222
1,659,222
1,660,222
1,661,222
1,662,222
1,663,222
1,664,222
1,665,222
1,666,222
1,667,222
1,668,222
1,669,222
1,670,222
1,671,222
1,672,222
1,673,222
1,674,222
1,675,222
1,676,222
1,677,222
1,678,222
1,679,222
1,680,222
1,681,222
1,682,222
1,683,222
1,684,222
1,685,222
1,686,222
1,687,222
1,688,222
1,689,222
1,690,222
1,691,222
1,692,222
1,693,222
1,694,222
1,695,222
1,696,222
1,697,222
1,698,222
1,699,222
1,700,222
1,701,222
1,702,222
1,703,222
1,704,222
1,705,222
1,706,222
1,707,222
1,708,222
1,709,222
1,710,222
1,711,222
1,712,222
1,713,222
1,714,222
1,715,222
1,716,222
1,717,222
1,718,222
1,719,222
1,720,222
1,721,222
1,722,222
1,723,222
1,724,222
1,725,222
1,726,222
1,727,222
1,728,222
1,729,222
1,730,222
1,731,222
1,732,222
1,733,222
1,734,222
1,735,222
1,736,222
1,737,222
1,738,222
1,739,222
1,740,222
1,741,222
1,742,222
1,743,222
0,648,223
0,649,223
0,650,223
0,651,223
0,652,223
0,653,223
0,654,223
0,655,223
0,656,223
0,657,223
0,658,223
0,659,223
0,660,223
0,661,223
0,662,223
0,663,223
0,664,223
0,665,223
0,666,223
0,667,223
0,668,223
0,669,223
0,670,223
0,671,223
0,672,223
0,673,223
0,674,223
0,675,223
0,676,223
0,677,223
0,678,223
0,679,223
0,680,223
0,681,223
0,682,223
0,683,223
0,684,223
0,685,223
0,686,223
0,687,223
0,688,223
0,689,223
0,690,223
0,691,223
0,692,223
0,693,223
0,694,223
0,695,223
0,696,223
0,697,223
0,698,223
0,699,223
0,700,223
0,701,223
0,702,223
0,703,223
0,704,223
0,705,223
0,706,223
0,707,223
0,708,223
0,709,223
0,710,223
0,711,223
0,712,223
0,713,223
0,714,223
0,715,223
0,716,223
0,717,223
0,718,223
0,719,223
0,720,223
0,721,223
0,722,223
0,723,223
0,724,223
0,725,223
0,726,223
0,727,223
0,728,223
0,729,223
0,730,223
0,731,223
0,732,223
0,733,223
0,734,223
0,735,223
0,736,223
0,737,223
0,738,223
0,739,223
0,740,223
0,741,223
0,742,223
0,743,223
0,648,224
0,649,224
0,650,224
0,651,224
0,652,224
0,653,224
0,654,224
0,655,224
0,656,224
0,657,224
0,658,224
0,659,224
0,660,224
0,661,224
0,662,224
0,663,224
0,664,224
0,665,224
0,666,224
0,667,224
0,668,224
0,669,224
0,670,224
0,671,224
0,672,224
0,673,224
0,674,224
0,675,224
0,676,224
0,677,224
0,678,224
0,679,224
0,680,224
0,681,224
0,682,224
0,683,224
0,684,224
0,685,224
0,686,224
0,687,224
0,688,224
0,689,224
0,690,224
0,691,224
0,692,224
0,693,224
0,694,224
0,695,224
0,696,224
0,697,224
0,698,224
0,699,224
0,700,224
0,701,224
0,702,224
0,703,224
0,704,224
0,705,224
0,706,224
0,707,224
0,708,224
0,709,224
0,710,224
0,711,224
0,712,224
0,713,224
0,714,224
0,715,224
0,716,224
0,717,224
0,718,224
0,719,224
0,720,224
0,721,224
0,722,224
0,723,224
0,724,224
0,725,224
0,726,224
0,727,224
0,728,224
0,729,224
0,730,224
0,731,224
0,732,224
0,733,224
0,734,224
0,735,224
0,736,224
0,737,224
0,738,224
0,739,224
0,740,224
0,741,224
0,742,224
0,743,224
0,648,225
0,649,225
0,650,225
0,651,225
0,652,225
0,653,225
0,654,225
0,655,225
0,656,225
0,657,225
0,658,225
0,659,225
0,660,225
0,661,225
0,662,225
0,663,225
0,664,225
0,665,225
0,666,225
0,667,225
0,668,225
0,669,225
0,670,225
0,671,225
0,672,225
0,673,225
0,674,225
0,675,225
0,676,225
0,677,225
0,678,225
0,679,225
0,680,225
0,681,225
0,682,225
0,683,225
0,684,225
0,685,225
0,686,225
0,687,225
0,688,225
0,689,225
0,690,225
0,691,225
0,692,225
0,693,225
0,694,225
0,695,225
0,696,225
0,697,225
0,698,225
0,699,225
0,700,225
0,701,225
0,702,225
0,703,225
0,704,225
0,705,225
0,706,225
0,707,225
0,708,225
0,709,225
0,710,225
0,711,225
0,712,225
0,713,225
0,714,225
0,715,225
0,716,225
0,717,225
0,718,225
0,719,225
0,720,225
0,721,225
0,722,225
0,723,225
0,724,225
0,725,225
0,726,225
0,727,225
0,728,225
0,729,225
0,730,225
0,731,225
0,732,225
0,733,225
0,734,225
0,735,225
0,736,225
0,737,225
0,738,225
0,739,225
0,740,225
0,741,225
0,742,225
0,743,225
0,648,226
0,649,226
0,650,226
0,651,226
0,652,226
0,653,226
0,654,226
0,655,226
0,656,226
0,657,226
0,658,226
0,659,226
0,660,226
0,661,226
0,662,226
0,663,226
0,664,226
0,665,226
0,666,226
0,667,226
0,668,226
0,669,226
0,670,226
0,671,226
0,672,226
0,673,226
0,674,226
0,675,226
0,676,226
0,677,226
0,678,226
0,679,226
0,680,226
0,681,226
0,682,226
0,683,226
0,684,226
0,685,226
0,686,226
0,687,226
0,688,226
0,689,226
0,690,226
0,691,226
0,692,226
0,693,226
0,694,226
0,695,226
0,696,226
0,697,226
0,698,226
0,699,226
0,700,226
0,701,226
0,702,226
0,703,226
0,704,226
0,705,226
0,706,226
0,707,226
0,708,226
0,709,226
0,710,226
0,711,226
0,712,226
0,713,226
0,714,226
0,715,226
0,716,226
0,717,226
0,718,226
0,719,226
0,720,226
0,721,226
0,722,226
0,723,226
0,724,226
0,725,226
0,726,226
0,727,226
0,728,226
0,729,226
0,730,226
0,731,226
0,732,226
0,733,226
0,734,226
0,735,226
0,736,226
0,737,226
0,738,226
0,739,226
0,740,226
0,741,226
0,742,226
0,743,226
0,648,227
0,649,227
0,650,227
0,651,227
0,652,227
0,653,227
0,654,227
0,655,227
0,656,227
0,657,227
0,658,227
0,659,227
0,660,227
0,661,227
0,662,227
0,663,227
0,664,227
0,665,227
0,666,227
0,667,227
0,668,227
0,669,227
0,670,227
0,671,227
0,672,227
0,673,227
0,674,227
0,675,227
0,676,227
0,677,227
0,678,227
0,679,227
0,680,227
0,681,227
0,682,227
0,683,227
0,684,227
0,685,227
0,686,227
0,687,227
0,688,227
0,689,227
0,690,227
0,691,227
0,692,227
0,693,227
0,694,227
0,695,227
0,696,227
0,697,227
0,698,227
0,699,227
0,700,227
0,701,227
0,702,227
0,703,227
0,704,227
0,705,227
0,706,227
0,707,227
0,708,227
0,709,227
0,710,227
0,711,227
0,712,227
0,713,227
0,714,227
0,715,227
0,716,227
0,717,227
0,718,227
0,719,227
0,720,227
0,721,227
0,722,227
0,723,227
0,724,227
0,725,227
0,726,227
1,727,227
1,728,227
1,729,227
1,730,227
1,731,227
1,732,227
1,733,227
1,734,227
1,735,227
1,736,227
1,737,227
1,738,227
1,739,227
1,740,227
1,741,227
1,742,227
1,743,227
0,648,228
0,649,228
0,650,228
0,651,228
0,652,228
0,653,228
0,654,228
0,655,228
0,656,228
0,657,228
0,658,228
0,659,228
0,660,228
0,661,228
0,662,228
0,663,228
0,664,228
0,665,228
0,666,228
0,667,228
0,668,228
0,669,228
0,670,228
0,671,228
0,672,228
0,673,228
0,674,228
0,675,228
0,676,228
0,677,228
0,678,228
0,679,228
0,680,228
0,681,228
0,682,228
0,683,228
0,684,228
0,685,228
0,686,228
0,687,228
0,688,228
0,689,228
0,690,228
0,691,228
0,692,228
0,693,228
0,694,228
0,695,228
0,696,228
0,697,228
0,698,228
0,699,228
0,700,228
0,701,228
0,702,228
0,703,228
0,704,228
1,705,228
1,706,228
1,707,228
1,708,228
1,709,228
1,710,228
1,711,228
1,712,228
1,713,228
1,714,228
1,715,228
1,716,228
1,717,228
1,718,228
1,719,228
1,720,228
1,721,228
1,722,228
1,723,228
1,724,228
1,725,228
1,726,228
1,727,228
1,728,228
1,729,228
1,730,228
1,731,228
1,732,228
1,733,228
1,734,228
1,735,228
1,736,228
1,737,228
1,738,228
1,739,228
1,740,228
1,741,228
1,742,228
1,743,228
0,648,229
0,649,229
0,650,229
0,651,229
0,652,229
0,653,229
0,654,229
0,655,229
0,656,229
0,657,229
0,658,229
0,659,229
0,660,229
0,661,229
0,662,229
0,663,229
0,664,229
0,665,229
0,666,229
0,667,229
0,668,229
0,669,229
0,670,229
0,671,229
0,672,229
0,673,229
0,674,229
0,675,229
0,676,229
1,677,229
1,678,229
1,679,229
1,680,229
1,681,229
1,682,229
1,683,229
1,684,229
1,685,229
1,686,229
1,687,229
1,688,229
1,689,229
1,690,229
1,691,229
1,692,229
1,693,229
1,694,229
1,695,229
1,696,229
1,697,229
1,698,229
1,699,229
1,700,229
1,701,229
1,702,229
1,703,229
1,704,229
1,705,229
1,706,229
1,707,229
1,708,229
1,709,229
1,710,229
1,711,229
1,712,229
1,713,229
1,714,229
1,715,229
1,716,229
1,717,229
1,718,229
1,719,229
1,720,229
1,721,229
1,722,229
1,723,229
1,724,229
1,725,229
1,726,229
1,727,229
1,728,229
1,729,229
1,730,229
1,731,229
1,732,229
1,733,229
1,734,229
1,735,229
1,736,229
1,737,229
1,738,229
1,739,229
1,740,229
1,741,229
1,742,229
1,743,229
0,648,230
0,649,230
0,650,230
0,651,230
0,652,230
0,653,230
0,654,230
0,655,230
0,656,230
1,657,230
1,658,230
1,659,230
1,660,230
1,661,230
1,662,230
1,663,230
1,664,230
1,665,230
1,666,230
1,667,230
1,668,230
1,669,230
1,670,230
1,671,230
1,672,230
1,673,230
1,674,230
1,675,230
1,676,230
1,677,230
1,678,230
1,679,230
1,680,230
1,681,230
1,682,230
1,683,230
1,684,230
1,685,230
1,686,230
1,687,230
1,688,230
1,689,230
1,690,230
1,691,230
1,692,230
1,693,230
1,694,230
1,695,230
1,696,230
1,697,230
1,698,230
1,699,230
1,700,230
1,701,230
1,702,230
1,703,230
1,704,230
1,705,230
1,706,230
1,707,230
1,708,230
1,709,230
1,710,230
1,711,230
1,712,230
1,713,230
1,714,230
1,715,230
1,716,230
1,717,230
1,718,230
1,719,230
1,720,230
1,721,230
1,722,230
1,723,230
1,724,230
1,725,230
1,726,230
1,727,230
1,728,230
1,729,230
1,730,230
1,731,230
1,732,230
1,733,230
1,734,230
1,735,230
1,736,230
1,737,230
1,738,230
1,739,230
1,740,230
1,741,230
1,742,230
1,743,230
0,648,231
0,649,231
0,650,231
0,651,231
0,652,231
0,653,231
0,654,231
0,655,231
0,656,231
0,657,231
0,658,231
0,659,231
0,660,231
0,661,231
0,662,231
0,663,231
0,664,231
0,665,231
0,666,231
0,667,231
0,668,231
0,669,231
0,670,231
0,671,231
0,672,231
0,673,231
0,674,231
0,675,231
0,676,231
0,677,231
0,678,231
0,679,231
0,680,231
0,681,231
0,682,231
0,683,231
0,684,231
0,685,231
0,686,231
0,687,231
0,688,231
0,689,231
0,690,231
0,691,231
0,692,231
0,693,231
0,694,231
0,695,231
0,696,231
0,697,231
0,698,231
1,699,231
1,700,231
1,701,231
1,702,231
1,703,231
1,704,231
1,705,231
1,706,231
1,707,231
1,708,231
1,709,231
1,710,231
1,711,231
1,712,231
1,713,231
1,714,231
1,715,231
1,716,231
1,717,231
1,718,231
1,719,231
1,720,231
1,721,231
1,722,231
1,723,231
1,724,231
1,725,231
1,726,231
1,727,231
1,728,231
1,729,231
1,730,231
1,731,231
1,732,231
1,733,231
1,734,231
1,735,231
1,736,231
1,737,231
1,738,231
1,739,231
1,740,231
1,741,231
1,742,231
1,743,231
0,648,232
0,649,232
0,650,232
0,651,232
0,652,232
0,653,232
0,654,232
0,655,232
0,656,232
0,657,232
0,658,232
0,659,232
0,660,232
0,661,232
0,662,232
0,663,232
0,664,232
0,665,232
0,666,232
0,667,232
0,668,232
0,669,232
0,670,232
0,671,232
0,672,232
0,673,232
0,674,232
0,675,232
0,676,232
0,677,232
0,678,232
0,679,232
0,680,232
0,681,232
0,682,232
0,683,232
0,684,232
0,685,232
0,686,232
0,687,232
0,688,232
0,689,232
0,690,232
0,691,232
1,692,232
1,693,232
1,694,232
1,695,232
1,696,232
1,697,232
1,698,232
1,699,232
1,700,232
1,701,232
1,702,232
1,703,232
1,704,232
1,705,232
1,706,232
1,707,232
1,708,232
1,709,232
1,710,232
1,711,232
1,712,232
1,713,232
1,714,232
1,715,232
1,716,232
1,717,232
1,718,232
1,719,232
1,720,232
1,721,232
1,722,232
1,723,232
1,724,232
1,725,232
1,726,232
1,727,232
1,728,232
1,729,232
1,730,232
1,731,232
1,732,232
1,733,232
1,734,232
1,735,232
1,736,232
1,737,232
1,738,232
1,739,232
1,740,232
1,741,232
1,742,232
1,743,232
0,648,233
0,649,233
0,650,233
0,651,233
0,652,233
0,653,233
0,654,233
0,655,233
0,656,233
0,657,233
0,658,233
0,659,233
0,660,233
0,661,233
0,662,233
0,663,233
0,664,233
0,665,233
0,666,233
0,667,233
0,668,233
0,669,233
0,670,233
0,671,233
0,672,233
0,673,233
0,674,233
0,675,233
0,676,233
0,677,233
0,678,233
0,679,233
0,680,233
0,681,233
0,682,233
0,683,233
0,684,233
0,685,233
0,686,233
0,687,233
0,688,233
0,689,233
0,690,233
0,691,233
0,692,233
0,693,233
0,694,233
0,695,233
0,696,233
0,697,233
0,698,233
0,699,233
0,700,233
0,701,233
0,702,233
0,703,233
0,704,233
0,705,233
0,706,233
0,707,233
0,708,233
0,709,233
0,710,233
0,711,233
0,712,233
0,713,233
0,714,233
0,715,233
0,716,233
0,717,233
0,718,233
0,719,233
0,720,233
0,721,233
0,722,233
0,723,233
0,724,233
0,725,233
0,726,233
0,727,233
0,728,233
0,729,233
0,730,233
0,731,233
0,732,233
0,733,233
0,734,233
0,735,233
0,736,233
0,737,233
1,738,233
1,739,233
1,740,233
1,741,233
1,742,233
1,743,233
0,648,234
0,649,234
0,650,234
0,651,234
0,652,234
0,653,234
0,654,234
0,655,234
1,656,234
1,657,234
1,658,234
1,659,234
1,660,234
1,661,234
1,662,234
1,663,234
1,664,234
1,665,234
1,666,234
1,667,234
1,668,234
1,669,234
1,670,234
1,671,234
1,672,234
1,673,234
1,674,234
1,675,234
1,676,234
1,677,234
1,678,234
1,679,234
1,680,234
1,681,234
1,682,234
1,683,234
1,684,234
1,685,234
1,686,234
1,687,234
1,688,234
1,689,234
1,690,234
1,691,234
1,692,234
1,693,234
1,694,234
1,695,234
1,696,234
1,697,234
1,698,234
1,699,234
1,700,234
1,701,234
1,702,234
1,703,234
1,704,234
1,705,234
1,706,234
1,707,234
1,708,234
1,709,234
1,710,234
1,711,234
1,712,234
1,713,234
1,714,234
1,715,234
1,716,234
1,717,234
1,718,234
1,719,234
1,720,234
1,721,234
1,722,234
1,723,234
1,724,234
1,725,234
1,726,234
1,727,234
1,728,234
1,729,234
1,730,234
1,731,234
1,732,234
1,733,234
1,734,234
1,735,234
1,736,234
1,737,234
1,738,234
1,739,234
1,740,234
1,741,234
1,742,234
1,743,234
0,648,235
0,649,235
1,650,235
1,651,235
1,652,235
1,653,235
1,654,235
1,655,235
1,656,235
1,657,235
1,658,235
1,659,235
1,660,235
1,661,235
1,662,235
1,663,235
1,664,235
1,665,235
1,666,235
1,667,235
1,668,235
1,669,235
1,670,235
1,671,235
1,672,235
1,673,235
1,674,235
1,675,235
1,676,235
1,677,235
1,678,235
1,679,235
1,680,235
1,681,235
1,682,235
1,683,235
1,684,235
1,685,235
1,686,235
1,687,235
1,688,235
1,689,235
1,690,235
1,691,235
1,692,235
1,693,235
1,694,235
1,695,235
1,696,235
1,697,235
1,698,235
1,699,235
1,700,235
1,701,235
1,702,235
1,703,235
1,704,235
1,705,235
1,706,235
1,707,235
1,708,235
1,709,235
1,710,235
1,711,235
1,712,235
1,713,235
1,714,235
1,715,235
1,716,235
1,717,235
1,718,235
1,719,235
1,720,235
1,721,235
1,722,235
1,723,235
1,724,235
1,725,235
1,726,235
1,727,235
1,728,235
1,729,235
1,730,235
1,731,235
1,732,235
1,733,235
1,734,235
1,735,235
1,736,235
1,737,235
1,738,235
1,739,235
1,740,235
1,741,235
1,742,235
1,743,235
0,648,236
0,649,236
0,650,236
0,651,236
0,652,236
0,653,236
0,654,236
0,655,236
0,656,236
0,657,236
0,658,236
0,659,236
0,660,236
0,661,236
0,662,236
0,663,236
0,664,236
0,665,236
0,666,236
0,667,236
0,668,236
0,669,236
0,670,236
0,671,236
0,672,236
0,673,236
0,674,236
0,675,236
0,676,236
0,677,236
0,678,236
0,679,236
0,680,236
0,681,236
0,682,236
0,683,236
0,684,236
0,685,236
0,686,236
0,687,236
0,688,236
0,689,236
0,690,236
0,691,236
0,692,236
0,693,236
0,694,236
0,695,236
0,696,236
0,697,236
1,698,236
1,699,236
1,700,236
1,701,236
1,702,236
1,703,236
1,704,236
1,705,236
1,706,236
1,707,236
1,708,236
1,709,236
1,710,236
1,711,236
1,712,236
1,713,236
1,714,236
1,715,236
1,716,236
1,717,236
1,718,236
1,719,236
1,720,236
1,721,236
1,722,236
1,723,236
1,724,236
1,725,236
1,726,236
1,727,236
1,728,236
1,729,236
1,730,236
1,731,236
1,732,236
1,733,236
1,734,236
1,735,236
1,736,236
1,737,236
1,738,236
1,739,236
1,740,236
1,741,236
1,742,236
1,743,236
0,648,237
0,649,237
0,650,237
0,651,237
0,652,237
0,653,237
0,654,237
0,655,237
0,656,237
0,657,237
0,658,237
0,659,237
0,660,237
0,661,237
0,662,237
0,663,237
0,664,237
0,665,237
0,666,237
0,667,237
0,668,237
0,669,237
0,670,237
0,671,237
0,672,237
0,673,237
0,674,237
0,675,237
0,676,237
0,677,237
0,678,237
0,679,237
0,680,237
0,681,237
0,682,237
0,683,237
0,684,237
0,685,237
0,686,237
0,687,237
0,688,237
0,689,237
0,690,237
0,691,237
0,692,237
0,693,237
0,694,237
0,695,237
0,696,237
0,697,237
1,698,237
1,699,237
1,700,237
1,701,237
1,702,237
1,703,237
1,704,237
1,705,237
1,706,237
1,707,237
1,708,237
1,709,237
1,710,237
1,711,237
1,712,237
1,713,237
1,714,237
1,715,237
1,716,237
1,717,237
1,718,237
1,719,237
1,720,237
1,721,237
1,722,237
1,723,237
1,724,237
1,725,237
1,726,237
1,727,237
1,728,237
1,729,237
1,730,237
1,731,237
1,732,237
1,733,237
1,734,237
1,735,237
1,736,237
1,737,237
1,738,237
1,739,237
1,740,237
1,741,237
1,742,237
1,743,237
0,648,238
0,649,238
0,650,238
1,651,238
1,652,238
1,653,238
1,654,238
1,655,238
1,656,238
1,657,238
1,658,238
1,659,238
1,660,238
1,661,238
1,662,238
1,663,238
1,664,238
1,665,238
1,666,238
1,667,238
1,668,238
1,669,238
1,670,238
1,671,238
1,672,238
1,673,238
1,674,238
1,675,238
1,676,238
1,677,238
1,678,238
1,679,238
1,680,238
1,681,238
1,682,238
1,683,238
1,684,238
1,685,238
1,686,238
1,687,238
1,688,238
1,689,238
1,690,238
1,691,238
1,692,238
1,693,238
1,694,238
1,695,238
1,696,238
1,697,238
1,698,238
1,699,238
1,700,238
1,701,238
1,702,238
1,703,238
1,704,238
1,705,238
1,706,238
1,707,238
1,708,238
1,709,238
1,710,238
1,711,238
1,712,238
1,713,238
1,714,238
1,715,238
1,716,238
1,717,238
1,718,238
1,719,238
1,720,238
1,721,238
1,722,238
1,723,238
1,724,238
1,725,238
1,726,238
1,727,238
1,728,238
1,729,238
1,730,238
1,731,238
1,732,238
1,733,238
1,734,238
1,735,238
1,736,238
1,737,238
1,738,238
1,739,238
1,740,238
1,741,238
1,742,238
1,743,238
0,648,239
0,649,239
0,650,239
0,651,239
0,652,239
0,653,239
0,654,239
0,655,239
0,656,239
0,657,239
0,658,239
0,659,239
0,660,239
0,661,239
0,662,239
0,663,239
0,664,239
0,665,239
0,666,239
0,667,239
0,668,239
0,669,239
0,670,239
0,671,239
0,672,239
0,673,239
0,674,239
0,675,239
0,676,239
0,677,239
0,678,239
0,679,239
0,680,239
0,681,239
0,682,239
0,683,239
0,684,239
0,685,239
0,686,239
0,687,239
0,688,239
0,689,239
0,690,239
0,691,239
0,692,239
0,693,239
0,694,239
0,695,239
0,696,239
0,697,239
0,698,239
0,699,239
1,700,239
1,701,239
1,702,239
1,703,239
1,704,239
1,705,239
1,706,239
1,707,239
1,708,239
1,709,239
1,710,239
1,711,239
1,712,239
1,713,239
1,714,239
1,715,239
1,716,239
1,717,239
1,718,239
1,719,239
1,720,239
1,721,239
1,722,239
1,723,239
1,724,239
1,725,239
1,726,239
1,727,239
1,728,239
1,729,239
1,730,239
1,731,239
1,732,239
1,733,239
1,734,239
1,735,239
1,736,239
1,737,239
1,738,239
1,739,239
1,740,239
1,741,239
1,742,239
1,743,239
0,648,240
0,649,240
0,650,240
0,651,240
0,652,240
0,653,240
0,654,240
0,655,240
0,656,240
0,657,240
0,658,240
0,659,240
0,660,240
0,661,240
0,662,240
0,663,240
0,664,240
0,665,240
0,666,240
0,667,240
0,668,240
0,669,240
0,670,240
0,671,240
0,672,240
0,673,240
0,674,240
0,675,240
0,676,240
0,677,240
0,678,240
0,679,240
0,680,240
0,681,240
0,682,240
0,683,240
0,684,240
0,685,240
0,686,240
0,687,240
0,688,240
1,689,240
1,690,240
1,691,240
1,692,240
1,693,240
1,694,240
1,695,240
1,696,240
1,697,240
1,698,240
1,699,240
1,700,240
1,701,240
1,702,240
1,703,240
1,704,240
1,705,240
1,706,240
1,707,240
1,708,240
1,709,240
1,710,240
1,711,240
1,712,240
1,713,240
1,714,240
1,715,240
1,716,240
1,717,240
1,718,240
1,719,240
1,720,240
1,721,240
1,722,240
1,723,240
1,724,240
1,725,240
1,726,240
1,727,240
1,728,240
1,729,240
1,730,240
1,731,240
1,732,240
1,733,240
1,734,240
1,735,240
1,736,240
1,737,240
1,738,240
1,739,240
1,740,240
1,741,240
1,742,240
1,743,240
0,648,241
0,649,241
0,650,241
0,651,241
0,652,241
0,653,241
0,654,241
0,655,241
0,656,241
0,657,241
0,658,241
0,659,241
0,660,241
0,661,241
0,662,241
0,663,241
0,664,241
0,665,241
0,666,241
0,667,241
0,668,241
0,669,241
0,670,241
0,671,241
0,672,241
0,673,241
1,674,241
1,675,241
1,676,241
1,677,241
1,678,241
1,679,241
1,680,241
1,681,241
1,682,241
1,683,241
1,684,241
1,685,241
1,686,241
1,687,241
1,688,241
1,689,241
1,690,241
1,691,241
1,692,241
1,693,241
1,694,241
1,695,241
1,696,241
1,697,241
1,698,241
1,699,241
1,700,241
1,701,241
1,702,241
1,703,241
1,704,241
1,705,241
1,706,241
1,707,241
1,708,241
1,709,241
1,710,241
1,711,241
1,712,241
1,713,241
1,714,241
1,715,241
1,716,241
1,717,241
1,718,241
1,719,241
1,720,241
1,721,241
1,722,241
1,723,241
1,724,241
1,725,241
1,726,241
1,727,241
1,728,241
1,729,241
1,730,241
1,731,241
1,732,241
1,733,241
1,734,241
1,735,241
1,736,241
1,737,241
1,738,241
1,739,241
1,740,241
1,741,241
1,742,241
1,743,241
0,648,242
0,649,242
0,650,242
0,651,242
0,652,242
0,653,242
0,654,242
0,655,242
0,656,242
0,657,242
0,658,242
0,659,242
0,660,242
0,661,242
0,662,242
0,663,242
0,664,242
0,665,242
0,666,242
0,667,242
0,668,242
0,669,242
0,670,242
0,671,242
0,672,242
0,673,242
1,674,242
1,675,242
1,676,242
1,677,242
1,678,242
1,679,242
1,680,242
1,681,242
1,682,242
1,683,242
1,684,242
1,685,242
1,686,242
1,687,242
1,688,242
1,689,242
1,690,242
1,691,242
1,692,242
1,693,242
1,694,242
1,695,242
1,696,242
1,697,242
1,698,242
1,699,242
1,700,242
1,701,242
1,702,242
1,703,242
1,704,242
1,705,242
1,706,242
1,707,242
1,708,242
1,709,242
1,710,242
1,711,242
1,712,242
1,713,242
1,714,242
1,715,242
1,716,242
1,717,242
1,718,242
1,719,242
1,720,242
1,721,242
1,722,242
1,723,242
1,724,242
1,725,242
1,726,242
1,727,242
1,728,242
1,729,242
1,730,242
1,731,242
1,732,242
1,733,242
1,734,242
1,735,242
1,736,242
1,737,242
1,738,242
1,739,242
1,740,242
1,741,242
1,742,242
1,743,242
0,648,243
0,649,243
0,650,243
0,651,243
0,652,243
0,653,243
0,654,243
0,655,243
0,656,243
0,657,243
0,658,243
0,659,243
0,660,243
0,661,243
0,662,243
0,663,243
0,664,243
0,665,243
0,666,243
0,667,243
0,668,243
0,669,243
0,670,243
0,671,243
0,672,243
0,673,243
0,674,243
0,675,243
0,676,243
0,677,243
0,678,243
0,679,243
0,680,243
0,681,243
0,682,243
0,683,243
0,684,243
0,685,243
0,686,243
0,687,243
0,688,243
0,689,243
0,690,243
0,691,243
0,692,243
0,693,243
0,694,243
0,695,243
0,696,243
0,697,243
0,698,243
0,699,243
0,700,243
0,701,243
0,702,243
0,703,243
0,704,243
0,705,243
1,706,243
1,707,243
1,708,243
1,709,243
1,710,243
1,711,243
1,712,243
1,713,243
1,714,243
1,715,243
1,716,243
1,717,243
1,718,243
1,719,243
1,720,243
1,721,243
1,722,243
1,723,243
1,724,243
1,725,243
1,726,243
1,727,243
1,728,243
1,729,243
1,730,243
1,731,243
1,732,243
1,733,243
1,734,243
1,735,243
1,736,243
1,737,243
1,738,243
1,739,243
1,740,243
1,741,243
1,742,243
1,743,243
0,648,244
0,649,244
0,650,244
0,651,244
0,652,244
0,653,244
0,654,244
0,655,244
0,656,244
0,657,244
0,658,244
0,659,244
0,660,244
0,661,244
0,662,244
0,663,244
0,664,244
0,665,244
0,666,244
0,667,244
0,668,244
0,669,244
0,670,244
0,671,244
0,672,244
0,673,244
0,674,244
0,675,244
0,676,244
0,677,244
0,678,244
0,679,244
0,680,244
0,681,244
0,682,244
0,683,244
0,684,244
0,685,244
0,686,244
0,687,244
0,688,244
0,689,244
0,690,244
0,691,244
0,692,244
0,693,244
0,694,244
0,695,244
0,696,244
0,697,244
0,698,244
0,699,244
0,700,244
0,701,244
0,702,244
0,703,244
0,704,244
0,705,244
0,706,244
0,707,244
0,708,244
0,709,244
0,710,244
0,711,244
1,712,244
1,713,244
1,714,244
1,715,244
1,716,244
1,717,244
1,718,244
1,719,244
1,720,244
1,721,244
1,722,244
1,723,244
1,724,244
1,725,244
1,726,244
1,727,244
1,728,244
1,729,244
1,730,244
1,731,244
1,732,244
1,733,244
1,734,244
1,735,244
1,736,244
1,737,244
1,738,244
1,739,244
1,740,244
1,741,244
1,742,244
1,743,244
0,648,245
0,649,245
0,650,245
0,651,245
0,652,245
0,653,245
0,654,245
0,655,245
0,656,245
0,657,245
0,658,245
0,659,245
1,660,245
1,661,245
1,662,245
1,663,245
1,664,245
1,665,245
1,666,245
1,667,245
1,668,245
1,669,245
1,670,245
1,671,245
1,672,245
1,673,245
1,674,245
1,675,245
1,676,245
1,677,245
1,678,245
1,679,245
1,680,245
1,681,245
1,682,245
1,683,245
1,684,245
1,685,245
1,686,245
1,687,245
1,688,245
1,689,245
1,690,245
1,691,245
1,692,245
1,693,245
1,694,245
1,695,245
1,696,245
1,697,245
1,698,245
1,699,245
1,700,245
1,701,245
1,702,245
1,703,245
1,704,245
1,705,245
1,706,245
1,707,245
1,708,245
1,709,245
1,710,245
1,711,245
1,712,245
1,713,245
1,714,245
1,715,245
1,716,245
1,717,245
1,718,245
1,719,245
1,720,245
1,721,245
1,722,245
1,723,245
1,724,245
1,725,245
1,726,245
1,727,245
1,728,245
1,729,245
1,730,245
1,731,245
1,732,245
1,733,245
1,734,245
1,735,245
1,736,245
1,737,245
1,738,245
1,739,245
1,740,245
1,741,245
1,742,245
1,743,245
0,648,246
0,649,246
1,650,246
1,651,246
1,652,246
1,653,246
1,654,246
1,655,246
1,656,246
1,657,246
1,658,246
1,659,246
1,660,246
1,661,246
1,662,246
1,663,246
1,664,246
1,665,246
1,666,246
1,667,246
1,668,246
1,669,246
1,670,246
1,671,246
1,672,246
1,673,246
1,674,246
1,675,246
1,676,246
1,677,246
1,678,246
1,679,246
1,680,246
1,681,246
1,682,246
1,683,246
1,684,246
1,685,246
1,686,246
1,687,246
1,688,246
1,689,246
1,690,246
1,691,246
1,692,246
1,693,246
1,694,246
1,695,246
1,696,246
1,697,246
1,698,246
1,699,246
1,700,246
1,701,246
1,702,246
1,703,246
1,704,246
1,705,246
1,706,246
1,707,246
1,708,246
1,709,246
1,710,246
1,711,246
1,712,246
1,713,246
1,714,246
1,715,246
1,716,246
1,717,246
1,718,246
1,719,246
1,720,246
1,721,246
1,722,246
1,723,246
1,724,246
1,725,246
1,726,246
1,727,246
1,728,246
1,729,246
1,730,246
1,731,246
1,732,246
1,733,246
1,734,246
1,735,246
1,736,246
1,737,246
1,738,246
1,739,246
1,740,246
1,741,246
1,742,246
1,743,246
0,648,247
0,649,247
0,650,247
0,651,247
0,652,247
0,653,247
0,654,247
0,655,247
0,656,247
0,657,247
0,658,247
0,659,247
0,660,247
0,661,247
0,662,247
0,663,247
0,664,247
0,665,247
0,666,247
0,667,247
0,668,247
0,669,247
0,670,247
0,671,247
0,672,247
0,673,247
1,674,247
1,675,247
1,676,247
1,677,247
1,678,247
1,679,247
1,680,247
1,681,247
1,682,247
1,683,247
1,684,247
1,685,247
1,686,247
1,687,247
1,688,247
1,689,247
1,690,247
1,691,247
1,692,247
1,693,247
1,694,247
1,695,247
1,696,247
1,697,247
1,698,247
1,699,247
1,700,247
1,701,247
1,702,247
1,703,247
1,704,247
1,705,247
1,706,247
1,707,247
1,708,247
1,709,247
1,710,247
1,711,247
1,712,247
1,713,247
1,714,247
1,715,247
1,716,247
1,717,247
1,718,247
1,719,247
1,720,247
1,721,247
1,722,247
1,723,247
1,724,247
1,725,247
1,726,247
1,727,247
1,728,247
1,729,247
1,730,247
1,731,247
1,732,247
1,733,247
1,734,247
1,735,247
1,736,247
1,737,247
1,738,247
1,739,247
1,740,247
1,741,247
1,742,247
1,743,247
0,648,248
0,649,248
0,650,248
0,651,248
0,652,248
0,653,248
0,654,248
0,655,248
0,656,248
0,657,248
0,658,248
0,659,248
0,660,248
0,661,248
0,662,248
0,663,248
0,664,248
0,665,248
0,666,248
0,667,248
0,668,248
0,669,248
0,670,248
0,671,248
0,672,248
0,673,248
0,674,248
0,675,248
1,676,248
1,677,248
1,678,248
1,679,248
1,680,248
1,681,248
1,682,248
1,683,248
1,684,248
1,685,248
1,686,248
1,687,248
1,688,248
1,689,248
1,690,248
1,691,248
1,692,248
1,693,248
1,694,248
1,695,248
1,696,248
1,697,248
1,698,248
1,699,248
1,700,248
1,701,248
1,702,248
1,703,248
1,704,248
1,705,248
1,706,248
1,707,248
1,708,248
1,709,248
1,710,248
1,711,248
1,712,248
1,713,248
1,714,248
1,715,248
1,716,248
1,717,248
1,718,248
1,719,248
1,720,248
1,721,248
1,722,248
1,723,248
1,724,248
1,725,248
1,726,248
1,727,248
1,728,248
1,729,248
1,730,248
1,731,248
1,732,248
1,733,248
1,734,248
1,735,248
1,736,248
1,737,248
1,738,248
1,739,248
1,740,248
1,741,248
1,742,248
1,743,248
0,648,249
0,649,249
0,650,249
0,651,249
0,652,249
0,653,249
0,654,249
0,655,249
0,656,249
0,657,249
0,658,249
0,659,249
0,660,249
0,661,249
0,662,249
0,663,249
0,664,249
0,665,249
0,666,249
0,667,249
0,668,249
0,669,249
0,670,249
0,671,249
0,672,249
0,673,249
0,674,249
0,675,249
0,676,249
0,677,249
0,678,249
0,679,249
0,680,249
0,681,249
0,682,249
0,683,249
0,684,249
0,685,249
0,686,249
0,687,249
0,688,249
0,689,249
0,690,249
0,691,249
0,692,249
0,693,249
0,694,249
0,695,249
0,696,249
0,697,249
0,698,249
0,699,249
0,700,249
0,701,249
0,702,249
0,703,249
0,704,249
0,705,249
0,706,249
0,707,249
0,708,249
0,709,249
0,710,249
0,711,249
1,712,249
1,713,249
1,714,249
1,715,249
1,716,249
1,717,249
1,718,249
1,719,249
1,720,249
1,721,249
1,722,249
1,723,249
1,724,249
1,725,249
1,726,249
1,727,249
1,728,249
1,729,249
1,730,249
1,731,249
1,732,249
1,733,249
1,734,249
1,735,249
1,736,249
1,737,249
1,738,249
1,739,249
1,740,249
1,741,249
1,742,249
1,743,249
0,648,250
0,649,250
0,650,250
0,651,250
0,652,250
0,653,250
0,654,250
0,655,250
0,656,250
0,657,250
0,658,250
0,659,250
0,660,250
0,661,250
0,662,250
0,663,250
0,664,250
0,665,250
0,666,250
0,667,250
0,668,250
0,669,250
0,670,250
0,671,250
0,672,250
0,673,250
0,674,250
0,675,250
0,676,250
0,677,250
0,678,250
0,679,250
0,680,250
0,681,250
0,682,250
0,683,250
0,684,250
0,685,250
1,686,250
1,687,250
1,688,250
1,689,250
1,690,250
1,691,250
1,692,250
1,693,250
1,694,250
1,695,250
1,696,250
1,697,250
1,698,250
1,699,250
1,700,250
1,701,250
1,702,250
1,703,250
1,704,250
1,705,250
1,706,250
1,707,250
1,708,250
1,709,250
1,710,250
1,711,250
1,712,250
1,713,250
1,714,250
1,715,250
1,716,250
1,717,250
1,718,250
1,719,250
1,720,250
1,721,250
1,722,250
1,723,250
1,724,250
1,725,250
1,726,250
1,727,250
1,728,250
1,729,250
1,730,250
1,731,250
1,732,250
1,733,250
1,734,250
1,735,250
1,736,250
1,737,250
1,738,250
1,739,250
1,740,250
1,741,250
1,742,250
1,743,250
0,648,251
0,649,251
0,650,251
0,651,251
0,652,251
0,653,251
0,654,251
0,655,251
0,656,251
0,657,251
0,658,251
0,659,251
0,660,251
0,661,251
0,662,251
0,663,251
0,664,251
0,665,251
0,666,251
0,667,251
0,668,251
0,669,251
0,670,251
0,671,251
1,672,251
1,673,251
1,674,251
1,675,251
1,676,251
1,677,251
1,678,251
1,679,251
1,680,251
1,681,251
1,682,251
1,683,251
1,684,251
1,685,251
1,686,251
1,687,251
1,688,251
1,689,251
1,690,251
1,691,251
1,692,251
1,693,251
1,694,251
1,695,251
1,696,251
1,697,251
1,698,251
1,699,251
1,700,251
1,701,251
1,702,251
1,703,251
1,704,251
1,705,251
1,706,251
1,707,251
1,708,251
1,709,251
1,710,251
1,711,251
1,712,251
1,713,251
1,714,251
1,715,251
1,716,251
1,717,251
1,718,251
1,719,251
1,720,251
1,721,251
1,722,251
1,723,251
1,724,251
1,725,251
1,726,251
1,727,251
1,728,251
1,729,251
1,730,251
1,731,251
1,732,251
1,733,251
1,734,251
1,735,251
1,736,251
1,737,251
1,738,251
1,739,251
1,740,251
1,741,251
1,742,251
1,743,251
0,648,252
0,649,252
0,650,252
0,651,252
0,652,252
0,653,252
0,654,252
0,655,252
0,656,252
0,657,252
0,658,252
0,659,252
0,660,252
0,661,252
0,662,252
0,663,252
0,664,252
1,665,252
1,666,252
1,667,252
1,668,252
1,669,252
1,670,252
1,671,252
1,672,252
1,673,252
1,674,252
1,675,252
1,676,252
1,677,252
1,678,252
1,679,252
1,680,252
1,681,252
1,682,252
1,683,252
1,684,252
1,685,252
1,686,252
1,687,252
1,688,252
1,689,252
1,690,252
1,691,252
1,692,252
1,693,252
1,694,252
1,695,252
1,696,252
1,697,252
1,698,252
1,699,252
1,700,252
1,701,252
1,702,252
1,703,252
1,704,252
1,705,252
1,706,252
1,707,252
1,708,252
1,709,252
1,710,252
1,711,252
1,712,252
1,713,252
1,714,252
1,715,252
1,716,252
1,717,252
1,718,252
1,719,252
1,720,252
1,721,252
1,722,252
1,723,252
1,724,252
1,725,252
1,726,252
1,727,252
1,728,252
1,729,252
1,730,252
1,731,252
1,732,252
1,733,252
1,734,252
1,735,252
1,736,252
1,737,252
1,738,252
1,739,252
1,740,252
1,741,252
1,742,252
1,743,252
0,648,253
0,649,253
0,650,253
0,651,253
0,652,253
0,653,253
0,654,253
0,655,253
0,656,253
0,657,253
0,658,253
0,659,253
0,660,253
0,661,253
0,662,253
0,663,253
0,664,253
0,665,253
0,666,253
0,667,253
0,668,253
0,669,253
0,670,253
0,671,253
0,672,253
0,673,253
0,674,253
0,675,253
0,676,253
0,677,253
0,678,253
0,679,253
0,680,253
0,681,253
0,682,253
0,683,253
0,684,253
0,685,253
0,686,253
0,687,253
0,688,253
0,689,253
0,690,253
0,691,253
0,692,253
0,693,253
0,694,253
0,695,253
0,696,253
0,697,253
0,698,253
0,699,253
0,700,253
1,701,253
1,702,253
1,703,253
1,704,253
1,705,253
1,706,253
1,707,253
1,708,253
1,709,253
1,710,253
1,711,253
1,712,253
1,713,253
1,714,253
1,715,253
1,716,253
1,717,253
1,718,253
1,719,253
1,720,253
1,721,253
1,722,253
1,723,253
1,724,253
1,725,253
1,726,253
1,727,253
1,728,253
1,729,253
1,730,253
1,731,253
1,732,253
1,733,253
1,734,253
1,735,253
1,736,253
1,737,253
1,738,253
1,739,253
1,740,253
1,741,253
1,742,253
1,743,253
0,648,254
0,649,254
0,650,254
0,651,254
0,652,254
0,653,254
0,654,254
0,655,254
0,656,254
0,657,254
0,658,254
0,659,254
0,660,254
0,661,254
0,662,254
0,663,254
0,664,254
0,665,254
0,666,254
0,667,254
0,668,254
0,669,254
0,670,254
0,671,254
0,672,254
0,673,254
0,674,254
0,675,254
0,676,254
0,677,254
0,678,254
0,679,254
0,680,254
0,681,254
0,682,254
0,683,254
0,684,254
0,685,254
0,686,254
0,687,254
0,688,254
0,689,254
0,690,254
0,691,254
0,692,254
0,693,254
0,694,254
0,695,254
0,696,254
0,697,254
0,698,254
0,699,254
1,700,254
1,701,254
1,702,254
1,703,254
1,704,254
1,705,254
1,706,254
1,707,254
1,708,254
1,709,254
1,710,254
1,711,254
1,712,254
1,713,254
1,714,254
1,715,254
1,716,254
1,717,254
1,718,254
1,719,254
1,720,254
1,721,254
1,722,254
1,723,254
1,724,254
1,725,254
1,726,254
1,727,254
1,728,254
1,729,254
1,730,254
1,731,254
1,732,254
1,733,254
1,734,254
1,735,254
1,736,254
1,737,254
1,738,254
1,739,254
1,740,254
1,741,254
1,742,254
1,743,254
0,648,255
0,649,255
0,650,255
0,651,255
0,652,255
0,653,255
0,654,255
0,655,255
0,656,255
0,657,255
0,658,255
0,659,255
0,660,255
0,661,255
0,662,255
0,663,255
0,664,255
0,665,255
0,666,255
0,667,255
0,668,255
0,669,255
0,670,255
0,671,255
0,672,255
0,673,255
0,674,255
0,675,255
0,676,255
0,677,255
0,678,255
0,679,255
0,680,255
1,681,255
1,682,255
1,683,255
1,684,255
1,685,255
1,686,255
1,687,255
1,688,255
1,689,255
1,690,255
1,691,255
1,692,255
1,693,255
1,694,255
1,695,255
1,696,255
1,697,255
1,698,255
1,699,255
1,700,255
1,701,255
1,702,255
1,703,255
1,704,255
1,705,255
1,706,255
1,707,255
1,708,255
1,709,255
1,710,255
1,711,255
1,712,255
1,713,255
1,714,255
1,715,255
1,716,255
1,717,255
1,718,255
1,719,255
1,720,255
1,721,255
1,722,255
1,723,255
1,724,255
1,725,255
1,726,255
1,727,255
1,728,255
1,729,255
1,730,255
1,731,255
1,732,255
1,733,255
1,734,255
1,735,255
1,736,255
1,737,255
1,738,255
1,739,255
1,740,255
1,741,255
1,742,255
1,743,255
0,648,256
0,649,256
0,650,256
0,651,256
0,652,256
0,653,256
0,654,256
0,655,256
0,656,256
0,657,256
0,658,256
0,659,256
0,660,256
0,661,256
0,662,256
0,663,256
0,664,256
0,665,256
0,666,256
0,667,256
0,668,256
0,669,256
0,670,256
0,671,256
0,672,256
0,673,256
0,674,256
0,675,256
0,676,256
0,677,256
0,678,256
0,679,256
0,680,256
0,681,256
0,682,256
0,683,256
0,684,256
0,685,256
0,686,256
1,687,256
1,688,256
1,689,256
1,690,256
1,691,256
1,692,256
1,693,256
1,694,256
1,695,256
1,696,256
1,697,256
1,698,256
1,699,256
1,700,256
1,701,256
1,702,256
1,703,256
1,704,256
1,705,256
1,706,256
1,707,256
1,708,256
1,709,256
1,710,256
1,711,256
1,712,256
1,713,256
1,714,256
1,715,256
1,716,256
1,717,256
1,718,256
1,719,256
1,720,256
1,721,256
1,722,256
1,723,256
1,724,256
1,725,256
1,726,256
1,727,256
1,728,256
1,729,256
1,730,256
1,731,256
1,732,256
1,733,256
1,734,256
1,735,256
1,736,256
1,737,256
1,738,256
1,739,256
1,740,256
1,741,256
1,742,256
1,743,256
0,648,257
0,649,257
0,650,257
0,651,257
0,652,257
0,653,257
0,654,257
0,655,257
0,656,257
0,657,257
0,658,257
0,659,257
0,660,257
0,661,257
0,662,257
0,663,257
0,664,257
0,665,257
0,666,257
0,667,257
0,668,257
0,669,257
0,670,257
0,671,257
0,672,257
0,673,257
0,674,257
0,675,257
0,676,257
0,677,257
0,678,257
0,679,257
0,680,257
0,681,257
0,682,257
0,683,257
0,684,257
0,685,257
0,686,257
0,687,257
0,688,257
0,689,257
0,690,257
1,691,257
1,692,257
1,693,257
1,694,257
1,695,257
1,696,257
1,697,257
1,698,257
1,699,257
1,700,257
1,701,257
1,702,257
1,703,257
1,704,257
1,705,257
1,706,257
1,707,257
1,708,257
1,709,257
1,710,257
1,711,257
1,712,257
1,713,257
1,714,257
1,715,257
1,716,257
1,717,257
1,718,257
1,719,257
1,720,257
1,721,257
1,722,257
1,723,257
1,724,257
1,725,257
1,726,257
1,727,257
1,728,257
1,729,257
1,730,257
1,731,257
1,732,257
1,733,257
1,734,257
1,735,257
1,736,257
1,737,257
1,738,257
1,739,257
1,740,257
1,741,257
1,742,257
1,743,257
0,648,258
0,649,258
0,650,258
0,651,258
0,652,258
0,653,258
0,654,258
0,655,258
0,656,258
0,657,258
0,658,258
0,659,258
0,660,258
0,661,258
0,662,258
0,663,258
0,664,258
0,665,258
0,666,258
0,667,258
0,668,258
0,669,258
0,670,258
0,671,258
0,672,258
0,673,258
0,674,258
0,675,258
0,676,258
0,677,258
1,678,258
1,679,258
1,680,258
1,681,258
1,682,258
1,683,258
1,684,258
1,685,258
1,686,258
1,687,258
1,688,258
1,689,258
1,690,258
1,691,258
1,692,258
1,693,258
1,694,258
1,695,258
1,696,258
1,697,258
1,698,258
1,699,258
1,700,258
1,701,258
1,702,258
1,703,258
1,704,258
1,705,258
1,706,258
1,707,258
1,708,258
1,709,258
1,710,258
1,711,258
1,712,258
1,713,258
1,714,258
1,715,258
1,716,258
1,717,258
1,718,258
1,719,258
1,720,258
1,721,258
1,722,258
1,723,258
1,724,258
1,725,258
1,726,258
1,727,258
1,728,258
1,729,258
1,730,258
1,731,258
1,732,258
1,733,258
1,734,258
1,735,258
1,736,258
1,737,258
1,738,258
1,739,258
1,740,258
1,741,258
1,742,258
1,743,258
0,648,259
0,649,259
0,650,259
0,651,259
0,652,259
0,653,259
0,654,259
0,655,259
0,656,259
0,657,259
1,658,259
1,659,259
1,660,259
1,661,259
1,662,259
1,663,259
1,664,259
1,665,259
1,666,259
1,667,259
1,668,259
1,669,259
1,670,259
1,671,259
1,672,259
1,673,259
1,674,259
1,675,259
1,676,259
1,677,259
1,678,259
1,679,259
1,680,259
1,681,259
1,682,259
1,683,259
1,684,259
1,685,259
1,686,259
1,687,259
1,688,259
1,689,259
1,690,259
1,691,259
1,692,259
1,693,259
1,694,259
1,695,259
1,696,259
1,697,259
1,698,259
1,699,259
1,700,259
1,701,259
1,702,259
1,703,259
1,704,259
1,705,259
1,706,259
1,707,259
1,708,259
1,709,259
1,710,259
1,711,259
1,712,259
1,713,259
1,714,259
1,715,259
1,716,259
1,717,259
1,718,259
1,719,259
1,720,259
1,721,259
1,722,259
1,723,259
1,724,259
1,725,259
1,726,259
1,727,259
1,728,259
1,729,259
1,730,259
1,731,259
1,732,259
1,733,259
1,734,259
1,735,259
1,736,259
1,737,259
1,738,259
1,739,259
1,740,259
1,741,259
1,742,259
1,743,259
0,648,260
0,649,260
0,650,260
0,651,260
0,652,260
0,653,260
0,654,260
0,655,260
0,656,260
0,657,260
0,658,260
0,659,260
0,660,260
0,661,260
0,662,260
0,663,260
0,664,260
0,665,260
0,666,260
0,667,260
0,668,260
0,669,260
0,670,260
0,671,260
0,672,260
0,673,260
0,674,260
0,675,260
0,676,260
0,677,260
0,678,260
0,679,260
0,680,260
0,681,260
0,682,260
0,683,260
0,684,260
0,685,260
0,686,260
0,687,260
0,688,260
0,689,260
0,690,260
0,691,260
0,692,260
0,693,260
0,694,260
0,695,260
0,696,260
0,697,260
0,698,260
0,699,260
0,700,260
0,701,260
0,702,260
0,703,260
0,704,260
0,705,260
0,706,260
0,707,260
0,708,260
0,709,260
0,710,260
0,711,260
0,712,260
0,713,260
0,714,260
0,715,260
0,716,260
0,717,260
0,718,260
0,719,260
0,720,260
0,721,260
0,722,260
0,723,260
0,724,260
0,725,260
1,726,260
1,727,260
1,728,260
1,729,260
1,730,260
1,731,260
1,732,260
1,733,260
1,734,260
1,735,260
1,736,260
1,737,260
1,738,260
1,739,260
1,740,260
1,741,260
1,742,260
1,743,260
0,648,261
0,649,261
0,650,261
0,651,261
0,652,261
0,653,261
0,654,261
0,655,261
0,656,261
0,657,261
0,658,261
0,659,261
0,660,261
0,661,261
0,662,261
0,663,261
0,664,261
0,665,261
0,666,261
0,667,261
0,668,261
0,669,261
0,670,261
0,671,261
0,672,261
0,673,261
0,674,261
0,675,261
0,676,261
0,677,261
0,678,261
0,679,261
0,680,261
0,681,261
0,682,261
0,683,261
0,684,261
0,685,261
0,686,261
0,687,261
0,688,261
0,689,261
0,690,261
1,691,261
1,692,261
1,693,261
1,694,261
1,695,261
1,696,261
1,697,261
1,698,261
1,699,261
1,700,261
1,701,261
1,702,261
1,703,261
1,704,261
1,705,261
1,706,261
1,707,261
1,708,261
1,709,261
1,710,261
1,711,261
1,712,261
1,713,261
1,714,261
1,715,261
1,716,261
1,717,261
1,718,261
1,719,261
1,720,261
1,721,261
1,722,261
1,723,261
1,724,261
1,725,261
1,726,261
1,727,261
1,728,261
1,729,261
1,730,261
1,731,261
1,732,261
1,733,261
1,734,261
1,735,261
1,736,261
1,737,261
1,738,261
1,739,261
1,740,261
1,741,261
1,742,261
1,743,261
0,648,262
0,649,262
1,650,262
1,651,262
1,652,262
1,653,262
1,654,262
1,655,262
1,656,262
1,657,262
1,658,262
1,659,262
1,660,262
1,661,262
1,662,262
1,663,262
1,664,262
1,665,262
1,666,262
1,667,262
1,668,262
1,669,262
1,670,262
1,671,262
1,672,262
1,673,262
1,674,262
1,675,262
1,676,262
1,677,262
1,678,262
1,679,262
1,680,262
1,681,262
1,682,262
1,683,262
1,684,262
1,685,262
1,686,262
1,687,262
1,688,262
1,689,262
1,690,262
1,691,262
1,692,262
1,693,262
1,694,262
1,695,262
1,696,262
1,697,262
1,698,262
1,699,262
1,700,262
1,701,262
1,702,262
1,703,262
1,704,262
1,705,262
1,706,262
1,707,262
1,708,262
1,709,262
1,710,262
1,711,262
1,712,262
1,713,262
1,714,262
1,715,262
1,716,262
1,717,262
1,718,262
1,719,262
1,720,262
1,721,262
1,722,262
1,723,262
1,724,262
1,725,262
1,726,262
1,727,262
1,728,262
1,729,262
1,730,262
1,731,262
1,732,262
1,733,262
1,734,262
1,735,262
1,736,262
1,737,262
1,738,262
1,739,262
1,740,262
1,741,262
1,742,262
1,743,262
0,648,263
0,649,263
0,650,263
0,651,263
0,652,263
0,653,263
0,654,263
0,655,263
0,656,263
0,657,263
0,658,263
0,659,263
0,660,263
0,661,263
0,662,263
0,663,263
0,664,263
0,665,263
0,666,263
0,667,263
0,668,263
0,669,263
0,670,263
0,671,263
0,672,263
0,673,263
0,674,263
0,675,263
0,676,263
0,677,263
0,678,263
0,679,263
0,680,263
0,681,263
0,682,263
0,683,263
0,684,263
0,685,263
1,686,263
1,687,263
1,688,263
1,689,263
1,690,263
1,691,263
1,692,263
1,693,263
1,694,263
1,695,263
1,696,263
1,697,263
1,698,263
1,699,263
1,700,263
1,701,263
1,702,263
1,703,263
1,704,263
1,705,263
1,706,263
1,707,263
1,708,263
1,709,263
1,710,263
1,711,263
1,712,263
1,713,263
1,714,263
1,715,263
1,716,263
1,717,263
1,718,263
1,719,263
1,720,263
1,721,263
1,722,263
1,723,263
1,724,263
1,725,263
1,726,263
1,727,263
1,728,263
1,729,263
1,730,263
1,731,263
1,732,263
1,733,263
1,734,263
1,735,263
1,736,263
1,737,263
1,738,263
1,739,263
1,740,263
1,741,263
1,742,263
1,743,263
0,648,264
0,649,264
0,650,264
0,651,264
0,652,264
0,653,264
0,654,264
0,655,264
0,656,264
0,657,264
0,658,264
0,659,264
0,660,264
0,661,264
0,662,264
0,663,264
0,664,264
0,665,264
0,666,264
0,667,264
0,668,264
0,669,264
0,670,264
0,671,264
0,672,264
0,673,264
0,674,264
0,675,264
0,676,264
0,677,264
0,678,264
0,679,264
0,680,264
0,681,264
0,682,264
0,683,264
0,684,264
0,685,264
0,686,264
0,687,264
0,688,264
0,689,264
0,690,264
0,691,264
0,692,264
0,693,264
0,694,264
0,695,264
0,696,264
0,697,264
0,698,264
0,699,264
0,700,264
0,701,264
0,702,264
0,703,264
0,704,264
1,705,264
1,706,264
1,707,264
1,708,264
1,709,264
1,710,264
1,711,264
1,712,264
1,713,264
1,714,264
1,715,264
1,716,264
1,717,264
1,718,264
1,719,264
1,720,264
1,721,264
1,722,264
1,723,264
1,724,264
1,725,264
1,726,264
1,727,264
1,728,264
1,729,264
1,730,264
1,731,264
1,732,264
1,733,264
1,734,264
1,735,264
1,736,264
1,737,264
1,738,264
1,739,264
1,740,264
1,741,264
1,742,264
1,743,264
1,648,265
1,649,265
1,650,265
1,651,265
1,652,265
1,653,265
1,654,265
1,655,265
1,656,265
1,657,265
1,658,265
1,659,265
1,660,265
1,661,265
1,662,265
1,663,265
1,664,265
1,665,265
1,666,265
1,667,265
1,668,265
1,669,265
1,670,265
1,671,265
1,672,265
1,673,265
1,674,265
1,675,265
1,676,265
1,677,265
1,678,265
1,679,265
1,680,265
1,681,265
1,682,265
1,683,265
1,684,265
1,685,265
1,686,265
1,687,265
1,688,265
1,689,265
1,690,265
1,691,265
1,692,265
1,693,265
1,694,265
1,695,265
1,696,265
1,697,265
1,698,265
1,699,265
1,700,265
1,701,265
1,702,265
1,703,265
1,704,265
1,705,265
1,706,265
1,707,265
1,708,265
1,709,265
1,710,265
1,711,265
1,712,265
1,713,265
1,714,265
1,715,265
1,716,265
1,717,265
1,718,265
1,719,265
1,720,265
1,721,265
1,722,265
1,723,265
1,724,265
1,725,265
1,726,265
1,727,265
1,728,265
1,729,265
1,730,265
1,731,265
1,732,265
1,733,265
1,734,265
1,735,265
1,736,265
1,737,265
1,738,265
1,739,265
1,740,265
1,741,265
1,742,265
1,743,265
0,648,266
0,649,266
0,650,266
0,651,266
0,652,266
0,653,266
0,654,266
0,655,266
0,656,266
0,657,266
0,658,266
0,659,266
0,660,266
0,661,266
0,662,266
0,663,266
0,664,266
0,665,266
0,666,266
0,667,266
0,668,266
0,669,266
0,670,266
0,671,266
0,672,266
0,673,266
0,674,266
0,675,266
0,676,266
0,677,266
0,678,266
0,679,266
0,680,266
0,681,266
0,682,266
0,683,266
0,684,266
0,685,266
0,686,266
0,687,266
0,688,266
0,689,266
0,690,266
0,691,266
0,692,266
0,693,266
0,694,266
0,695,266
0,696,266
0,697,266
0,698,266
0,699,266
0,700,266
0,701,266
0,702,266
0,703,266
0,704,266
0,705,266
0,706,266
0,707,266
0,708,266
0,709,266
1,710,266
1,711,266
1,712,266
1,713,266
1,714,266
1,715,266
1,716,266
1,717,266
1,718,266
1,719,266
1,720,266
1,721,266
1,722,266
1,723,266
1,724,266
1,725,266
1,726,266
1,727,266
1,728,266
1,729,266
1,730,266
1,731,266
1,732,266
1,733,266
1,734,266
1,735,266
1,736,266
1,737,266
1,738,266
1,739,266
1,740,266
1,741,266
1,742,266
1,743,266
0,648,267
0,649,267
0,650,267
0,651,267
0,652,267
0,653,267
0,654,267
0,655,267
0,656,267
0,657,267
0,658,267
0,659,267
0,660,267
0,661,267
0,662,267
0,663,267
0,664,267
0,665,267
0,666,267
0,667,267
0,668,267
0,669,267
0,670,267
0,671,267
0,672,267
0,673,267
0,674,267
0,675,267
0,676,267
0,677,267
0,678,267
0,679,267
0,680,267
0,681,267
0,682,267
0,683,267
0,684,267
0,685,267
0,686,267
0,687,267
0,688,267
0,689,267
0,690,267
0,691,267
0,692,267
0,693,267
0,694,267
0,695,267
0,696,267
0,697,267
0,698,267
0,699,267
0,700,267
0,701,267
0,702,267
0,703,267
0,704,267
1,705,267
1,706,267
1,707,267
1,708,267
1,709,267
1,710,267
1,711,267
1,712,267
1,713,267
1,714,267
1,715,267
1,716,267
1,717,267
1,718,267
1,719,267
1,720,267
1,721,267
1,722,267
1,723,267
1,724,267
1,725,267
1,726,267
1,727,267
1,728,267
1,729,267
1,730,267
1,731,267
1,732,267
1,733,267
1,734,267
1,735,267
1,736,267
1,737,267
1,738,267
1,739,267
1,740,267
1,741,267
1,742,267
1,743,267
0,648,268
0,649,268
0,650,268
0,651,268
0,652,268
0,653,268
1,654,268
1,655,268
1,656,268
1,657,268
1,658,268
1,659,268
1,660,268
1,661,268
1,662,268
1,663,268
1,664,268
1,665,268
1,666,268
1,667,268
1,668,268
1,669,268
1,670,268
1,671,268
1,672,268
1,673,268
1,674,268
1,675,268
1,676,268
1,677,268
1,678,268
1,679,268
1,680,268
1,681,268
1,682,268
1,683,268
1,684,268
1,685,268
1,686,268
1,687,268
1,688,268
1,689,268
1,690,268
1,691,268
1,692,268
1,693,268
1,694,268
1,695,268
1,696,268
1,697,268
1,698,268
1,699,268
1,700,268
1,701,268
1,702,268
1,703,268
1,704,268
1,705,268
1,706,268
1,707,268
1,708,268
1,709,268
1,710,268
1,711,268
1,712,268
1,713,268
1,714,268
1,715,268
1,716,268
1,717,268
1,718,268
1,719,268
1,720,268
1,721,268
1,722,268
1,723,268
1,724,268
1,725,268
1,726,268
1,727,268
1,728,268
1,729,268
1,730,268
1,731,268
1,732,268
1,733,268
1,734,268
1,735,268
1,736,268
1,737,268
1,738,268
1,739,268
1,740,268
1,741,268
1,742,268
1,743,268
0,648,269
0,649,269
0,650,269
0,651,269
0,652,269
0,653,269
0,654,269
0,655,269
0,656,269
0,657,269
0,658,269
0,659,269
0,660,269
0,661,269
0,662,269
0,663,269
0,664,269
0,665,269
0,666,269
0,667,269
0,668,269
0,669,269
0,670,269
0,671,269
0,672,269
0,673,269
0,674,269
0,675,269
0,676,269
0,677,269
0,678,269
0,679,269
0,680,269
0,681,269
0,682,269
0,683,269
0,684,269
0,685,269
0,686,269
0,687,269
0,688,269
0,689,269
0,690,269
0,691,269
0,692,269
0,693,269
0,694,269
0,695,269
0,696,269
0,697,269
0,698,269
0,699,269
1,700,269
1,701,269
1,702,269
1,703,269
1,704,269
1,705,269
1,706,269
1,707,269
1,708,269
1,709,269
1,710,269
1,711,269
1,712,269
1,713,269
1,714,269
1,715,269
1,716,269
1,717,269
1,718,269
1,719,269
1,720,269
1,721,269
1,722,269
1,723,269
1,724,269
1,725,269
1,726,269
1,727,269
1,728,269
1,729,269
1,730,269
1,731,269
1,732,269
1,733,269
1,734,269
1,735,269
1,736,269
1,737,269
1,738,269
1,739,269
1,740,269
1,741,269
1,742,269
1,743,269
0,648,270
0,649,270
0,650,270
0,651,270
0,652,270
0,653,270
0,654,270
0,655,270
0,656,270
0,657,270
0,658,270
0,659,270
0,660,270
0,661,270
0,662,270
0,663,270
0,664,270
0,665,270
0,666,270
0,667,270
0,668,270
0,669,270
0,670,270
0,671,270
0,672,270
0,673,270
0,674,270
0,675,270
0,676,270
0,677,270
0,678,270
0,679,270
0,680,270
0,681,270
0,682,270
0,683,270
0,684,270
0,685,270
0,686,270
0,687,270
0,688,270
0,689,270
0,690,270
0,691,270
0,692,270
0,693,270
0,694,270
0,695,270
0,696,270
0,697,270
0,698,270
0,699,270
0,700,270
0,701,270
0,702,270
0,703,270
0,704,270
0,705,270
0,706,270
0,707,270
0,708,270
0,709,270
0,710,270
0,711,270
0,712,270
0,713,270
0,714,270
0,715,270
0,716,270
0,717,270
0,718,270
0,719,270
0,720,270
0,721,270
0,722,270
0,723,270
0,724,270
0,725,270
0,726,270
0,727,270
0,728,270
0,729,270
0,730,270
0,731,270
0,732,270
0,733,270
0,734,270
0,735,270
0,736,270
0,737,270
0,738,270
0,739,270
0,740,270
0,741,270
0,742,270
0,743,270
0,648,271
0,649,271
0,650,271
0,651,271
0,652,271
0,653,271
0,654,271
0,655,271
0,656,271
0,657,271
0,658,271
0,659,271
0,660,271
0,661,271
0,662,271
0,663,271
0,664,271
0,665,271
0,666,271
0,667,271
0,668,271
0,669,271
0,670,271
0,671,271
0,672,271
0,673,271
0,674,271
0,675,271
0,676,271
0,677,271
0,678,271
0,679,271
0,680,271
0,681,271
0,682,271
0,683,271
0,684,271
0,685,271
0,686,271
0,687,271
0,688,271
0,689,271
0,690,271
0,691,271
0,692,271
0,693,271
0,694,271
0,695,271
0,696,271
0,697,271
0,698,271
0,699,271
0,700,271
0,701,271
0,702,271
0,703,271
0,704,271
0,705,271
0,706,271
0,707,271
0,708,271
0,709,271
0,710,271
0,711,271
0,712,271
0,713,271
0,714,271
0,715,271
0,716,271
0,717,271
0,718,271
0,719,271
0,720,271
0,721,271
0,722,271
0,723,271
0,724,271
0,725,271
0,726,271
1,727,271
1,728,271
1,729,271
1,730,271
1,731,271
1,732,271
1,733,271
1,734,271
1,735,271
1,736,271
1,737,271
1,738,271
1,739,271
1,740,271
1,741,271
1,742,271
1,743,271
0,648,272
0,649,272
0,650,272
0,651,272
0,652,272
0,653,272
0,654,272
0,655,272
0,656,272
0,657,272
0,658,272
0,659,272
0,660,272
0,661,272
0,662,272
0,663,272
0,664,272
0,665,272
0,666,272
0,667,272
0,668,272
0,669,272
0,670,272
0,671,272
0,672,272
0,673,272
0,674,272
0,675,272
0,676,272
0,677,272
0,678,272
0,679,272
0,680,272
0,681,272
0,682,272
0,683,272
0,684,272
0,685,272
0,686,272
0,687,272
0,688,272
0,689,272
0,690,272
0,691,272
0,692,272
0,693,272
0,694,272
1,695,272
1,696,272
1,697,272
1,698,272
1,699,272
1,700,272
1,701,272
1,702,272
1,703,272
1,704,272
1,705,272
1,706,272
1,707,272
1,708,272
1,709,272
1,710,272
1,711,272
1,712,272
1,713,272
1,714,272
1,715,272
1,716,272
1,717,272
1,718,272
1,719,272
1,720,272
1,721,272
1,722,272
1,723,272
1,724,272
1,725,272
1,726,272
1,727,272
1,728,272
1,729,272
1,730,272
1,731,272
1,732,272
1,733,272
1,734,272
1,735,272
1,736,272
1,737,272
1,738,272
1,739,272
1,740,272
1,741,272
1,742,272
1,743,272
0,648,273
0,649,273
0,650,273
0,651,273
0,652,273
0,653,273
0,654,273
0,655,273
0,656,273
0,657,273
0,658,273
0,659,273
0,660,273
0,661,273
0,662,273
0,663,273
0,664,273
0,665,273
0,666,273
0,667,273
0,668,273
0,669,273
0,670,273
0,671,273
0,672,273
1,673,273
1,674,273
1,675,273
1,676,273
1,677,273
1,678,273
1,679,273
1,680,273
1,681,273
1,682,273
1,683,273
1,684,273
1,685,273
1,686,273
1,687,273
1,688,273
1,689,273
1,690,273
1,691,273
1,692,273
1,693,273
1,694,273
1,695,273
1,696,273
1,697,273
1,698,273
1,699,273
1,700,273
1,701,273
1,702,273
1,703,273
1,704,273
1,705,273
1,706,273
1,707,273
1,708,273
1,709,273
1,710,273
1,711,273
1,712,273
1,713,273
1,714,273
1,715,273
1,716,273
1,717,273
1,718,273
1,719,273
1,720,273
1,721,273
1,722,273
1,723,273
1,724,273
1,725,273
1,726,273
1,727,273
1,728,273
1,729,273
1,730,273
1,731,273
1,732,273
1,733,273
1,734,273
1,735,273
1,736,273
1,737,273
1,738,273
1,739,273
1,740,273
1,741,273
1,742,273
1,743,273
0,648,274
0,649,274
0,650,274
0,651,274
0,652,274
0,653,274
0,654,274
0,655,274
0,656,274
0,657,274
0,658,274
0,659,274
0,660,274
0,661,274
0,662,274
0,663,274
0,664,274
0,665,274
0,666,274
0,667,274
0,668,274
0,669,274
0,670,274
0,671,274
0,672,274
0,673,274
0,674,274
0,675,274
0,676,274
0,677,274
0,678,274
0,679,274
1,680,274
1,681,274
1,682,274
1,683,274
1,684,274
1,685,274
1,686,274
1,687,274
1,688,274
1,689,274
1,690,274
1,691,274
1,692,274
1,693,274
1,694,274
1,695,274
1,696,274
1,697,274
1,698,274
1,699,274
1,700,274
1,701,274
1,702,274
1,703,274
1,704,274
1,705,274
1,706,274
1,707,274
1,708,274
1,709,274
1,710,274
1,711,274
1,712,274
1,713,274
1,714,274
1,715,274
1,716,274
1,717,274
1,718,274
1,719,274
1,720,274
1,721,274
1,722,274
1,723,274
1,724,274
1,725,274
1,726,274
1,727,274
1,728,274
1,729,274
1,730,274
1,731,274
1,732,274
1,733,274
1,734,274
1,735,274
1,736,274
1,737,274
1,738,274
1,739,274
1,740,274
1,741,274
1,742,274
1,743,274
0,648,275
0,649,275
0,650,275
0,651,275
0,652,275
0,653,275
0,654,275
0,655,275
0,656,275
0,657,275
0,658,275
0,659,275
0,660,275
0,661,275
0,662,275
0,663,275
0,664,275
0,665,275
0,666,275
0,667,275
0,668,275
0,669,275
0,670,275
0,671,275
0,672,275
0,673,275
0,674,275
0,675,275
0,676,275
0,677,275
0,678,275
0,679,275
0,680,275
0,681,275
0,682,275
0,683,275
0,684,275
0,685,275
0,686,275
0,687,275
0,688,275
0,689,275
0,690,275
0,691,275
0,692,275
0,693,275
0,694,275
0,695,275
0,696,275
0,697,275
0,698,275
0,699,275
0,700,275
0,701,275
0,702,275
0,703,275
0,704,275
0,705,275
0,706,275
0,707,275
0,708,275
0,709,275
0,710,275
0,711,275
0,712,275
0,713,275
0,714,275
0,715,275
0,716,275
0,717,275
0,718,275
0,719,275
0,720,275
0,721,275
0,722,275
0,723,275
0,724,275
0,725,275
0,726,275
0,727,275
0,728,275
0,729,275
0,730,275
0,731,275
0,732,275
0,733,275
0,734,275
0,735,275
0,736,275
0,737,275
0,738,275
0,739,275
0,740,275
0,741,275
0,742,275
0,743,275
0,648,276
0,649,276
0,650,276
0,651,276
0,652,276
0,653,276
0,654,276
0,655,276
0,656,276
0,657,276
0,658,276
0,659,276
0,660,276
0,661,276
0,662,276
0,663,276
0,664,276
0,665,276
0,666,276
0,667,276
0,668,276
0,669,276
0,670,276
0,671,276
0,672,276
0,673,276
0,674,276
0,675,276
0,676,276
0,677,276
0,678,276
0,679,276
0,680,276
0,681,276
0,682,276
0,683,276
0,684,276
0,685,276
0,686,276
0,687,276
0,688,276
0,689,276
0,690,276
0,691,276
0,692,276
0,693,276
0,694,276
0,695,276
0,696,276
0,697,276
0,698,276
0,699,276
0,700,276
0,701,276
0,702,276
0,703,276
0,704,276
0,705,276
0,706,276
0,707,276
0,708,276
0,709,276
0,710,276
0,711,276
0,712,276
0,713,276
0,714,276
0,715,276
0,716,276
0,717,276
0,718,276
0,719,276
0,720,276
0,721,276
0,722,276
0,723,276
0,724,276
0,725,276
0,726,276
0,727,276
0,728,276
0,729,276
0,730,276
0,731,276
0,732,276
0,733,276
0,734,276
0,735,276
1,736,276
1,737,276
1,738,276
1,739,276
1,740,276
1,741,276
1,742,276
1,743,276
0,648,277
0,649,277
0,650,277
0,651,277
0,652,277
0,653,277
0,654,277
0,655,277
0,656,277
0,657,277
0,658,277
0,659,277
0,660,277
0,661,277
0,662,277
0,663,277
0,664,277
0,665,277
0,666,277
0,667,277
0,668,277
0,669,277
0,670,277
0,671,277
0,672,277
0,673,277
0,674,277
0,675,277
0,676,277
0,677,277
0,678,277
0,679,277
0,680,277
0,681,277
0,682,277
0,683,277
0,684,277
0,685,277
0,686,277
0,687,277
0,688,277
0,689,277
0,690,277
0,691,277
0,692,277
0,693,277
0,694,277
0,695,277
0,696,277
0,697,277
0,698,277
0,699,277
0,700,277
0,701,277
0,702,277
0,703,277
1,704,277
1,705,277
1,706,277
1,707,277
1,708,277
1,709,277
1,710,277
1,711,277
1,712,277
1,713,277
1,714,277
1,715,277
1,716,277
1,717,277
1,718,277
1,719,277
1,720,277
1,721,277
1,722,277
1,723,277
1,724,277
1,725,277
1,726,277
1,727,277
1,728,277
1,729,277
1,730,277
1,731,277
1,732,277
1,733,277
1,734,277
1,735,277
1,736,277
1,737,277
1,738,277
1,739,277
1,740,277
1,741,277
1,742,277
1,743,277
0,648,278
0,649,278
0,650,278
0,651,278
0,652,278
0,653,278
0,654,278
0,655,278
0,656,278
0,657,278
0,658,278
0,659,278
0,660,278
0,661,278
0,662,278
0,663,278
0,664,278
0,665,278
0,666,278
0,667,278
0,668,278
0,669,278
0,670,278
0,671,278
0,672,278
0,673,278
0,674,278
0,675,278
0,676,278
0,677,278
0,678,278
0,679,278
0,680,278
0,681,278
0,682,278
0,683,278
0,684,278
0,685,278
0,686,278
0,687,278
0,688,278
0,689,278
0,690,278
0,691,278
0,692,278
0,693,278
0,694,278
0,695,278
0,696,278
0,697,278
0,698,278
0,699,278
0,700,278
0,701,278
1,702,278
1,703,278
1,704,278
1,705,278
1,706,278
1,707,278
1,708,278
1,709,278
1,710,278
1,711,278
1,712,278
1,713,278
1,714,278
1,715,278
1,716,278
1,717,278
1,718,278
1,719,278
1,720,278
1,721,278
1,722,278
1,723,278
1,724,278
1,725,278
1,726,278
1,727,278
1,728,278
1,729,278
1,730,278
1,731,278
1,732,278
1,733,278
1,734,278
1,735,278
1,736,278
1,737,278
1,738,278
1,739,278
1,740,278
1,741,278
1,742,278
1,743,278
1,648,279
1,649,279
1,650,279
1,651,279
1,652,279
1,653,279
1,654,279
1,655,279
1,656,279
1,657,279
1,658,279
1,659,279
1,660,279
1,661,279
1,662,279
1,663,279
1,664,279
1,665,279
1,666,279
1,667,279
1,668,279
1,669,279
1,670,279
1,671,279
1,672,279
1,673,279
1,674,279
1,675,279
1,676,279
1,677,279
1,678,279
1,679,279
1,680,279
1,681,279
1,682,279
1,683,279
1,684,279
1,685,279
1,686,279
1,687,279
1,688,279
1,689,279
1,690,279
1,691,279
1,692,279
1,693,279
1,694,279
1,695,279
1,696,279
1,697,279
1,698,279
1,699,279
1,700,279
1,701,279
1,702,279
1,703,279
1,704,279
1,705,279
1,706,279
1,707,279
1,708,279
1,709,279
1,710,279
1,711,279
1,712,279
1,713,279
1,714,279
1,715,279
1,716,279
1,717,279
1,718,279
1,719,279
1,720,279
1,721,279
1,722,279
1,723,279
1,724,279
1,725,279
1,726,279
1,727,279
1,728,279
1,729,279
1,730,279
1,731,279
1,732,279
1,733,279
1,734,279
1,735,279
1,736,279
1,737,279
1,738,279
1,739,279
1,740,279
1,741,279
1,742,279
1,743,279
0,648,280
0,649,280
0,650,280
0,651,280
0,652,280
0,653,280
0,654,280
0,655,280
0,656,280
0,657,280
0,658,280
0,659,280
0,660,280
0,661,280
0,662,280
0,663,280
0,664,280
0,665,280
0,666,280
0,667,280
1,668,280
1,669,280
1,670,280
1,671,280
1,672,280
1,673,280
1,674,280
1,675,280
1,676,280
1,677,280
1,678,280
1,679,280
1,680,280
1,681,280
1,682,280
1,683,280
1,684,280
1,685,280
1,686,280
1,687,280
1,688,280
1,689,280
1,690,280
1,691,280
1,692,280
1,693,280
1,694,280
1,695,280
1,696,280
1,697,280
1,698,280
1,699,280
1,700,280
1,701,280
1,702,280
1,703,280
1,704,280
1,705,280
1,706,280
1,707,280
1,708,280
1,709,280
1,710,280
1,711,280
1,712,280
1,713,280
1,714,280
1,715,280
1,716,280
1,717,280
1,718,280
1,719,280
1,720,280
1,721,280
1,722,280
1,723,280
1,724,280
1,725,280
1,726,280
1,727,280
1,728,280
1,729,280
1,730,280
1,731,280
1,732,280
1,733,280
1,734,280
1,735,280
1,736,280
1,737,280
1,738,280
1,739,280
1,740,280
1,741,280
1,742,280
1,743,280
0,648,281
0,649,281
0,650,281
0,651,281
0,652,281
0,653,281
0,654,281
0,655,281
0,656,281
0,657,281
0,658,281
0,659,281
0,660,281
0,661,281
0,662,281
0,663,281
0,664,281
0,665,281
0,666,281
0,667,281
0,668,281
0,669,281
0,670,281
0,671,281
0,672,281
0,673,281
0,674,281
0,675,281
0,676,281
0,677,281
0,678,281
0,679,281
0,680,281
0,681,281
0,682,281
0,683,281
0,684,281
0,685,281
0,686,281
0,687,281
0,688,281
0,689,281
0,690,281
0,691,281
0,692,281
0,693,281
0,694,281
0,695,281
0,696,281
0,697,281
0,698,281
0,699,281
0,700,281
0,701,281
0,702,281
0,703,281
0,704,281
0,705,281
0,706,281
0,707,281
0,708,281
0,709,281
0,710,281
0,711,281
0,712,281
0,713,281
0,714,281
0,715,281
0,716,281
0,717,281
0,718,281
0,719,281
0,720,281
0,721,281
0,722,281
0,723,281
0,724,281
0,725,281
0,726,281
0,727,281
0,728,281
0,729,281
0,730,281
0,731,281
0,732,281
0,733,281
0,734,281
0,735,281
0,736,281
0,737,281
0,738,281
0,739,281
0,740,281
0,741,281
0,742,281
0,743,281
0,648,282
0,649,282
0,650,282
0,651,282
0,652,282
0,653,282
0,654,282
0,655,282
0,656,282
0,657,282
0,658,282
0,659,282
0,660,282
0,661,282
0,662,282
0,663,282
0,664,282
1,665,282
1,666,282
1,667,282
1,668,282
1,669,282
1,670,282
1,671,282
1,672,282
1,673,282
1,674,282
1,675,282
1,676,282
1,677,282
1,678,282
1,679,282
1,680,282
1,681,282
1,682,282
1,683,282
1,684,282
1,685,282
1,686,282
1,687,282
1,688,282
1,689,282
1,690,282
1,691,282
1,692,282
1,693,282
1,694,282
1,695,282
1,696,282
1,697,282
1,698,282
1,699,282
1,700,282
1,701,282
1,702,282
1,703,282
1,704,282
1,705,282
1,706,282
1,707,282
1,708,282
1,709,282
1,710,282
1,711,282
1,712,282
1,713,282
1,714,282
1,715,282
1,716,282
1,717,282
1,718,282
1,719,282
1,720,282
1,721,282
1,722,282
1,723,282
1,724,282
1,725,282
1,726,282
1,727,282
1,728,282
1,729,282
1,730,282
1,731,282
1,732,282
1,733,282
1,734,282
1,735,282
1,736,282
1,737,282
1,738,282
1,739,282
1,740,282
1,741,282
1,742,282
1,743,282
0,648,283
0,649,283
0,650,283
0,651,283
0,652,283
0,653,283
0,654,283
0,655,283
0,656,283
0,657,283
0,658,283
0,659,283
0,660,283
0,661,283
0,662,283
0,663,283
0,664,283
0,665,283
0,666,283
0,667,283
0,668,283
0,669,283
0,670,283
0,671,283
0,672,283
0,673,283
0,674,283
0,675,283
0,676,283
0,677,283
0,678,283
0,679,283
0,680,283
0,681,283
0,682,283
0,683,283
0,684,283
0,685,283
0,686,283
0,687,283
0,688,283
0,689,283
0,690,283
0,691,283
0,692,283
0,693,283
0,694,283
0,695,283
0,696,283
0,697,283
0,698,283
0,699,283
0,700,283
0,701,283
1,702,283
1,703,283
1,704,283
1,705,283
1,706,283
1,707,283
1,708,283
1,709,283
1,710,283
1,711,283
1,712,283
1,713,283
1,714,283
1,715,283
1,716,283
1,717,283
1,718,283
1,719,283
1,720,283
1,721,283
1,722,283
1,723,283
1,724,283
1,725,283
1,726,283
1,727,283
1,728,283
1,729,283
1,730,283
1,731,283
1,732,283
1,733,283
1,734,283
1,735,283
1,736,283
1,737,283
1,738,283
1,739,283
1,740,283
1,741,283
1,742,283
1,743,283
1,648,284
1,649,284
1,650,284
1,651,284
1,652,284
1,653,284
1,654,284
1,655,284
1,656,284
1,657,284
1,658,284
1,659,284
1,660,284
1,661,284
1,662,284
1,663,284
1,664,284
1,665,284
1,666,284
1,667,284
1,668,284
1,669,284
1,670,284
1,671,284
1,672,284
1,673,284
1,674,284
1,675,284
1,676,284
1,677,284
1,678,284
1,679,284
1,680,284
1,681,284
1,682,284
1,683,284
1,684,284
1,685,284
1,686,284
1,687,284
1,688,284
1,689,284
1,690,284
1,691,284
1,692,284
1,693,284
1,694,284
1,695,284
1,696,284
1,697,284
1,698,284
1,699,284
1,700,284
1,701,284
1,702,284
1,703,284
1,704,284
1,705,284
1,706,284
1,707,284
1,708,284
1,709,284
1,710,284
1,711,284
1,712,284
1,713,284
1,714,284
1,715,284
1,716,284
1,717,284
1,718,284
1,719,284
1,720,284
1,721,284
1,722,284
1,723,284
1,724,284
1,725,284
1,726,284
1,727,284
1,728,284
1,729,284
1,730,284
1,731,284
1,732,284
1,733,284
1,734,284
1,735,284
1,736,284
1,737,284
1,738,284
1,739,284
1,740,284
1,741,284
1,742,284
1,743,284
0,648,285
0,649,285
0,650,285
0,651,285
0,652,285
0,653,285
0,654,285
0,655,285
0,656,285
0,657,285
0,658,285
0,659,285
0,660,285
0,661,285
0,662,285
0,663,285
0,664,285
0,665,285
0,666,285
0,667,285
0,668,285
0,669,285
0,670,285
0,671,285
0,672,285
0,673,285
0,674,285
0,675,285
0,676,285
0,677,285
0,678,285
0,679,285
0,680,285
0,681,285
0,682,285
0,683,285
0,684,285
0,685,285
0,686,285
0,687,285
0,688,285
0,689,285
0,690,285
0,691,285
0,692,285
1,693,285
1,694,285
1,695,285
1,696,285
1,697,285
1,698,285
1,699,285
1,700,285
1,701,285
1,702,285
1,703,285
1,704,285
1,705,285
1,706,285
1,707,285
1,708,285
1,709,285
1,710,285
1,711,285
1,712,285
1,713,285
1,714,285
1,715,285
1,716,285
1,717,285
1,718,285
1,719,285
1,720,285
1,721,285
1,722,285
1,723,285
1,724,285
1,725,285
1,726,285
1,727,285
1,728,285
1,729,285
1,730,285
1,731,285
1,732,285
1,733,285
1,734,285
1,735,285
1,736,285
1,737,285
1,738,285
1,739,285
1,740,285
1,741,285
1,742,285
1,743,285
0,648,286
0,649,286
0,650,286
0,651,286
0,652,286
0,653,286
0,654,286
0,655,286
0,656,286
0,657,286
0,658,286
0,659,286
0,660,286
0,661,286
0,662,286
0,663,286
0,664,286
0,665,286
0,666,286
0,667,286
0,668,286
0,669,286
0,670,286
0,671,286
0,672,286
0,673,286
0,674,286
0,675,286
0,676,286
0,677,286
0,678,286
0,679,286
0,680,286
0,681,286
0,682,286
0,683,286
0,684,286
0,685,286
0,686,286
0,687,286
0,688,286
0,689,286
0,690,286
0,691,286
1,692,286
1,693,286
1,694,286
1,695,286
1,696,286
1,697,286
1,698,286
1,699,286
1,700,286
1,701,286
1,702,286
1,703,286
1,704,286
1,705,286
1,706,286
1,707,286
1,708,286
1,709,286
1,710,286
1,711,286
1,712,286
1,713,286
1,714,286
1,715,286
1,716,286
1,717,286
1,718,286
1,719,286
1,720,286
1,721,286
1,722,286
1,723,286
1,724,286
1,725,286
1,726,286
1,727,286
1,728,286
1,729,286
1,730,286
1,731,286
1,732,286
1,733,286
1,734,286
1,735,286
1,736,286
1,737,286
1,738,286
1,739,286
1,740,286
1,741,286
1,742,286
1,743,286
0,648,287
0,649,287
0,650,287
0,651,287
0,652,287
0,653,287
0,654,287
0,655,287
0,656,287
0,657,287
0,658,287
0,659,287
0,660,287
0,661,287
0,662,287
0,663,287
0,664,287
0,665,287
0,666,287
0,667,287
0,668,287
0,669,287
0,670,287
0,671,287
0,672,287
0,673,287
0,674,287
0,675,287
0,676,287
0,677,287
0,678,287
0,679,287
0,680,287
0,681,287
0,682,287
0,683,287
0,684,287
0,685,287
0,686,287
0,687,287
0,688,287
0,689,287
0,690,287
0,691,287
0,692,287
0,693,287
0,694,287
0,695,287
0,696,287
0,697,287
0,698,287
0,699,287
0,700,287
0,701,287
0,702,287
0,703,287
0,704,287
0,705,287
0,706,287
0,707,287
0,708,287
0,709,287
0,710,287
0,711,287
0,712,287
0,713,287
0,714,287
0,715,287
1,716,287
1,717,287
1,718,287
1,719,287
1,720,287
1,721,287
1,722,287
1,723,287
1,724,287
1,725,287
1,726,287
1,727,287
1,728,287
1,729,287
1,730,287
1,731,287
1,732,287
1,733,287
1,734,287
1,735,287
1,736,287
1,737,287
1,738,287
1,739,287
1,740,287
1,741,287
1,742,287
1,743,287
0,648,288
0,649,288
0,650,288
0,651,288
0,652,288
0,653,288
0,654,288
0,655,288
0,656,288
0,657,288
0,658,288
0,659,288
0,660,288
0,661,288
0,662,288
0,663,288
0,664,288
0,665,288
0,666,288
0,667,288
0,668,288
0,669,288
0,670,288
0,671,288
0,672,288
0,673,288
0,674,288
0,675,288
0,676,288
0,677,288
0,678,288
0,679,288
0,680,288
0,681,288
0,682,288
0,683,288
0,684,288
0,685,288
0,686,288
0,687,288
0,688,288
0,689,288
0,690,288
0,691,288
0,692,288
0,693,288
0,694,288
0,695,288
0,696,288
0,697,288
0,698,288
0,699,288
0,700,288
0,701,288
0,702,288
0,703,288
0,704,288
1,705,288
1,706,288
1,707,288
1,708,288
1,709,288
1,710,288
1,711,288
1,712,288
1,713,288
1,714,288
1,715,288
1,716,288
1,717,288
1,718,288
1,719,288
1,720,288
1,721,288
1,722,288
1,723,288
1,724,288
1,725,288
1,726,288
1,727,288
1,728,288
1,729,288
1,730,288
1,731,288
1,732,288
1,733,288
1,734,288
1,735,288
1,736,288
1,737,288
1,738,288
1,739,288
1,740,288
1,741,288
1,742,288
1,743,288
1,648,289
1,649,289
1,650,289
1,651,289
1,652,289
1,653,289
1,654,289
1,655,289
1,656,289
1,657,289
1,658,289
1,659,289
1,660,289
1,661,289
1,662,289
1,663,289
1,664,289
1,665,289
1,666,289
1,667,289
1,668,289
1,669,289
1,670,289
1,671,289
1,672,289
1,673,289
1,674,289
1,675,289
1,676,289
1,677,289
1,678,289
1,679,289
1,680,289
1,681,289
1,682,289
1,683,289
1,684,289
1,685,289
1,686,289
1,687,289
1,688,289
1,689,289
1,690,289
1,691,289
1,692,289
1,693,289
1,694,289
1,695,289
1,696,289
1,697,289
1,698,289
1,699,289
1,700,289
1,701,289
1,702,289
1,703,289
1,704,289
1,705,289
1,706,289
1,707,289
1,708,289
1,709,289
1,710,289
1,711,289
1,712,289
1,713,289
1,714,289
1,715,289
1,716,289
1,717,289
1,718,289
1,719,289
1,720,289
1,721,289
1,722,289
1,723,289
1,724,289
1,725,289
1,726,289
1,727,289
1,728,289
1,729,289
1,730,289
1,731,289
1,732,289
1,733,289
1,734,289
1,735,289
1,736,289
1,737,289
1,738,289
1,739,289
1,740,289
1,741,289
1,742,289
1,743,289
0,648,290
0,649,290
0,650,290
0,651,290
0,652,290
0,653,290
0,654,290
0,655,290
1,656,290
1,657,290
1,658,290
1,659,290
1,660,290
1,661,290
1,662,290
1,663,290
1,664,290
1,665,290
1,666,290
1,667,290
1,668,290
1,669,290
1,670,290
1,671,290
1,672,290
1,673,290
1,674,290
1,675,290
1,676,290
1,677,290
1,678,290
1,679,290
1,680,290
1,681,290
1,682,290
1,683,290
1,684,290
1,685,290
1,686,290
1,687,290
1,688,290
1,689,290
1,690,290
1,691,290
1,692,290
1,693,290
1,694,290
1,695,290
1,696,290
1,697,290
1,698,290
1,699,290
1,700,290
1,701,290
1,702,290
1,703,290
1,704,290
1,705,290
1,706,290
1,707,290
1,708,290
1,709,290
1,710,290
1,711,290
1,712,290
1,713,290
1,714,290
1,715,290
1,716,290
1,717,290
1,718,290
1,719,290
1,720,290
1,721,290
1,722,290
1,723,290
1,724,290
1,725,290
1,726,290
1,727,290
1,728,290
1,729,290
1,730,290
1,731,290
1,732,290
1,733,290
1,734,290
1,735,290
1,736,290
1,737,290
1,738,290
1,739,290
1,740,290
1,741,290
1,742,290
1,743,290
0,648,291
0,649,291
0,650,291
0,651,291
0,652,291
0,653,291
0,654,291
0,655,291
0,656,291
0,657,291
0,658,291
0,659,291
0,660,291
0,661,291
0,662,291
0,663,291
0,664,291
0,665,291
0,666,291
0,667,291
0,668,291
0,669,291
0,670,291
0,671,291
0,672,291
0,673,291
0,674,291
0,675,291
0,676,291
0,677,291
0,678,291
0,679,291
0,680,291
0,681,291
0,682,291
0,683,291
0,684,291
0,685,291
0,686,291
0,687,291
0,688,291
0,689,291
0,690,291
0,691,291
0,692,291
0,693,291
0,694,291
0,695,291
0,696,291
0,697,291
0,698,291
0,699,291
0,700,291
0,701,291
0,702,291
0,703,291
0,704,291
0,705,291
0,706,291
0,707,291
0,708,291
0,709,291
0,710,291
0,711,291
0,712,291
0,713,291
0,714,291
0,715,291
0,716,291
0,717,291
0,718,291
0,719,291
0,720,291
0,721,291
0,722,291
0,723,291
0,724,291
0,725,291
0,726,291
0,727,291
0,728,291
0,729,291
0,730,291
0,731,291
0,732,291
0,733,291
0,734,291
1,735,291
1,736,291
1,737,291
1,738,291
1,739,291
1,740,291
1,741,291
1,742,291
1,743,291
0,648,292
0,649,292
0,650,292
0,651,292
0,652,292
0,653,292
0,654,292
0,655,292
0,656,292
0,657,292
0,658,292
0,659,292
0,660,292
0,661,292
0,662,292
0,663,292
0,664,292
0,665,292
0,666,292
0,667,292
0,668,292
0,669,292
0,670,292
0,671,292
0,672,292
0,673,292
0,674,292
0,675,292
0,676,292
0,677,292
0,678,292
0,679,292
0,680,292
0,681,292
0,682,292
0,683,292
0,684,292
0,685,292
0,686,292
0,687,292
0,688,292
0,689,292
0,690,292
0,691,292
0,692,292
0,693,292
0,694,292
0,695,292
0,696,292
0,697,292
0,698,292
0,699,292
0,700,292
0,701,292
0,702,292
0,703,292
1,704,292
1,705,292
1,706,292
1,707,292
1,708,292
1,709,292
1,710,292
1,711,292
1,712,292
1,713,292
1,714,292
1,715,292
1,716,292
1,717,292
1,718,292
1,719,292
1,720,292
1,721,292
1,722,292
1,723,292
1,724,292
1,725,292
1,726,292
1,727,292
1,728,292
1,729,292
1,730,292
1,731,292
1,732,292
1,733,292
1,734,292
1,735,292
1,736,292
1,737,292
1,738,292
1,739,292
1,740,292
1,741,292
1,742,292
1,743,292
0,648,293
0,649,293
0,650,293
0,651,293
0,652,293
0,653,293
0,654,293
0,655,293
0,656,293
0,657,293
0,658,293
0,659,293
0,660,293
0,661,293
0,662,293
0,663,293
0,664,293
0,665,293
0,666,293
0,667,293
0,668,293
0,669,293
0,670,293
0,671,293
0,672,293
0,673,293
0,674,293
0,675,293
0,676,293
0,677,293
0,678,293
0,679,293
0,680,293
0,681,293
0,682,293
0,683,293
0,684,293
0,685,293
0,686,293
0,687,293
0,688,293
0,689,293
0,690,293
0,691,293
0,692,293
0,693,293
0,694,293
0,695,293
0,696,293
0,697,293
0,698,293
0,699,293
0,700,293
0,701,293
0,702,293
0,703,293
0,704,293
0,705,293
0,706,293
0,707,293
0,708,293
0,709,293
0,710,293
0,711,293
0,712,293
0,713,293
0,714,293
0,715,293
0,716,293
0,717,293
0,718,293
0,719,293
0,720,293
0,721,293
0,722,293
0,723,293
1,724,293
1,725,293
1,726,293
1,727,293
1,728,293
1,729,293
1,730,293
1,731,293
1,732,293
1,733,293
1,734,293
1,735,293
1,736,293
1,737,293
1,738,293
1,739,293
1,740,293
1,741,293
1,742,293
1,743,293
1,648,294
1,649,294
1,650,294
1,651,294
1,652,294
1,653,294
1,654,294
1,655,294
1,656,294
1,657,294
1,658,294
1,659,294
1,660,294
1,661,294
1,662,294
1,663,294
1,664,294
1,665,294
1,666,294
1,667,294
1,668,294
1,669,294
1,670,294
1,671,294
1,672,294
1,673,294
1,674,294
1,675,294
1,676,294
1,677,294
1,678,294
1,679,294
1,680,294
1,681,294
1,682,294
1,683,294
1,684,294
1,685,294
1,686,294
1,687,294
1,688,294
1,689,294
1,690,294
1,691,294
1,692,294
1,693,294
1,694,294
1,695,294
1,696,294
1,697,294
1,698,294
1,699,294
1,700,294
1,701,294
1,702,294
1,703,294
1,704,294
1,705,294
1,706,294
1,707,294
1,708,294
1,709,294
1,710,294
1,711,294
1,712,294
1,713,294
1,714,294
1,715,294
1,716,294
1,717,294
1,718,294
1,719,294
1,720,294
1,721,294
1,722,294
1,723,294
1,724,294
1,725,294
1,726,294
1,727,294
1,728,294
1,729,294
1,730,294
1,731,294
1,732,294
1,733,294
1,734,294
1,735,294
1,736,294
1,737,294
1,738,294
1,739,294
1,740,294
1,741,294
1,742,294
1,743,294
0,648,295
0,649,295
0,650,295
0,651,295
0,652,295
0,653,295
0,654,295
0,655,295
0,656,295
0,657,295
0,658,295
0,659,295
0,660,295
0,661,295
0,662,295
0,663,295
0,664,295
0,665,295
0,666,295
0,667,295
0,668,295
0,669,295
0,670,295
0,671,295
0,672,295
0,673,295
0,674,295
0,675,295
0,676,295
0,677,295
0,678,295
0,679,295
0,680,295
0,681,295
0,682,295
0,683,295
0,684,295
0,685,295
0,686,295
0,687,295
0,688,295
0,689,295
0,690,295
0,691,295
0,692,295
0,693,295
0,694,295
0,695,295
0,696,295
0,697,295
0,698,295
0,699,295
0,700,295
0,701,295
0,702,295
0,703,295
0,704,295
0,705,295
0,706,295
0,707,295
0,708,295
0,709,295
0,710,295
0,711,295
0,712,295
0,713,295
0,714,295
0,715,295
0,716,295
0,717,295
0,718,295
0,719,295
0,720,295
0,721,295
0,722,295
0,723,295
0,724,295
0,725,295
0,726,295
0,727,295
1,728,295
1,729,295
1,730,295
1,731,295
1,732,295
1,733,295
1,734,295
1,735,295
1,736,295
1,737,295
1,738,295
1,739,295
1,740,295
1,741,295
1,742,295
1,743,295
0,648,296
0,649,296
0,650,296
0,651,296
0,652,296
0,653,296
0,654,296
0,655,296
0,656,296
0,657,296
0,658,296
0,659,296
0,660,296
0,661,296
0,662,296
0,663,296
0,664,296
0,665,296
0,666,296
0,667,296
0,668,296
0,669,296
0,670,296
0,671,296
0,672,296
0,673,296
0,674,296
0,675,296
0,676,296
0,677,296
0,678,296
0,679,296
0,680,296
0,681,296
0,682,296
0,683,296
0,684,296
0,685,296
0,686,296
0,687,296
0,688,296
0,689,296
0,690,296
0,691,296
0,692,296
0,693,296
0,694,296
0,695,296
0,696,296
0,697,296
0,698,296
0,699,296
0,700,296
0,701,296
1,702,296
1,703,296
1,704,296
1,705,296
1,706,296
1,707,296
1,708,296
1,709,296
1,710,296
1,711,296
1,712,296
1,713,296
1,714,296
1,715,296
1,716,296
1,717,296
1,718,296
1,719,296
1,720,296
1,721,296
1,722,296
1,723,296
1,724,296
1,725,296
1,726,296
1,727,296
1,728,296
1,729,296
1,730,296
1,731,296
1,732,296
1,733,296
1,734,296
1,735,296
1,736,296
1,737,296
1,738,296
1,739,296
1,740,296
1,741,296
1,742,296
1,743,296
0,648,297
0,649,297
0,650,297
0,651,297
0,652,297
0,653,297
0,654,297
0,655,297
0,656,297
0,657,297
0,658,297
0,659,297
0,660,297
0,661,297
0,662,297
0,663,297
0,664,297
0,665,297
0,666,297
0,667,297
0,668,297
0,669,297
0,670,297
0,671,297
0,672,297
0,673,297
0,674,297
0,675,297
0,676,297
0,677,297
0,678,297
0,679,297
0,680,297
0,681,297
0,682,297
0,683,297
0,684,297
0,685,297
0,686,297
1,687,297
1,688,297
1,689,297
1,690,297
1,691,297
1,692,297
1,693,297
1,694,297
1,695,297
1,696,297
1,697,297
1,698,297
1,699,297
1,700,297
1,701,297
1,702,297
1,703,297
1,704,297
1,705,297
1,706,297
1,707,297
1,708,297
1,709,297
1,710,297
1,711,297
1,712,297
1,713,297
1,714,297
1,715,297
1,716,297
1,717,297
1,718,297
1,719,297
1,720,297
1,721,297
1,722,297
1,723,297
1,724,297
1,725,297
1,726,297
1,727,297
1,728,297
1,729,297
1,730,297
1,731,297
1,732,297
1,733,297
1,734,297
1,735,297
1,736,297
1,737,297
1,738,297
1,739,297
1,740,297
1,741,297
1,742,297
1,743,297
0,648,298
0,649,298
0,650,298
0,651,298
0,652,298
0,653,298
0,654,298
0,655,298
0,656,298
0,657,298
0,658,298
0,659,298
0,660,298
0,661,298
0,662,298
0,663,298
0,664,298
0,665,298
0,666,298
0,667,298
0,668,298
0,669,298
0,670,298
0,671,298
0,672,298
0,673,298
0,674,298
0,675,298
0,676,298
0,677,298
0,678,298
0,679,298
0,680,298
0,681,298
0,682,298
0,683,298
0,684,298
0,685,298
0,686,298
0,687,298
0,688,298
0,689,298
0,690,298
0,691,298
0,692,298
0,693,298
0,694,298
0,695,298
0,696,298
0,697,298
0,698,298
0,699,298
0,700,298
0,701,298
0,702,298
0,703,298
0,704,298
0,705,298
0,706,298
0,707,298
0,708,298
0,709,298
0,710,298
0,711,298
0,712,298
0,713,298
0,714,298
0,715,298
0,716,298
0,717,298
0,718,298
0,719,298
0,720,298
0,721,298
0,722,298
0,723,298
0,724,298
0,725,298
0,726,298
0,727,298
0,728,298
0,729,298
0,730,298
0,731,298
0,732,298
0,733,298
0,734,298
0,735,298
1,736,298
1,737,298
1,738,298
1,739,298
1,740,298
1,741,298
1,742,298
1,743,298
0,648,299
0,649,299
0,650,299
0,651,299
0,652,299
0,653,299
0,654,299
0,655,299
0,656,299
0,657,299
0,658,299
0,659,299
0,660,299
0,661,299
0,662,299
0,663,299
0,664,299
0,665,299
0,666,299
0,667,299
0,668,299
0,669,299
0,670,299
0,671,299
0,672,299
0,673,299
0,674,299
0,675,299
0,676,299
0,677,299
0,678,299
0,679,299
0,680,299
0,681,299
0,682,299
0,683,299
0,684,299
0,685,299
0,686,299
0,687,299
0,688,299
0,689,299
0,690,299
0,691,299
0,692,299
0,693,299
0,694,299
0,695,299
0,696,299
0,697,299
0,698,299
0,699,299
0,700,299
0,701,299
0,702,299
0,703,299
0,704,299
0,705,299
0,706,299
0,707,299
0,708,299
0,709,299
0,710,299
0,711,299
0,712,299
0,713,299
0,714,299
0,715,299
0,716,299
0,717,299
0,718,299
0,719,299
0,720,299
0,721,299
0,722,299
0,723,299
0,724,299
0,725,299
1,726,299
1,727,299
1,728,299
1,729,299
1,730,299
1,731,299
1,732,299
1,733,299
1,734,299
1,735,299
1,736,299
1,737,299
1,738,299
1,739,299
1,740,299
1,741,299
1,742,299
1,743,299
0,648,300
0,649,300
0,650,300
0,651,300
0,652,300
0,653,300
0,654,300
0,655,300
0,656,300
0,657,300
0,658,300
0,659,300
0,660,300
0,661,300
0,662,300
0,663,300
0,664,300
0,665,300
0,666,300
0,667,300
0,668,300
0,669,300
0,670,300
0,671,300
0,672,300
0,673,300
0,674,300
0,675,300
0,676,300
0,677,300
0,678,300
0,679,300
0,680,300
0,681,300
0,682,300
0,683,300
0,684,300
0,685,300
0,686,300
0,687,300
1,688,300
1,689,300
1,690,300
1,691,300
1,692,300
1,693,300
1,694,300
1,695,300
1,696,300
1,697,300
1,698,300
1,699,300
1,700,300
1,701,300
1,702,300
1,703,300
1,704,300
1,705,300
1,706,300
1,707,300
1,708,300
1,709,300
1,710,300
1,711,300
1,712,300
1,713,300
1,714,300
1,715,300
1,716,300
1,717,300
1,718,300
1,719,300
1,720,300
1,721,300
1,722,300
1,723,300
1,724,300
1,725,300
1,726,300
1,727,300
1,728,300
1,729,300
1,730,300
1,731,300
1,732,300
1,733,300
1,734,300
1,735,300
1,736,300
1,737,300
1,738,300
1,739,300
1,740,300
1,741,300
1,742,300
1,743,300
0,648,301
0,649,301
1,650,301
1,651,301
1,652,301
1,653,301
1,654,301
1,655,301
1,656,301
1,657,301
1,658,301
1,659,301
1,660,301
1,661,301
1,662,301
1,663,301
1,664,301
1,665,301
1,666,301
1,667,301
1,668,301
1,669,301
1,670,301
1,671,301
1,672,301
1,673,301
1,674,301
1,675,301
1,676,301
1,677,301
1,678,301
1,679,301
1,680,301
1,681,301
1,682,301
1,683,301
1,684,301
1,685,301
1,686,301
1,687,301
1,688,301
1,689,301
1,690,301
1,691,301
1,692,301
1,693,301
1,694,301
1,695,301
1,696,301
1,697,301
1,698,301
1,699,301
1,700,301
1,701,301
1,702,301
1,703,301
1,704,301
1,705,301
1,706,301
1,707,301
1,708,301
1,709,301
1,710,301
1,711,301
1,712,301
1,713,301
1,714,301
1,715,301
1,716,301
1,717,301
1,718,301
1,719,301
1,720,301
1,721,301
1,722,301
1,723,301
1,724,301
1,725,301
1,726,301
1,727,301
1,728,301
1,729,301
1,730,301
1,731,301
1,732,301
1,733,301
1,734,301
1,735,301
1,736,301
1,737,301
1,738,301
1,739,301
1,740,301
1,741,301
1,742,301
1,743,301
1,648,302
1,649,302
1,650,302
1,651,302
1,652,302
1,653,302
1,654,302
1,655,302
1,656,302
1,657,302
1,658,302
1,659,302
1,660,302
1,661,302
1,662,302
1,663,302
1,664,302
1,665,302
1,666,302
1,667,302
1,668,302
1,669,302
1,670,302
1,671,302
1,672,302
1,673,302
1,674,302
1,675,302
1,676,302
1,677,302
1,678,302
1,679,302
1,680,302
1,681,302
1,682,302
1,683,302
1,684,302
1,685,302
1,686,302
1,687,302
1,688,302
1,689,302
1,690,302
1,691,302
1,692,302
1,693,302
1,694,302
1,695,302
1,696,302
1,697,302
1,698,302
1,699,302
1,700,302
1,701,302
1,702,302
1,703,302
1,704,302
1,705,302
1,706,302
1,707,302
1,708,302
1,709,302
1,710,302
1,711,302
1,712,302
1,713,302
1,714,302
1,715,302
1,716,302
1,717,302
1,718,302
1,719,302
1,720,302
1,721,302
1,722,302
1,723,302
1,724,302
1,725,302
1,726,302
1,727,302
1,728,302
1,729,302
1,730,302
1,731,302
1,732,302
1,733,302
1,734,302
1,735,302
1,736,302
1,737,302
1,738,302
1,739,302
1,740,302
1,741,302
1,742,302
1,743,302
0,648,303
0,649,303
0,650,303
0,651,303
0,652,303
0,653,303
0,654,303
0,655,303
0,656,303
0,657,303
0,658,303
0,659,303
0,660,303
0,661,303
0,662,303
0,663,303
0,664,303
0,665,303
0,666,303
0,667,303
0,668,303
0,669,303
0,670,303
0,671,303
0,672,303
1,673,303
1,674,303
1,675,303
1,676,303
1,677,303
1,678,303
1,679,303
1,680,303
1,681,303
1,682,303
1,683,303
1,684,303
1,685,303
1,686,303
1,687,303
1,688,303
1,689,303
1,690,303
1,691,303
1,692,303
1,693,303
1,694,303
1,695,303
1,696,303
1,697,303
1,698,303
1,699,303
1,700,303
1,701,303
1,702,303
1,703,303
1,704,303
1,705,303
1,706,303
1,707,303
1,708,303
1,709,303
1,710,303
1,711,303
1,712,303
1,713,303
1,714,303
1,715,303
1,716,303
1,717,303
1,718,303
1,719,303
1,720,303
1,721,303
1,722,303
1,723,303
1,724,303
1,725,303
1,726,303
1,727,303
1,728,303
1,729,303
1,730,303
1,731,303
1,732,303
1,733,303
1,734,303
1,735,303
1,736,303
1,737,303
1,738,303
1,739,303
1,740,303
1,741,303
1,742,303
1,743,303
0,648,304
0,649,304
0,650,304
0,651,304
0,652,304
0,653,304
0,654,304
0,655,304
0,656,304
0,657,304
0,658,304
0,659,304
0,660,304
0,661,304
0,662,304
0,663,304
0,664,304
0,665,304
0,666,304
0,667,304
0,668,304
0,669,304
0,670,304
0,671,304
0,672,304
0,673,304
0,674,304
0,675,304
0,676,304
0,677,304
0,678,304
0,679,304
0,680,304
0,681,304
0,682,304
0,683,304
0,684,304
0,685,304
0,686,304
0,687,304
0,688,304
0,689,304
0,690,304
0,691,304
0,692,304
0,693,304
0,694,304
0,695,304
0,696,304
0,697,304
0,698,304
0,699,304
0,700,304
0,701,304
0,702,304
0,703,304
0,704,304
0,705,304
0,706,304
0,707,304
0,708,304
0,709,304
0,710,304
0,711,304
0,712,304
0,713,304
0,714,304
0,715,304
0,716,304
0,717,304
0,718,304
0,719,304
0,720,304
0,721,304
0,722,304
0,723,304
0,724,304
0,725,304
0,726,304
0,727,304
0,728,304
1,729,304
1,730,304
1,731,304
1,732,304
1,733,304
1,734,304
1,735,304
1,736,304
1,737,304
1,738,304
1,739,304
1,740,304
1,741,304
1,742,304
1,743,304
0,648,305
0,649,305
0,650,305
0,651,305
0,652,305
0,653,305
0,654,305
0,655,305
0,656,305
0,657,305
0,658,305
0,659,305
0,660,305
0,661,305
0,662,305
0,663,305
0,664,305
0,665,305
0,666,305
0,667,305
0,668,305
0,669,305
0,670,305
0,671,305
0,672,305
0,673,305
0,674,305
0,675,305
0,676,305
0,677,305
1,678,305
1,679,305
1,680,305
1,681,305
1,682,305
1,683,305
1,684,305
1,685,305
1,686,305
1,687,305
1,688,305
1,689,305
1,690,305
1,691,305
1,692,305
1,693,305
1,694,305
1,695,305
1,696,305
1,697,305
1,698,305
1,699,305
1,700,305
1,701,305
1,702,305
1,703,305
1,704,305
1,705,305
1,706,305
1,707,305
1,708,305
1,709,305
1,710,305
1,711,305
1,712,305
1,713,305
1,714,305
1,715,305
1,716,305
1,717,305
1,718,305
1,719,305
1,720,305
1,721,305
1,722,305
1,723,305
1,724,305
1,725,305
1,726,305
1,727,305
1,728,305
1,729,305
1,730,305
1,731,305
1,732,305
1,733,305
1,734,305
1,735,305
1,736,305
1,737,305
1,738,305
1,739,305
1,740,305
1,741,305
1,742,305
1,743,305
0,648,306
0,649,306
0,650,306
0,651,306
0,652,306
0,653,306
0,654,306
0,655,306
0,656,306
0,657,306
0,658,306
0,659,306
0,660,306
0,661,306
0,662,306
0,663,306
0,664,306
0,665,306
0,666,306
0,667,306
0,668,306
0,669,306
0,670,306
0,671,306
0,672,306
0,673,306
0,674,306
0,675,306
0,676,306
0,677,306
0,678,306
0,679,306
0,680,306
0,681,306
0,682,306
0,683,306
0,684,306
0,685,306
0,686,306
0,687,306
0,688,306
0,689,306
0,690,306
0,691,306
0,692,306
0,693,306
0,694,306
0,695,306
0,696,306
0,697,306
0,698,306
0,699,306
0,700,306
0,701,306
0,702,306
0,703,306
0,704,306
0,705,306
0,706,306
0,707,306
0,708,306
0,709,306
0,710,306
0,711,306
0,712,306
0,713,306
0,714,306
0,715,306
1,716,306
1,717,306
1,718,306
1,719,306
1,720,306
1,721,306
1,722,306
1,723,306
1,724,306
1,725,306
1,726,306
1,727,306
1,728,306
1,729,306
1,730,306
1,731,306
1,732,306
1,733,306
1,734,306
1,735,306
1,736,306
1,737,306
1,738,306
1,739,306
1,740,306
1,741,306
1,742,306
1,743,306
0,648,307
0,649,307
0,650,307
0,651,307
0,652,307
0,653,307
0,654,307
0,655,307
0,656,307
0,657,307
0,658,307
0,659,307
0,660,307
0,661,307
0,662,307
0,663,307
0,664,307
0,665,307
0,666,307
0,667,307
0,668,307
0,669,307
0,670,307
0,671,307
0,672,307
1,673,307
1,674,307
1,675,307
1,676,307
1,677,307
1,678,307
1,679,307
1,680,307
1,681,307
1,682,307
1,683,307
1,684,307
1,685,307
1,686,307
1,687,307
1,688,307
1,689,307
1,690,307
1,691,307
1,692,307
1,693,307
1,694,307
1,695,307
1,696,307
1,697,307
1,698,307
1,699,307
1,700,307
1,701,307
1,702,307
1,703,307
1,704,307
1,705,307
1,706,307
1,707,307
1,708,307
1,709,307
1,710,307
1,711,307
1,712,307
1,713,307
1,714,307
1,715,307
1,716,307
1,717,307
1,718,307
1,719,307
1,720,307
1,721,307
1,722,307
1,723,307
1,724,307
1,725,307
1,726,307
1,727,307
1,728,307
1,729,307
1,730,307
1,731,307
1,732,307
1,733,307
1,734,307
1,735,307
1,736,307
1,737,307
1,738,307
1,739,307
1,740,307
1,741,307
1,742,307
1,743,307
0,648,308
0,649,308
0,650,308
0,651,308
0,652,308
0,653,308
0,654,308
0,655,308
0,656,308
0,657,308
0,658,308
0,659,308
0,660,308
0,661,308
0,662,308
0,663,308
0,664,308
0,665,308
0,666,308
0,667,308
0,668,308
0,669,308
0,670,308
0,671,308
0,672,308
0,673,308
0,674,308
0,675,308
0,676,308
0,677,308
0,678,308
0,679,308
0,680,308
0,681,308
0,682,308
0,683,308
0,684,308
0,685,308
0,686,308
0,687,308
0,688,308
0,689,308
0,690,308
0,691,308
0,692,308
0,693,308
0,694,308
0,695,308
0,696,308
0,697,308
1,698,308
1,699,308
1,700,308
1,701,308
1,702,308
1,703,308
1,704,308
1,705,308
1,706,308
1,707,308
1,708,308
1,709,308
1,710,308
1,711,308
1,712,308
1,713,308
1,714,308
1,715,308
1,716,308
1,717,308
1,718,308
1,719,308
1,720,308
1,721,308
1,722,308
1,723,308
1,724,308
1,725,308
1,726,308
1,727,308
1,728,308
1,729,308
1,730,308
1,731,308
1,732,308
1,733,308
1,734,308
1,735,308
1,736,308
1,737,308
1,738,308
1,739,308
1,740,308
1,741,308
1,742,308
1,743,308
0,648,309
0,649,309
0,650,309
0,651,309
0,652,309
0,653,309
0,654,309
0,655,309
0,656,309
0,657,309
0,658,309
0,659,309
0,660,309
0,661,309
0,662,309
0,663,309
0,664,309
0,665,309
0,666,309
0,667,309
0,668,309
0,669,309
0,670,309
0,671,309
0,672,309
0,673,309
0,674,309
0,675,309
0,676,309
0,677,309
0,678,309
0,679,309
0,680,309
0,681,309
0,682,309
0,683,309
0,684,309
0,685,309
0,686,309
0,687,309
0,688,309
0,689,309
0,690,309
0,691,309
0,692,309
0,693,309
0,694,309
0,695,309
0,696,309
0,697,309
0,698,309
0,699,309
0,700,309
0,701,309
0,702,309
0,703,309
0,704,309
1,705,309
1,706,309
1,707,309
1,708,309
1,709,309
1,710,309
1,711,309
1,712,309
1,713,309
1,714,309
1,715,309
1,716,309
1,717,309
1,718,309
1,719,309
1,720,309
1,721,309
1,722,309
1,723,309
1,724,309
1,725,309
1,726,309
1,727,309
1,728,309
1,729,309
1,730,309
1,731,309
1,732,309
1,733,309
1,734,309
1,735,309
1,736,309
1,737,309
1,738,309
1,739,309
1,740,309
1,741,309
1,742,309
1,743,309
0,648,310
0,649,310
0,650,310
0,651,310
0,652,310
0,653,310
0,654,310
0,655,310
0,656,310
0,657,310
0,658,310
0,659,310
0,660,310
0,661,310
0,662,310
0,663,310
0,664,310
0,665,310
0,666,310
0,667,310
0,668,310
0,669,310
0,670,310
0,671,310
0,672,310
0,673,310
0,674,310
0,675,310
0,676,310
0,677,310
0,678,310
0,679,310
0,680,310
0,681,310
0,682,310
0,683,310
0,684,310
0,685,310
0,686,310
0,687,310
0,688,310
0,689,310
0,690,310
0,691,310
0,692,310
0,693,310
0,694,310
0,695,310
0,696,310
0,697,310
0,698,310
0,699,310
0,700,310
0,701,310
0,702,310
0,703,310
0,704,310
0,705,310
0,706,310
0,707,310
0,708,310
0,709,310
0,710,310
0,711,310
0,712,310
0,713,310
0,714,310
0,715,310
0,716,310
0,717,310
0,718,310
0,719,310
0,720,310
0,721,310
0,722,310
0,723,310
0,724,310
0,725,310
0,726,310
0,727,310
0,728,310
0,729,310
0,730,310
0,731,310
0,732,310
0,733,310
0,734,310
0,735,310
0,736,310
0,737,310
0,738,310
0,739,310
0,740,310
0,741,310
0,742,310
0,743,310
0,648,311
0,649,311
0,650,311
0,651,311
0,652,311
0,653,311
0,654,311
0,655,311
0,656,311
0,657,311
0,658,311
0,659,311
0,660,311
0,661,311
0,662,311
0,663,311
0,664,311
0,665,311
0,666,311
0,667,311
0,668,311
0,669,311
0,670,311
0,671,311
0,672,311
0,673,311
0,674,311
0,675,311
0,676,311
0,677,311
0,678,311
0,679,311
0,680,311
0,681,311
0,682,311
0,683,311
0,684,311
0,685,311
0,686,311
0,687,311
0,688,311
0,689,311
0,690,311
0,691,311
0,692,311
0,693,311
0,694,311
0,695,311
0,696,311
0,697,311
0,698,311
0,699,311
0,700,311
0,701,311
0,702,311
0,703,311
0,704,311
0,705,311
0,706,311
0,707,311
0,708,311
0,709,311
0,710,311
0,711,311
0,712,311
0,713,311
0,714,311
0,715,311
0,716,311
0,717,311
0,718,311
0,719,311
0,720,311
0,721,311
0,722,311
0,723,311
0,724,311
0,725,311
0,726,311
0,727,311
0,728,311
0,729,311
0,730,311
0,731,311
0,732,311
1,733,311
1,734,311
1,735,311
1,736,311
1,737,311
1,738,311
1,739,311
1,740,311
1,741,311
1,742,311
1,743,311
0,648,312
0,649,312
0,650,312
0,651,312
0,652,312
0,653,312
0,654,312
0,655,312
0,656,312
0,657,312
0,658,312
0,659,312
0,660,312
0,661,312
0,662,312
0,663,312
0,664,312
0,665,312
0,666,312
0,667,312
0,668,312
0,669,312
0,670,312
0,671,312
0,672,312
0,673,312
0,674,312
0,675,312
0,676,312
0,677,312
0,678,312
0,679,312
0,680,312
0,681,312
0,682,312
0,683,312
0,684,312
0,685,312
0,686,312
0,687,312
0,688,312
0,689,312
0,690,312
0,691,312
0,692,312
0,693,312
0,694,312
0,695,312
0,696,312
0,697,312
0,698,312
0,699,312
0,700,312
0,701,312
0,702,312
0,703,312
0,704,312
0,705,312
0,706,312
0,707,312
0,708,312
0,709,312
0,710,312
0,711,312
0,712,312
0,713,312
0,714,312
0,715,312
0,716,312
0,717,312
0,718,312
0,719,312
0,720,312
0,721,312
0,722,312
0,723,312
0,724,312
0,725,312
0,726,312
0,727,312
0,728,312
0,729,312
0,730,312
0,731,312
0,732,312
0,733,312
0,734,312
0,735,312
0,736,312
0,737,312
0,738,312
0,739,312
0,740,312
0,741,312
0,742,312
0,743,312
0,648,313
0,649,313
0,650,313
0,651,313
0,652,313
0,653,313
0,654,313
0,655,313
0,656,313
0,657,313
0,658,313
0,659,313
0,660,313
0,661,313
0,662,313
0,663,313
0,664,313
0,665,313
0,666,313
0,667,313
0,668,313
0,669,313
0,670,313
0,671,313
0,672,313
0,673,313
0,674,313
0,675,313
0,676,313
0,677,313
0,678,313
0,679,313
0,680,313
0,681,313
0,682,313
0,683,313
0,684,313
0,685,313
0,686,313
0,687,313
0,688,313
0,689,313
0,690,313
0,691,313
0,692,313
0,693,313
0,694,313
0,695,313
0,696,313
0,697,313
0,698,313
0,699,313
0,700,313
0,701,313
0,702,313
0,703,313
0,704,313
0,705,313
0,706,313
0,707,313
0,708,313
0,709,313
0,710,313
0,711,313
0,712,313
0,713,313
0,714,313
0,715,313
0,716,313
0,717,313
0,718,313
0,719,313
0,720,313
0,721,313
0,722,313
0,723,313
0,724,313
0,725,313
0,726,313
0,727,313
0,728,313
0,729,313
0,730,313
0,731,313
0,732,313
0,733,313
0,734,313
0,735,313
0,736,313
0,737,313
0,738,313
0,739,313
0,740,313
0,741,313
0,742,313
0,743,313
0,648,314
0,649,314
0,650,314
0,651,314
0,652,314
0,653,314
0,654,314
0,655,314
0,656,314
0,657,314
0,658,314
0,659,314
0,660,314
0,661,314
0,662,314
0,663,314
0,664,314
0,665,314
0,666,314
0,667,314
0,668,314
0,669,314
0,670,314
0,671,314
0,672,314
0,673,314
0,674,314
0,675,314
0,676,314
0,677,314
0,678,314
0,679,314
0,680,314
0,681,314
0,682,314
0,683,314
0,684,314
0,685,314
0,686,314
0,687,314
0,688,314
0,689,314
0,690,314
0,691,314
0,692,314
0,693,314
0,694,314
0,695,314
0,696,314
0,697,314
0,698,314
0,699,314
0,700,314
0,701,314
0,702,314
0,703,314
0,704,314
0,705,314
0,706,314
0,707,314
0,708,314
0,709,314
0,710,314
0,711,314
0,712,314
0,713,314
0,714,314
0,715,314
0,716,314
0,717,314
0,718,314
0,719,314
0,720,314
0,721,314
0,722,314
0,723,314
0,724,314
0,725,314
0,726,314
0,727,314
0,728,314
0,729,314
0,730,314
0,731,314
0,732,314
0,733,314
0,734,314
0,735,314
1,736,314
1,737,314
1,738,314
1,739,314
1,740,314
1,741,314
1,742,314
1,743,314
0,648,315
0,649,315
0,650,315
0,651,315
0,652,315
0,653,315
0,654,315
0,655,315
0,656,315
0,657,315
0,658,315
0,659,315
0,660,315
0,661,315
0,662,315
0,663,315
0,664,315
0,665,315
0,666,315
0,667,315
0,668,315
0,669,315
0,670,315
0,671,315
0,672,315
0,673,315
0,674,315
0,675,315
0,676,315
0,677,315
0,678,315
0,679,315
0,680,315
0,681,315
0,682,315
0,683,315
0,684,315
0,685,315
0,686,315
0,687,315
0,688,315
0,689,315
0,690,315
0,691,315
0,692,315
0,693,315
0,694,315
0,695,315
0,696,315
0,697,315
0,698,315
0,699,315
0,700,315
0,701,315
0,702,315
0,703,315
0,704,315
0,705,315
0,706,315
0,707,315
0,708,315
0,709,315
0,710,315
0,711,315
0,712,315
1,713,315
1,714,315
1,715,315
1,716,315
1,717,315
1,718,315
1,719,315
1,720,315
1,721,315
1,722,315
1,723,315
1,724,315
1,725,315
1,726,315
1,727,315
1,728,315
1,729,315
1,730,315
1,731,315
1,732,315
1,733,315
1,734,315
1,735,315
1,736,315
1,737,315
1,738,315
1,739,315
1,740,315
1,741,315
1,742,315
1,743,315
0,648,316
0,649,316
0,650,316
0,651,316
0,652,316
0,653,316
0,654,316
0,655,316
0,656,316
0,657,316
0,658,316
0,659,316
0,660,316
0,661,316
0,662,316
0,663,316
0,664,316
0,665,316
0,666,316
0,667,316
0,668,316
0,669,316
0,670,316
0,671,316
0,672,316
0,673,316
0,674,316
0,675,316
0,676,316
0,677,316
0,678,316
0,679,316
0,680,316
0,681,316
0,682,316
0,683,316
0,684,316
0,685,316
0,686,316
0,687,316
0,688,316
0,689,316
0,690,316
0,691,316
0,692,316
0,693,316
0,694,316
0,695,316
0,696,316
0,697,316
0,698,316
0,699,316
0,700,316
0,701,316
0,702,316
0,703,316
0,704,316
0,705,316
0,706,316
0,707,316
0,708,316
0,709,316
0,710,316
0,711,316
0,712,316
0,713,316
0,714,316
0,715,316
0,716,316
0,717,316
0,718,316
0,719,316
0,720,316
0,721,316
0,722,316
0,723,316
0,724,316
0,725,316
1,726,316
1,727,316
1,728,316
1,729,316
1,730,316
1,731,316
1,732,316
1,733,316
1,734,316
1,735,316
1,736,316
1,737,316
1,738,316
1,739,316
1,740,316
1,741,316
1,742,316
1,743,316
0,648,317
0,649,317
1,650,317
1,651,317
1,652,317
1,653,317
1,654,317
1,655,317
1,656,317
1,657,317
1,658,317
1,659,317
1,660,317
1,661,317
1,662,317
1,663,317
1,664,317
1,665,317
1,666,317
1,667,317
1,668,317
1,669,317
1,670,317
1,671,317
1,672,317
1,673,317
1,674,317
1,675,317
1,676,317
1,677,317
1,678,317
1,679,317
1,680,317
1,681,317
1,682,317
1,683,317
1,684,317
1,685,317
1,686,317
1,687,317
1,688,317
1,689,317
1,690,317
1,691,317
1,692,317
1,693,317
1,694,317
1,695,317
1,696,317
1,697,317
1,698,317
1,699,317
1,700,317
1,701,317
1,702,317
1,703,317
1,704,317
1,705,317
1,706,317
1,707,317
1,708,317
1,709,317
1,710,317
1,711,317
1,712,317
1,713,317
1,714,317
1,715,317
1,716,317
1,717,317
1,718,317
1,719,317
1,720,317
1,721,317
1,722,317
1,723,317
1,724,317
1,725,317
1,726,317
1,727,317
1,728,317
1,729,317
1,730,317
1,731,317
1,732,317
1,733,317
1,734,317
1,735,317
1,736,317
1,737,317
1,738,317
1,739,317
1,740,317
1,741,317
1,742,317
1,743,317
0,648,318
0,649,318
0,650,318
0,651,318
0,652,318
0,653,318
0,654,318
0,655,318
0,656,318
0,657,318
0,658,318
0,659,318
0,660,318
0,661,318
0,662,318
0,663,318
0,664,318
0,665,318
0,666,318
0,667,318
0,668,318
0,669,318
0,670,318
0,671,318
0,672,318
0,673,318
0,674,318
0,675,318
0,676,318
0,677,318
0,678,318
0,679,318
0,680,318
0,681,318
0,682,318
0,683,318
0,684,318
0,685,318
0,686,318
0,687,318
0,688,318
0,689,318
0,690,318
0,691,318
0,692,318
0,693,318
0,694,318
0,695,318
0,696,318
0,697,318
0,698,318
0,699,318
0,700,318
0,701,318
0,702,318
1,703,318
1,704,318
1,705,318
1,706,318
1,707,318
1,708,318
1,709,318
1,710,318
1,711,318
1,712,318
1,713,318
1,714,318
1,715,318
1,716,318
1,717,318
1,718,318
1,719,318
1,720,318
1,721,318
1,722,318
1,723,318
1,724,318
1,725,318
1,726,318
1,727,318
1,728,318
1,729,318
1,730,318
1,731,318
1,732,318
1,733,318
1,734,318
1,735,318
1,736,318
1,737,318
1,738,318
1,739,318
1,740,318
1,741,318
1,742,318
1,743,318
0,648,319
0,649,319
0,650,319
0,651,319
0,652,319
0,653,319
0,654,319
0,655,319
0,656,319
0,657,319
0,658,319
0,659,319
0,660,319
0,661,319
0,662,319
0,663,319
0,664,319
0,665,319
0,666,319
0,667,319
0,668,319
0,669,319
0,670,319
0,671,319
0,672,319
0,673,319
0,674,319
0,675,319
0,676,319
0,677,319
0,678,319
0,679,319
0,680,319
0,681,319
0,682,319
0,683,319
0,684,319
0,685,319
0,686,319
0,687,319
0,688,319
0,689,319
0,690,319
0,691,319
0,692,319
0,693,319
0,694,319
0,695,319
0,696,319
0,697,319
0,698,319
0,699,319
0,700,319
0,701,319
0,702,319
0,703,319
1,704,319
1,705,319
1,706,319
1,707,319
1,708,319
1,709,319
1,710,319
1,711,319
1,712,319
1,713,319
1,714,319
1,715,319
1,716,319
1,717,319
1,718,319
1,719,319
1,720,319
1,721,319
1,722,319
1,723,319
1,724,319
1,725,319
1,726,319
1,727,319
1,728,319
1,729,319
1,730,319
1,731,319
1,732,319
1,733,319
1,734,319
1,735,319
1,736,319
1,737,319
1,738,319
1,739,319
1,740,319
1,741,319
1,742,319
1,743,319
0,648,320
0,649,320
0,650,320
0,651,320
0,652,320
0,653,320
0,654,320
0,655,320
0,656,320
0,657,320
0,658,320
0,659,320
0,660,320
0,661,320
0,662,320
0,663,320
0,664,320
0,665,320
0,666,320
0,667,320
0,668,320
0,669,320
0,670,320
0,671,320
0,672,320
0,673,320
0,674,320
0,675,320
0,676,320
0,677,320
0,678,320
0,679,320
0,680,320
0,681,320
0,682,320
0,683,320
0,684,320
0,685,320
0,686,320
0,687,320
0,688,320
0,689,320
0,690,320
0,691,320
0,692,320
0,693,320
0,694,320
0,695,320
0,696,320
0,697,320
0,698,320
1,699,320
1,700,320
1,701,320
1,702,320
1,703,320
1,704,320
1,705,320
1,706,320
1,707,320
1,708,320
1,709,320
1,710,320
1,711,320
1,712,320
1,713,320
1,714,320
1,715,320
1,716,320
1,717,320
1,718,320
1,719,320
1,720,320
1,721,320
1,722,320
1,723,320
1,724,320
1,725,320
1,726,320
1,727,320
1,728,320
1,729,320
1,730,320
1,731,320
1,732,320
1,733,320
1,734,320
1,735,320
1,736,320
1,737,320
1,738,320
1,739,320
1,740,320
1,741,320
1,742,320
1,743,320
1,648,321
1,649,321
1,650,321
1,651,321
1,652,321
1,653,321
1,654,321
1,655,321
1,656,321
1,657,321
1,658,321
1,659,321
1,660,321
1,661,321
1,662,321
1,663,321
1,664,321
1,665,321
1,666,321
1,667,321
1,668,321
1,669,321
1,670,321
1,671,321
1,672,321
1,673,321
1,674,321
1,675,321
1,676,321
1,677,321
1,678,321
1,679,321
1,680,321
1,681,321
1,682,321
1,683,321
1,684,321
1,685,321
1,686,321
1,687,321
1,688,321
1,689,321
1,690,321
1,691,321
1,692,321
1,693,321
1,694,321
1,695,321
1,696,321
1,697,321
1,698,321
1,699,321
1,700,321
1,701,321
1,702,321
1,703,321
1,704,321
1,705,321
1,706,321
1,707,321
1,708,321
1,709,321
1,710,321
1,711,321
1,712,321
1,713,321
1,714,321
1,715,321
1,716,321
1,717,321
1,718,321
1,719,321
1,720,321
1,721,321
1,722,321
1,723,321
1,724,321
1,725,321
1,726,321
1,727,321
1,728,321
1,729,321
1,730,321
1,731,321
1,732,321
1,733,321
1,734,321
1,735,321
1,736,321
1,737,321
1,738,321
1,739,321
1,740,321
1,741,321
1,742,321
1,743,321
0,648,322
0,649,322
0,650,322
0,651,322
0,652,322
0,653,322
0,654,322
0,655,322
0,656,322
0,657,322
0,658,322
0,659,322
0,660,322
0,661,322
0,662,322
0,663,322
0,664,322
0,665,322
0,666,322
0,667,322
0,668,322
0,669,322
0,670,322
0,671,322
0,672,322
0,673,322
0,674,322
0,675,322
0,676,322
0,677,322
0,678,322
0,679,322
0,680,322
0,681,322
0,682,322
0,683,322
0,684,322
0,685,322
0,686,322
0,687,322
0,688,322
0,689,322
0,690,322
0,691,322
0,692,322
0,693,322
0,694,322
0,695,322
0,696,322
0,697,322
0,698,322
0,699,322
0,700,322
0,701,322
0,702,322
0,703,322
0,704,322
0,705,322
0,706,322
0,707,322
0,708,322
0,709,322
0,710,322
0,711,322
0,712,322
0,713,322
0,714,322
0,715,322
0,716,322
0,717,322
0,718,322
0,719,322
0,720,322
0,721,322
0,722,322
0,723,322
0,724,322
0,725,322
0,726,322
0,727,322
0,728,322
0,729,322
0,730,322
0,731,322
0,732,322
0,733,322
0,734,322
0,735,322
0,736,322
0,737,322
0,738,322
0,739,322
0,740,322
0,741,322
0,742,322
0,743,322
0,648,323
0,649,323
0,650,323
0,651,323
0,652,323
0,653,323
0,654,323
0,655,323
0,656,323
0,657,323
0,658,323
0,659,323
0,660,323
0,661,323
0,662,323
0,663,323
0,664,323
0,665,323
0,666,323
0,667,323
0,668,323
0,669,323
0,670,323
0,671,323
0,672,323
0,673,323
0,674,323
0,675,323
0,676,323
0,677,323
0,678,323
0,679,323
0,680,323
0,681,323
0,682,323
0,683,323
0,684,323
0,685,323
0,686,323
0,687,323
0,688,323
0,689,323
0,690,323
0,691,323
0,692,323
0,693,323
0,694,323
0,695,323
0,696,323
1,697,323
1,698,323
1,699,323
1,700,323
1,701,323
1,702,323
1,703,323
1,704,323
1,705,323
1,706,323
1,707,323
1,708,323
1,709,323
1,710,323
1,711,323
1,712,323
1,713,323
1,714,323
1,715,323
1,716,323
1,717,323
1,718,323
1,719,323
1,720,323
1,721,323
1,722,323
1,723,323
1,724,323
1,725,323
1,726,323
1,727,323
1,728,323
1,729,323
1,730,323
1,731,323
1,732,323
1,733,323
1,734,323
1,735,323
1,736,323
1,737,323
1,738,323
1,739,323
1,740,323
1,741,323
1,742,323
1,743,323
0,648,324
0,649,324
0,650,324
0,651,324
0,652,324
0,653,324
0,654,324
0,655,324
0,656,324
0,657,324
0,658,324
0,659,324
0,660,324
0,661,324
0,662,324
0,663,324
0,664,324
0,665,324
0,666,324
0,667,324
0,668,324
0,669,324
0,670,324
0,671,324
0,672,324
0,673,324
0,674,324
0,675,324
0,676,324
0,677,324
0,678,324
0,679,324
0,680,324
0,681,324
0,682,324
0,683,324
0,684,324
0,685,324
0,686,324
0,687,324
0,688,324
0,689,324
0,690,324
0,691,324
0,692,324
0,693,324
0,694,324
0,695,324
0,696,324
0,697,324
0,698,324
0,699,324
0,700,324
0,701,324
0,702,324
0,703,324
0,704,324
0,705,324
0,706,324
0,707,324
0,708,324
0,709,324
0,710,324
0,711,324
0,712,324
0,713,324
0,714,324
0,715,324
0,716,324
0,717,324
0,718,324
0,719,324
0,720,324
0,721,324
0,722,324
0,723,324
0,724,324
0,725,324
0,726,324
0,727,324
0,728,324
0,729,324
0,730,324
0,731,324
0,732,324
0,733,324
0,734,324
0,735,324
0,736,324
0,737,324
0,738,324
0,739,324
0,740,324
0,741,324
0,742,324
0,743,324
0,648,325
0,649,325
0,650,325
0,651,325
0,652,325
0,653,325
0,654,325
0,655,325
0,656,325
0,657,325
0,658,325
0,659,325
0,660,325
0,661,325
0,662,325
0,663,325
0,664,325
0,665,325
0,666,325
0,667,325
0,668,325
0,669,325
0,670,325
0,671,325
0,672,325
0,673,325
0,674,325
0,675,325
0,676,325
0,677,325
0,678,325
0,679,325
0,680,325
1,681,325
1,682,325
1,683,325
1,684,325
1,685,325
1,686,325
1,687,325
1,688,325
1,689,325
1,690,325
1,691,325
1,692,325
1,693,325
1,694,325
1,695,325
1,696,325
1,697,325
1,698,325
1,699,325
1,700,325
1,701,325
1,702,325
1,703,325
1,704,325
1,705,325
1,706,325
1,707,325
1,708,325
1,709,325
1,710,325
1,711,325
1,712,325
1,713,325
1,714,325
1,715,325
1,716,325
1,717,325
1,718,325
1,719,325
1,720,325
1,721,325
1,722,325
1,723,325
1,724,325
1,725,325
1,726,325
1,727,325
1,728,325
1,729,325
1,730,325
1,731,325
1,732,325
1,733,325
1,734,325
1,735,325
1,736,325
1,737,325
1,738,325
1,739,325
1,740,325
1,741,325
1,742,325
1,743,325
0,648,326
0,649,326
0,650,326
0,651,326
0,652,326
0,653,326
0,654,326
0,655,326
0,656,326
0,657,326
0,658,326
0,659,326
0,660,326
0,661,326
0,662,326
0,663,326
0,664,326
0,665,326
0,666,326
0,667,326
0,668,326
0,669,326
0,670,326
0,671,326
0,672,326
0,673,326
0,674,326
0,675,326
0,676,326
0,677,326
0,678,326
0,679,326
0,680,326
0,681,326
0,682,326
0,683,326
0,684,326
0,685,326
0,686,326
0,687,326
0,688,326
0,689,326
1,690,326
1,691,326
1,692,326
1,693,326
1,694,326
1,695,326
1,696,326
1,697,326
1,698,326
1,699,326
1,700,326
1,701,326
1,702,326
1,703,326
1,704,326
1,705,326
1,706,326
1,707,326
1,708,326
1,709,326
1,710,326
1,711,326
1,712,326
1,713,326
1,714,326
1,715,326
1,716,326
1,717,326
1,718,326
1,719,326
1,720,326
1,721,326
1,722,326
1,723,326
1,724,326
1,725,326
1,726,326
1,727,326
1,728,326
1,729,326
1,730,326
1,731,326
1,732,326
1,733,326
1,734,326
1,735,326
1,736,326
1,737,326
1,738,326
1,739,326
1,740,326
1,741,326
1,742,326
1,743,326
0,648,327
0,649,327
0,650,327
0,651,327
0,652,327
0,653,327
0,654,327
0,655,327
0,656,327
0,657,327
0,658,327
0,659,327
0,660,327
0,661,327
0,662,327
0,663,327
0,664,327
0,665,327
0,666,327
0,667,327
0,668,327
0,669,327
0,670,327
0,671,327
0,672,327
0,673,327
0,674,327
0,675,327
0,676,327
0,677,327
0,678,327
0,679,327
0,680,327
0,681,327
0,682,327
0,683,327
0,684,327
0,685,327
0,686,327
0,687,327
0,688,327
0,689,327
0,690,327
0,691,327
0,692,327
0,693,327
0,694,327
0,695,327
0,696,327
0,697,327
0,698,327
0,699,327
0,700,327
0,701,327
0,702,327
0,703,327
0,704,327
0,705,327
0,706,327
0,707,327
0,708,327
0,709,327
0,710,327
0,711,327
0,712,327
0,713,327
0,714,327
0,715,327
0,716,327
0,717,327
0,718,327
0,719,327
0,720,327
0,721,327
0,722,327
0,723,327
0,724,327
0,725,327
0,726,327
0,727,327
0,728,327
0,729,327
0,730,327
0,731,327
0,732,327
0,733,327
0,734,327
0,735,327
0,736,327
0,737,327
0,738,327
0,739,327
0,740,327
0,741,327
0,742,327
0,743,327
0,648,328
0,649,328
0,650,328
0,651,328
0,652,328
0,653,328
0,654,328
0,655,328
0,656,328
0,657,328
0,658,328
0,659,328
0,660,328
0,661,328
0,662,328
0,663,328
0,664,328
0,665,328
0,666,328
0,667,328
0,668,328
0,669,328
0,670,328
0,671,328
0,672,328
0,673,328
0,674,328
0,675,328
0,676,328
0,677,328
0,678,328
0,679,328
0,680,328
0,681,328
0,682,328
0,683,328
0,684,328
0,685,328
0,686,328
0,687,328
0,688,328
0,689,328
0,690,328
0,691,328
0,692,328
0,693,328
0,694,328
0,695,328
0,696,328
0,697,328
0,698,328
0,699,328
0,700,328
0,701,328
1,702,328
1,703,328
1,704,328
1,705,328
1,706,328
1,707,328
1,708,328
1,709,328
1,710,328
1,711,328
1,712,328
1,713,328
1,714,328
1,715,328
1,716,328
1,717,328
1,718,328
1,719,328
1,720,328
1,721,328
1,722,328
1,723,328
1,724,328
1,725,328
1,726,328
1,727,328
1,728,328
1,729,328
1,730,328
1,731,328
1,732,328
1,733,328
1,734,328
1,735,328
1,736,328
1,737,328
1,738,328
1,739,328
1,740,328
1,741,328
1,742,328
1,743,328
0,648,329
0,649,329
0,650,329
0,651,329
0,652,329
0,653,329
0,654,329
0,655,329
0,656,329
0,657,329
0,658,329
0,659,329
0,660,329
0,661,329
0,662,329
0,663,329
0,664,329
0,665,329
0,666,329
0,667,329
0,668,329
0,669,329
0,670,329
0,671,329
0,672,329
0,673,329
0,674,329
0,675,329
0,676,329
0,677,329
0,678,329
0,679,329
0,680,329
0,681,329
0,682,329
0,683,329
0,684,329
0,685,329
0,686,329
0,687,329
0,688,329
0,689,329
0,690,329
0,691,329
0,692,329
0,693,329
0,694,329
1,695,329
1,696,329
1,697,329
1,698,329
1,699,329
1,700,329
1,701,329
1,702,329
1,703,329
1,704,329
1,705,329
1,706,329
1,707,329
1,708,329
1,709,329
1,710,329
1,711,329
1,712,329
1,713,329
1,714,329
1,715,329
1,716,329
1,717,329
1,718,329
1,719,329
1,720,329
1,721,329
1,722,329
1,723,329
1,724,329
1,725,329
1,726,329
1,727,329
1,728,329
1,729,329
1,730,329
1,731,329
1,732,329
1,733,329
1,734,329
1,735,329
1,736,329
1,737,329
1,738,329
1,739,329
1,740,329
1,741,329
1,742,329
1,743,329
0,648,330
0,649,330
0,650,330
0,651,330
0,652,330
0,653,330
0,654,330
0,655,330
0,656,330
0,657,330
0,658,330
0,659,330
0,660,330
0,661,330
0,662,330
0,663,330
0,664,330
0,665,330
0,666,330
0,667,330
0,668,330
0,669,330
0,670,330
0,671,330
0,672,330
0,673,330
0,674,330
0,675,330
0,676,330
0,677,330
0,678,330
0,679,330
0,680,330
0,681,330
0,682,330
0,683,330
0,684,330
0,685,330
0,686,330
0,687,330
0,688,330
0,689,330
0,690,330
0,691,330
0,692,330
0,693,330
0,694,330
0,695,330
0,696,330
0,697,330
0,698,330
0,699,330
0,700,330
0,701,330
0,702,330
0,703,330
0,704,330
0,705,330
0,706,330
0,707,330
0,708,330
0,709,330
0,710,330
0,711,330
0,712,330
0,713,330
0,714,330
0,715,330
0,716,330
0,717,330
0,718,330
0,719,330
0,720,330
0,721,330
0,722,330
0,723,330
0,724,330
0,725,330
0,726,330
0,727,330
0,728,330
0,729,330
0,730,330
0,731,330
0,732,330
0,733,330
0,734,330
0,735,330
0,736,330
0,737,330
0,738,330
0,739,330
0,740,330
0,741,330
0,742,330
0,743,330
0,648,331
0,649,331
0,650,331
0,651,331
0,652,331
0,653,331
0,654,331
0,655,331
0,656,331
0,657,331
0,658,331
0,659,331
0,660,331
0,661,331
0,662,331
0,663,331
0,664,331
0,665,331
0,666,331
0,667,331
0,668,331
0,669,331
0,670,331
0,671,331
0,672,331
0,673,331
0,674,331
0,675,331
0,676,331
0,677,331
0,678,331
0,679,331
0,680,331
0,681,331
0,682,331
0,683,331
0,684,331
0,685,331
0,686,331
0,687,331
0,688,331
0,689,331
0,690,331
0,691,331
0,692,331
0,693,331
0,694,331
0,695,331
0,696,331
0,697,331
1,698,331
1,699,331
1,700,331
1,701,331
1,702,331
1,703,331
1,704,331
1,705,331
1,706,331
1,707,331
1,708,331
1,709,331
1,710,331
1,711,331
1,712,331
1,713,331
1,714,331
1,715,331
1,716,331
1,717,331
1,718,331
1,719,331
1,720,331
1,721,331
1,722,331
1,723,331
1,724,331
1,725,331
1,726,331
1,727,331
1,728,331
1,729,331
1,730,331
1,731,331
1,732,331
1,733,331
1,734,331
1,735,331
1,736,331
1,737,331
1,738,331
1,739,331
1,740,331
1,741,331
1,742,331
1,743,331
1,648,332
1,649,332
1,650,332
1,651,332
1,652,332
1,653,332
1,654,332
1,655,332
1,656,332
1,657,332
1,658,332
1,659,332
1,660,332
1,661,332
1,662,332
1,663,332
1,664,332
1,665,332
1,666,332
1,667,332
1,668,332
1,669,332
1,670,332
1,671,332
1,672,332
1,673,332
1,674,332
1,675,332
1,676,332
1,677,332
1,678,332
1,679,332
1,680,332
1,681,332
1,682,332
1,683,332
1,684,332
1,685,332
1,686,332
1,687,332
1,688,332
1,689,332
1,690,332
1,691,332
1,692,332
1,693,332
1,694,332
1,695,332
1,696,332
1,697,332
1,698,332
1,699,332
1,700,332
1,701,332
1,702,332
1,703,332
1,704,332
1,705,332
1,706,332
1,707,332
1,708,332
1,709,332
1,710,332
1,711,332
1,712,332
1,713,332
1,714,332
1,715,332
1,716,332
1,717,332
1,718,332
1,719,332
1,720,332
1,721,332
1,722,332
1,723,332
1,724,332
1,725,332
1,726,332
1,727,332
1,728,332
1,729,332
1,730,332
1,731,332
1,732,332
1,733,332
1,734,332
1,735,332
1,736,332
1,737,332
1,738,332
1,739,332
1,740,332
1,741,332
1,742,332
1,743,332
0,648,333
0,649,333
0,650,333
0,651,333
0,652,333
0,653,333
0,654,333
0,655,333
0,656,333
0,657,333
0,658,333
0,659,333
0,660,333
0,661,333
0,662,333
0,663,333
0,664,333
0,665,333
0,666,333
0,667,333
0,668,333
0,669,333
0,670,333
0,671,333
0,672,333
0,673,333
0,674,333
0,675,333
0,676,333
0,677,333
0,678,333
0,679,333
0,680,333
0,681,333
0,682,333
0,683,333
0,684,333
0,685,333
0,686,333
0,687,333
0,688,333
0,689,333
0,690,333
1,691,333
1,692,333
1,693,333
1,694,333
1,695,333
1,696,333
1,697,333
1,698,333
1,699,333
1,700,333
1,701,333
1,702,333
1,703,333
1,704,333
1,705,333
1,706,333
1,707,333
1,708,333
1,709,333
1,710,333
1,711,333
1,712,333
1,713,333
1,714,333
1,715,333
1,716,333
1,717,333
1,718,333
1,719,333
1,720,333
1,721,333
1,722,333
1,723,333
1,724,333
1,725,333
1,726,333
1,727,333
1,728,333
1,729,333
1,730,333
1,731,333
1,732,333
1,733,333
1,734,333
1,735,333
1,736,333
1,737,333
1,738,333
1,739,333
1,740,333
1,741,333
1,742,333
1,743,333
0,648,334
0,649,334
0,650,334
0,651,334
0,652,334
0,653,334
0,654,334
0,655,334
0,656,334
0,657,334
0,658,334
0,659,334
0,660,334
0,661,334
0,662,334
0,663,334
0,664,334
0,665,334
0,666,334
0,667,334
0,668,334
0,669,334
0,670,334
0,671,334
0,672,334
0,673,334
0,674,334
0,675,334
0,676,334
0,677,334
0,678,334
0,679,334
0,680,334
0,681,334
0,682,334
0,683,334
0,684,334
0,685,334
0,686,334
0,687,334
0,688,334
0,689,334
0,690,334
0,691,334
0,692,334
0,693,334
0,694,334
0,695,334
0,696,334
0,697,334
0,698,334
0,699,334
0,700,334
0,701,334
0,702,334
0,703,334
0,704,334
0,705,334
0,706,334
0,707,334
0,708,334
0,709,334
0,710,334
0,711,334
0,712,334
0,713,334
0,714,334
0,715,334
0,716,334
0,717,334
0,718,334
0,719,334
0,720,334
0,721,334
0,722,334
0,723,334
0,724,334
0,725,334
0,726,334
0,727,334
0,728,334
0,729,334
0,730,334
0,731,334
0,732,334
0,733,334
0,734,334
0,735,334
0,736,334
0,737,334
0,738,334
1,739,334
1,740,334
1,741,334
1,742,334
1,743,334
0,648,335
0,649,335
0,650,335
0,651,335
0,652,335
0,653,335
0,654,335
0,655,335
0,656,335
0,657,335
0,658,335
0,659,335
0,660,335
0,661,335
0,662,335
0,663,335
0,664,335
0,665,335
0,666,335
0,667,335
0,668,335
0,669,335
0,670,335
0,671,335
0,672,335
0,673,335
0,674,335
0,675,335
0,676,335
0,677,335
0,678,335
0,679,335
0,680,335
0,681,335
0,682,335
0,683,335
0,684,335
0,685,335
0,686,335
0,687,335
0,688,335
0,689,335
0,690,335
0,691,335
0,692,335
0,693,335
0,694,335
0,695,335
0,696,335
0,697,335
0,698,335
1,699,335
1,700,335
1,701,335
1,702,335
1,703,335
1,704,335
1,705,335
1,706,335
1,707,335
1,708,335
1,709,335
1,710,335
1,711,335
1,712,335
1,713,335
1,714,335
1,715,335
1,716,335
1,717,335
1,718,335
1,719,335
1,720,335
1,721,335
1,722,335
1,723,335
1,724,335
1,725,335
1,726,335
1,727,335
1,728,335
1,729,335
1,730,335
1,731,335
1,732,335
1,733,335
1,734,335
1,735,335
1,736,335
1,737,335
1,738,335
1,739,335
1,740,335
1,741,335
1,742,335
1,743,335
